node,n_days,mean_premium,mean_congestion,mean_loss,mean_lmp,zone,zone_method
ABITIBISF-LT.AG_T1,32,-1.567334375,0.09946250000000001,-1.5878500000000002,45.42158489583333,,unassigned
ABKENORA-LT.AG,32,0.34426875000000007,0.25380312499999996,0.169365625,47.33318802083334,,unassigned
ABRASIVE-LT.T1_LF_DRA,32,-1.0795031249999998,-0.2586375,-0.742003125,45.909416145833326,,unassigned
ADAMSBLVD-LT.L1_LF,32,-0.7527843750000001,-0.5278125,-0.14591875,46.23613489583334,,unassigned
ADELAIDE-LT.AG_T1,32,-2.11168125,-0.528228125,-1.50461875,44.87723802083334,,unassigned
AGIMAKDS-LT.TT_LF,32,1.9397875000000002,0.8909124999999998,1.1277406250000002,48.92870677083332,NORTHWEST,capacity_auction_table
AGINCOURT-LT.LFBY,32,-0.172590625,0.0,-0.09389687499999999,46.81632864583332,TORONTO,capacity_auction_table
AGUASABON-LT.AG12,32,-2.2687843749999996,0.282353125,-2.4722375000000003,44.72013489583333,,unassigned
ALANBRG28KV-LT_H1,32,-1.46864375,-0.2586375,-1.131040625,45.52027552083333,,unassigned
ALBION-LT.LFBJQY,32,1.4153125,0.034374999999999996,1.459809375,48.40423177083333,OTTAWA,capacity_auction_table
ALCOCAN-LT.TT1_LF,32,0.53681875,0.002278125,0.6133875,47.52573802083333,,unassigned
ALEXANDER-LT.AG_T1,32,-5.350096875000001,-1.002590625,-4.268440624999999,41.63882239583333,NORTHWEST,capacity_auction_table
ALEXANDER-LT.AG_T2,32,-5.350096875000001,-1.002590625,-4.268440624999999,41.63882239583333,NORTHWEST,capacity_auction_table
ALEXANDER-LT.AG_T3,32,-5.349956250000001,-1.002590625,-4.2683125,41.63896302083333,NORTHWEST,capacity_auction_table
ALEXANDER-LT.AG_T4,32,-5.349956250000001,-1.002590625,-4.2683125,41.63896302083333,NORTHWEST,capacity_auction_table
ALGOMAEAF-LT.EAF1,32,-0.34461875,0.09950312500000003,-0.36532500000000007,46.644300520833326,NORTHEAST,capacity_auction_table
ALLANBURG-LT.DRCTENGY_DRA,32,-1.4746218750000002,-0.2586375,-1.13695,45.51429739583333,NIAGARA,capacity_auction_table
ALLANBURG-LT.ENERCORP_DRA,32,-1.4746218750000002,-0.2586375,-1.13695,45.51429739583333,NIAGARA,capacity_auction_table
ALLANBURG-LT.ENERNOC_DRA,32,-1.4746218750000002,-0.2586375,-1.13695,45.51429739583333,NIAGARA,capacity_auction_table
ALLANBURG-LT.ENPOWINC_DRA,32,-1.4746218750000002,-0.2586375,-1.13695,45.51429739583333,NIAGARA,capacity_auction_table
ALLANBURG-LT.NRGCS_DRA,32,-1.4746218750000002,-0.2586375,-1.13695,45.51429739583333,NIAGARA,capacity_auction_table
ALLANBURG-LT.NRSTORCI_DRA,32,-1.4746218750000002,-0.2586375,-1.13695,45.51429739583333,NIAGARA,capacity_auction_table
ALLANBURG-LT.RODANCI_DRA,32,-1.4746218750000002,-0.2586375,-1.13695,45.51429739583333,NIAGARA,capacity_auction_table
ALLANBURG-LT.VOLTUS_DRA,32,-1.4746218750000002,-0.2586375,-1.13695,45.51429739583333,NIAGARA,capacity_auction_table
ALLISTON-LT.LFT2,32,0.15314687500000002,0.09268125,0.13959375,47.14206614583333,ESSA,capacity_auction_table
ALMONTE-LT.LFJQ,32,1.399971875,-0.00074375,1.4796250000000002,48.38889114583333,EAST,capacity_auction_table
ALMONTEBESS1-LT.BATT_LF1,32,1.399971875,-0.00074375,1.4796250000000002,48.38889114583333,EAST,capacity_auction_table
ALMONTEBESS1-LT.BATT_TG1,32,1.399971875,-0.00074375,1.4796250000000002,48.38889114583333,EAST,capacity_auction_table
ALMONTEBESS2-LT.BATT_LF2,32,1.399971875,-0.00074375,1.4796250000000002,48.38889114583333,EAST,capacity_auction_table
ALMONTEBESS2-LT.BATT_TG2,32,1.399971875,-0.00074375,1.4796250000000002,48.38889114583333,EAST,capacity_auction_table
AMARANTH-LT.AG_T1,32,-0.9453125,-0.48610625,-0.38030625,46.04360677083333,,unassigned
AMARANTH-LT.AG_T2,32,-0.930059375,-0.486065625,-0.3651781250000001,46.058859895833336,,unassigned
AMARANTH-LT.FA11,32,-0.9453125,-0.48610625,-0.38030625,46.04360677083333,,unassigned
AMHERSTCGS-LT.AG_T1,32,-0.057671875000000004,0.002903125,0.018374999999999992,46.93124739583334,,unassigned
ANDREWS-LT.AG12,32,-0.9685562500000001,0.09947812500000001,-0.9891218749999999,46.02036302083334,NORTHEAST,capacity_auction_table
ANDREWS-LT.G3,32,-0.9685562500000001,0.09947812500000001,-0.9891218749999999,46.02036302083334,NORTHEAST,capacity_auction_table
APIROQFALLS-LT.AG4,32,-0.11079375000000001,0.09946250000000001,-0.13132812499999996,46.87812552083333,,unassigned
ARDOCH-LT.T1_LF,32,2.182878125,0.016328125,2.2454875,49.17179739583333,EAST,capacity_auction_table
ARLEN-LT.T1_LF,32,-0.11871562499999999,-0.5141125,0.47417187499999996,46.87020364583333,SOUTHWEST,capacity_auction_table
ARLENBESS-LT.BATT_LF1,32,-0.11871562499999999,-0.5141125,0.47417187499999996,46.87020364583333,SOUTHWEST,capacity_auction_table
ARLENBESS-LT.BATT_LF2,32,-0.11871562499999999,-0.5141125,0.47417187499999996,46.87020364583333,SOUTHWEST,capacity_auction_table
ARLENBESS-LT.BATT_TG1,32,-0.11871562499999999,-0.5141125,0.47417187499999996,46.87020364583333,SOUTHWEST,capacity_auction_table
ARLENBESS-LT.BATT_TG2,32,-0.11871562499999999,-0.5141125,0.47417187499999996,46.87020364583333,SOUTHWEST,capacity_auction_table
ARMITAGE-LT.LFE,32,1.41746875,0.12773437499999998,1.368771875,48.40638802083333,ESSA,capacity_auction_table
ARMOW-LT.AG_T1T2,32,-2.8086968750000003,-0.5212218750000001,-2.208659375,44.18022239583333,,unassigned
ARNPRIOR-LT.AG12,32,1.199065625,-0.0005875,1.278434375,48.18798489583333,EAST,capacity_auction_table
ARNPRIOR-LT.TT1_LF,32,1.7707406250000002,0.026496875,1.8231749999999998,48.75965989583333,EAST,capacity_auction_table
ASITUBE-LT.T1_LF,32,-0.16546875000000003,0.09950312500000003,-0.18616875,46.823450520833326,NORTHEAST,capacity_auction_table
ATIKOKAN-LT.G1,32,0.8303656249999999,0.6116906249999999,0.29763125,47.819284895833334,,unassigned
ATLANTIC-LT.LFBY,32,-0.08809687499999998,0.0,-0.00945625,46.90082239583334,,unassigned
ATLASTEEL-LT.T23,32,-1.4056687500000002,-0.2586375,-1.068209375,45.58325052083333,,unassigned
ATTAWAPISKAT-LT.T3_LF,32,0.015784375000000007,0.09946250000000001,-0.005003125000000015,47.00470364583334,NORTHEAST,capacity_auction_table
AUBREYFALLS-LT.G1,32,-0.3032375,0.09945,-0.323625,46.685681770833334,,unassigned
AUBREYFALLS-LT.G2,32,-0.27849687500000003,0.09945,-0.29900312500000004,46.71042239583334,,unassigned
AUXSAUBLE-LT.G1,32,0.410509375,0.09946250000000001,0.3899875,47.39942864583333,,unassigned
AYLMER-LT.TT_LF,32,-0.3155593749999999,-0.524190625,0.2872375,46.673359895833336,WEST,capacity_auction_table
BALMERCTS-115.T1_LFA,32,6.730474999999999,0.713228125,6.096071875,53.719394270833334,NORTHWEST,capacity_auction_table
BARRETT-LT.AG13,32,1.5380031250000001,0.020431249999999998,1.5965375000000002,48.52692239583334,,unassigned
BARRETT-LT.AG24,32,1.5380031250000001,0.020431249999999998,1.5965375000000002,48.52692239583334,,unassigned
BARRICK-LT.T1_LF,32,3.68788125,0.833565625,2.9330374999999997,50.67680052083333,,unassigned
BARRIE-LT.LFEQ12,32,0.14839375,0.10264374999999999,0.12471875,47.137313020833325,ESSA,capacity_auction_table
BARWICK-LT.LFBY,32,1.998240625,0.64858125,1.428503125,48.98715989583334,NORTHWEST,capacity_auction_table
BASIN-LT.TT1_LF,32,-0.21870000000000003,0.0,-0.13998125,46.77021927083333,TORONTO,capacity_auction_table
BASINRSVC1-LT.BATT_LF,32,-0.218621875,0.0,-0.139896875,46.77029739583333,TORONTO,capacity_auction_table
BASINRSVC1-LT.BATT_TG,32,-0.218621875,0.0,-0.139896875,46.77029739583333,TORONTO,capacity_auction_table
BASINRSVC2-LT.BATT_LF,32,-0.218621875,0.0,-0.139896875,46.77029739583333,TORONTO,capacity_auction_table
BASINRSVC2-LT.BATT_TG,32,-0.218621875,0.0,-0.139896875,46.77029739583333,TORONTO,capacity_auction_table
BATCHAWANA-LT.T1_LF,32,0.08384062500000004,0.09950312500000003,0.06335625,47.072759895833336,NORTHEAST,capacity_auction_table
BATHURST-LT.LFBJQY,32,-0.04280937499999999,0.0,0.035990625000000005,46.94610989583333,TORONTO,capacity_auction_table
BATLEMTNGOLD-LT.T1_LF,32,3.6872562499999995,0.833565625,2.9323937499999997,50.67617552083333,,unassigned
BATTERSEA-LT.TT12_LF,32,0.60441875,0.002278125,0.681009375,47.593338020833336,EAST,capacity_auction_table
BAYER-LT.LFBY,32,-1.9691031250000002,-0.525703125,-1.3646406249999998,45.01981614583334,,unassigned
BEAMSVLE-LT_PENWEST,32,-0.7818187499999999,-0.2586375,-0.4443249999999999,46.207100520833336,,unassigned
BEARDMORE-LT.T12,32,-3.511146875,-0.45031250000000006,-2.9819562499999996,43.477772395833334,,unassigned
BEAVERTON-LT.LFJQ,32,1.303790625,0.122425,1.260421875,48.29270989583333,ESSA,capacity_auction_table
BECK1-LT.G1,32,-2.020940625,-0.25695625,-1.6851343749999999,44.96797864583334,NIAGARA,capacity_auction_table
BECK1-LT.G10,32,-2.0171218749999995,-0.2586375,-1.679625,44.971797395833335,NIAGARA,capacity_auction_table
BECK1-LT.G2,32,-2.020940625,-0.25695625,-1.6851343749999999,44.96797864583334,NIAGARA,capacity_auction_table
BECK1-LT.G3,32,-2.0304187500000004,-0.2586375,-1.6929187499999998,44.95850052083333,NIAGARA,capacity_auction_table
BECK1-LT.G4,32,-2.0304187500000004,-0.2586375,-1.6929187499999998,44.95850052083333,NIAGARA,capacity_auction_table
BECK1-LT.G5,32,-2.0304187500000004,-0.2586375,-1.6929187499999998,44.95850052083333,NIAGARA,capacity_auction_table
BECK1-LT.G6,32,-2.0304187500000004,-0.2586375,-1.6929187499999998,44.95850052083333,NIAGARA,capacity_auction_table
BECK1-LT.G7,32,-2.0304187500000004,-0.2586375,-1.6929187499999998,44.95850052083333,NIAGARA,capacity_auction_table
BECK1-LT.G8,32,-2.0304187500000004,-0.2586375,-1.6929187499999998,44.95850052083333,NIAGARA,capacity_auction_table
BECK1-LT.G9,32,-2.028603125,-0.258834375,-1.6907843749999998,44.96031614583333,NIAGARA,capacity_auction_table
BECK2-LT.AG1112,32,-1.5589031249999998,-0.258778125,-1.221015625,45.43001614583333,NIAGARA,capacity_auction_table
BECK2-LT.AG1314,32,-1.5599062499999998,-0.258778125,-1.22203125,45.42901302083333,NIAGARA,capacity_auction_table
BECK2-LT.AG1516,32,-1.5599062499999998,-0.258778125,-1.22203125,45.42901302083333,NIAGARA,capacity_auction_table
BECK2-LT.AG1718,32,-1.5622749999999996,-0.258778125,-1.22435,45.42664427083333,NIAGARA,capacity_auction_table
BECK2-LT.AG1920,32,-1.5393249999999998,-0.258778125,-1.2016,45.44959427083333,NIAGARA,capacity_auction_table
BECK2-LT.AG2122,32,-1.5749656250000001,-0.258778125,-1.23715,45.41395364583334,NIAGARA,capacity_auction_table
BECK2-LT.AG2324,32,-1.6280906249999998,-0.258778125,-1.290275,45.36082864583333,NIAGARA,capacity_auction_table
BECK2-LT.AG2526,32,-1.627375,-0.258778125,-1.2895562499999997,45.36154427083333,NIAGARA,capacity_auction_table
BECK2PGS-LT.APG123,32,-1.560490625,-0.258778125,-1.222659375,45.42842864583333,NIAGARA,capacity_auction_table
BECK2PGS-LT.APG123_LF,32,-1.560490625,-0.258778125,-1.222659375,45.42842864583333,NIAGARA,capacity_auction_table
BECK2PGS-LT.APG456,32,-1.5599,-0.258778125,-1.22210625,45.42901927083333,NIAGARA,capacity_auction_table
BECK2PGS-LT.APG456_LF,32,-1.5599,-0.258778125,-1.22210625,45.42901927083333,NIAGARA,capacity_auction_table
BELLCREEK-LT.TT_LF,32,0.6212624999999999,0.09949062500000001,0.600784375,47.61018177083333,NORTHEAST,capacity_auction_table
BELLCREEK-LT.TT_LF_DRA,32,0.6212624999999999,0.09949062500000001,0.600784375,47.61018177083333,NORTHEAST,capacity_auction_table
BELLERIVERTS-LT.LFBQ,32,-0.27492500000000003,-0.52583125,0.3297062499999999,46.71399427083333,WEST,capacity_auction_table
BELLERVRWF-LT.AG_T1,32,-0.960603125,-0.52583125,-0.355884375,46.02831614583332,,unassigned
BELLEVLE-LT.LFBY,32,0.5925250000000001,0.00039062499999999997,0.670990625,47.58144427083332,,unassigned
BERMONDSEY-LT.LFBJQY,32,-0.152253125,0.0,-0.073165625,46.836666145833334,TORONTO,capacity_auction_table
BILBERYCREEK-LT.T12,32,1.77943125,0.034090625,1.824190625,48.76835052083333,,unassigned
BIRCH-LT.T2_LF,32,-1.06894375,-0.45031250000000006,-0.5394781249999999,45.91997552083333,NORTHWEST,capacity_auction_table
BIRCHMNT-LT.G1,32,-0.234478125,0.0,-0.15540625,46.75444114583333,NORTHWEST,capacity_auction_table
BIRMINGHAM-LT.ALIQ_LF1,32,-0.49634062500000004,-0.528775,0.111303125,46.49257864583333,SOUTHWEST,capacity_auction_table
BIRMINGHAM-LT.ALIQ_LF2,32,-0.497121875,-0.528775,0.11051562499999996,46.49179739583334,SOUTHWEST,capacity_auction_table
BIRMINGHAM-LT.LFBDKY1234,32,-0.497865625,-0.528775,0.109725,46.491053645833325,SOUTHWEST,capacity_auction_table
BLAKEWF-LT.AG_T1,32,-1.6081187499999998,-0.516534375,-1.01278125,45.38080052083334,,unassigned
BLOOMSBURG-LT_LF,32,-0.11289062499999998,-0.5284875000000001,0.49444687499999995,46.87602864583334,SOUTHWEST,capacity_auction_table
BORNISH-LT.AG_T1,32,-2.11168125,-0.528228125,-1.50461875,44.87723802083334,,unassigned
BOWLAKEWF-LT.AG_1,32,-0.9753625,0.09947812500000001,-0.9959187500000001,46.01355677083333,,unassigned
BOWLAKEWF-LT.AG_2,32,-0.97703125,0.09947812500000001,-0.997634375,46.01188802083334,,unassigned
BOWLAKEWF-LT.AG_3,32,-0.9753625,0.09947812500000001,-0.9959187500000001,46.01355677083333,,unassigned
BRAMALEA-LT.LFBY,32,-0.128765625,0.0,-0.049934374999999996,46.86015364583333,TORONTO,capacity_auction_table
BRAMALEA-LT.LFEZ,32,-0.128846875,0.0,-0.049996874999999996,46.860072395833335,TORONTO,capacity_auction_table
BRAMALEA-LT.LFJQ,32,-0.128725,0.0,-0.049896875,46.860194270833325,TORONTO,capacity_auction_table
BRANT-LT.TT13_LF,32,0.571934375,-0.5265875000000001,1.177203125,47.56085364583333,SOUTHWEST,capacity_auction_table
BRANTFORD-LT.LFYZ,32,-0.7527593750000001,-0.5278125,-0.145865625,46.23615989583333,SOUTHWEST,capacity_auction_table
BRIDGMAN-LT.LFJ,32,-0.06066250000000001,0.0,0.018328125,46.92825677083332,TORONTO,capacity_auction_table
BRIDLEWOOD-LT.TT_LF,32,1.90505,0.031521875,1.952434375,48.89396927083334,OTTAWA,capacity_auction_table
BRIGHTONCGS-LT.AG1-1B,32,-0.8372375,-0.52583125,-0.23268125000000003,46.15168177083333,,unassigned
BRIGHTONCGS-LT.G1A,32,-0.7753437500000001,-0.52583125,-0.17054375,46.21357552083333,,unassigned
BROCKVLE-LT.LFBQ,32,-0.186746875,0.00016874999999999998,-0.10788125,46.80217239583333,,unassigned
BRONTE-LT.T7_LF,32,-0.15070000000000003,-0.5270812500000001,0.45498125000000006,46.83821927083333,SOUTHWEST,capacity_auction_table
BROWNHILL-LT.LFB,32,1.348078125,0.125496875,1.3011875,48.33699739583333,ESSA,capacity_auction_table
BRUCE-LT.ENERCORP_DRA,32,-2.9253062499999998,-0.52201875,-2.324421875,44.06361302083334,,unassigned
BRUCE-LT.G1,32,-2.9253062499999998,-0.52201875,-2.324421875,44.06361302083334,,unassigned
BRUCE-LT.G2,32,-2.9253062499999998,-0.52201875,-2.324421875,44.06361302083334,,unassigned
BRUCE-LT.G3,32,-2.69270625,-0.5289562499999999,-2.085009375,44.29621302083334,,unassigned
BRUCE-LT.G4,32,-2.847634375,-0.524346875,-2.24463125,44.14128489583334,,unassigned
BRUCE-LT.SG1,32,-2.9253062499999998,-0.52201875,-2.324421875,44.06361302083334,,unassigned
BRUCE-LT.SG2,32,-2.9253062499999998,-0.52201875,-2.324421875,44.06361302083334,,unassigned
BRUCE-LT.SG3,32,-2.9253062499999998,-0.52201875,-2.324421875,44.06361302083334,,unassigned
BRUCE-LT.SG4,32,-2.9253062499999998,-0.52201875,-2.324421875,44.06361302083334,,unassigned
BRUCE-LT.VOLTUS_DRA,32,-2.9253062499999998,-0.52201875,-2.324421875,44.06361302083334,,unassigned
BRUCEB-LT.G5,32,-2.723771875,-0.5291656250000001,-2.115725,44.26514739583333,BRUCE,capacity_auction_table
BRUCEB-LT.G6,32,-2.723771875,-0.5291656250000001,-2.115725,44.26514739583333,BRUCE,capacity_auction_table
BRUCEB-LT.G7,32,-2.723771875,-0.5291656250000001,-2.115725,44.26514739583333,BRUCE,capacity_auction_table
BRUCEB-LT.G8,32,-2.723771875,-0.5291656250000001,-2.115725,44.26514739583333,BRUCE,capacity_auction_table
BRUCEB-LT.SG5,32,-2.7229781249999996,-0.5291656250000001,-2.11494375,44.26594114583333,BRUCE,capacity_auction_table
BRUCEB-LT.SG6,32,-2.723771875,-0.5291656250000001,-2.115725,44.26514739583333,BRUCE,capacity_auction_table
BRUCEB-LT.SG7,32,-2.7229781249999996,-0.5291656250000001,-2.11494375,44.26594114583333,BRUCE,capacity_auction_table
BRUCEB-LT.SG8,32,-2.723771875,-0.5291656250000001,-2.115725,44.26514739583333,BRUCE,capacity_auction_table
BRUCEHWB-LT.T7_LF,32,-2.92490625,-0.52201875,-2.324003125,44.06401302083333,,unassigned
BRUCE_GEN:PZ,32,-2.748953125,-0.5270437499999999,-2.14294375,44.239966145833336,,unassigned
BRUCE_SOUTHWEST_LOAD:PZ,32,-0.56788125,-0.52071875,0.03191249999999999,46.42103802083333,,unassigned
BUCHANAN-230:LMP,32,-1.012,-0.524190625,-0.408890625,45.97691927083334,WEST,capacity_auction_table
BUCHANANDESN-LT.LFBY,32,-1.011959375,-0.52423125,-0.408840625,45.97695989583334,WEST,capacity_auction_table
BUNTING-LT.T3_LF,32,-1.7439406249999998,-0.2586375,-1.4060312499999998,45.24497864583333,NIAGARA,capacity_auction_table
BURLEIGH-LT.T1_LF,32,1.19615,0.64858125,0.62641875,48.18506927083334,NORTHWEST,capacity_auction_table
BURLNGTNDESN-LT.LFBJQY,32,-0.627584375,-0.529359375,-0.019190625,46.36133489583333,,unassigned
BUROAK-LT.G3,32,-0.2515875,0.0,-0.1726,46.73733177083333,,unassigned
BUTTONVLE-LT.LFQZ,32,-0.20923750000000005,0.0,-0.130378125,46.77968177083333,,unassigned
CALEDONIA-LT_HALD,32,-0.8501906250000001,-0.5284625,-0.24278125000000003,46.13872864583334,SOUTHWEST,capacity_auction_table
CALMLAKE-LT.G1,32,0.18734374999999992,0.42859062499999995,-0.162115625,47.176263020833325,,unassigned
CALSTOCKDS-LT.T1A_LF,32,-2.874759375,-2.0668875,-0.72916875,44.114159895833325,NORTHEAST,capacity_auction_table
CALSTOCKGS-LT.G1,32,-3.37343125,-2.0540375,-1.2404593750000001,43.61548802083333,NORTHEAST,capacity_auction_table
CAMBRIAN-LT.TOTAL_LOAD,32,1.713275,0.010506250000000002,1.781565625,48.70219427083333,EAST,capacity_auction_table
CAMBRIDGE1-LT.LFJZ,32,-0.312525,-0.521715625,0.288075,46.67639427083333,,unassigned
CAMERONFALLS-LT.AG17,32,-5.372434375,-1.002590625,-4.29114375,41.61648489583333,,unassigned
CAMERONFALLS-LT.AG234,32,-5.401896874999999,-1.002590625,-4.3205375,41.58702239583334,,unassigned
CAMERONFALLS-LT.AG56,32,-5.3924593750000005,-1.002590625,-4.311109375,41.596459895833334,,unassigned
CAMPBELL-LT.G_EASTVIEW,32,-0.22834062499999996,-0.504021875,0.35473125,46.760578645833334,SOUTHWEST,capacity_auction_table
CAMPBELL-LT.LFBEJQYZ,32,-0.21644062499999997,-0.504021875,0.36668437499999995,46.77247864583333,SOUTHWEST,capacity_auction_table
CANYON-LT.AG145_A,32,-3.1007687500000003,-2.331290625,-0.6906625000000001,43.888150520833335,,unassigned
CANYON-LT.G2_A,32,-2.426553125,0.09946250000000001,-2.4473968750000004,44.56236614583333,,unassigned
CANYON-LT.G3_A,32,-2.426553125,0.09946250000000001,-2.4473968750000004,44.56236614583333,,unassigned
CARDIFF-LT.LFBQ,32,-0.117471875,0.0,-0.038484375,46.871447395833336,TORONTO,capacity_auction_table
CARDINAL-115.T3_LF,32,-0.50958125,0.0,-0.43075,46.47933802083333,,unassigned
CARDINAL-LT.AG12,32,-0.50958125,0.0,-0.43075,46.47933802083333,,unassigned
CARIBOUFALLS-LT.AG123,32,-3.1388281250000003,-1.800246875,-1.259925,43.850091145833325,,unassigned
CARLAW-LT.T1_LF,32,-0.164003125,0.0,-0.08518437499999999,46.824916145833335,TORONTO,capacity_auction_table
CARLING-LT.TT15_LF,32,1.7006781249999998,0.033412500000000005,1.7461062499999997,48.689597395833324,OTTAWA,capacity_auction_table
CARLTON-LT.T1_LF,32,-1.708709375,-0.2586375,-1.3712625,45.28020989583333,NIAGARA,capacity_auction_table
CARMEUSELIME-LT.T1_LF,32,0.191690625,0.09946250000000001,0.171359375,47.180609895833335,,unassigned
CARMICHAEL-LT.G1,32,-4.1672031249999995,-1.8614093749999998,-2.227096875,42.82171614583334,,unassigned
CARMICHAEL-LT.G2,32,-4.1672031249999995,-1.8614093749999998,-2.227096875,42.82171614583334,,unassigned
CARTERCGS-LT.AG12,32,-0.3155593749999999,-0.524190625,0.2872375,46.673359895833336,,unassigned
CATLAKE-LT.T1_LF,32,4.1754875,0.8909124999999998,3.363615625,51.16440677083333,,unassigned
CAVANAGH-LT.LFJQ,32,-0.116928125,0.0,-0.0380125,46.87199114583333,TORONTO,capacity_auction_table
CECIL-LT.TT1_LF,32,-0.05169375000000002,0.0,0.027168750000000002,46.93722552083333,TORONTO,capacity_auction_table
CEDAR-LT.TT1_LF,32,-0.18842187500000004,-0.5116406250000001,0.40216250000000003,46.80049739583333,SOUTHWEST,capacity_auction_table
CEDARPOINT-LT.AG_T1,32,-2.11168125,-0.528228125,-1.50461875,44.87723802083334,SOUTHWEST,capacity_auction_table
CENTRALIA-LT.TT_LF,32,-0.48055624999999996,-0.516534375,0.11489062499999998,46.508363020833336,SOUTHWEST,capacity_auction_table
CENTREPOINT-LT.T12,32,1.785271875,0.032890625,1.83105,48.774191145833335,OTTAWA,capacity_auction_table
CHALKRIVER-LT.T1234,32,0.7875,0.115209375,0.75145625,47.77641927083332,ESSA,capacity_auction_table
CHAPLEAU-LT.T2_LF,32,1.80809375,0.09946250000000001,1.787646875,48.79701302083333,NORTHEAST,capacity_auction_table
CHAPLEAU-LT.TT_LF,32,1.80809375,0.09946250000000001,1.787646875,48.79701302083333,NORTHEAST,capacity_auction_table
CHARLES-LT.TT_LF,32,-0.04734687500000001,0.0,0.03158125,46.941572395833326,TORONTO,capacity_auction_table
CHATHAM-LT.AESLNR1_DRA,32,-1.2968437499999999,-0.52581875,-0.6919093749999999,45.69207552083333,WEST,capacity_auction_table
CHATHAM-LT.DRCTENGY_DRA,32,-1.2968437499999999,-0.52581875,-0.6919093749999999,45.69207552083333,WEST,capacity_auction_table
CHATHAM-LT.EDGECOM_DRA,32,-1.2968437499999999,-0.52581875,-0.6919093749999999,45.69207552083333,WEST,capacity_auction_table
CHATHAM-LT.EEC_DRA,32,-1.2968437499999999,-0.52581875,-0.6919093749999999,45.69207552083333,WEST,capacity_auction_table
CHATHAM-LT.ENERCORP_DRA,32,-1.2968437499999999,-0.52581875,-0.6919093749999999,45.69207552083333,WEST,capacity_auction_table
CHATHAM-LT.ENERNOC_DRA,32,-1.2968437499999999,-0.52581875,-0.6919093749999999,45.69207552083333,WEST,capacity_auction_table
CHATHAM-LT.ENPOWINC_DRA,32,-1.2968437499999999,-0.52581875,-0.6919093749999999,45.69207552083333,WEST,capacity_auction_table
CHATHAM-LT.GCPROJECT_DRA,32,-1.2968437499999999,-0.52581875,-0.6919093749999999,45.69207552083333,WEST,capacity_auction_table
CHATHAM-LT.LINDE_DRA,32,-1.2968437499999999,-0.52581875,-0.6919093749999999,45.69207552083333,WEST,capacity_auction_table
CHATHAM-LT.NRGCS_DRA,32,-1.2968437499999999,-0.52581875,-0.6919093749999999,45.69207552083333,WEST,capacity_auction_table
CHATHAM-LT.NRSTORCI_DRA,32,-1.2968437499999999,-0.52581875,-0.6919093749999999,45.69207552083333,WEST,capacity_auction_table
CHATHAM-LT.RODANBTM_DRA,32,-1.2968437499999999,-0.52581875,-0.6919093749999999,45.69207552083333,WEST,capacity_auction_table
CHATHAM-LT.RODANCI_DRA,32,-1.2968437499999999,-0.52581875,-0.6919093749999999,45.69207552083333,WEST,capacity_auction_table
CHATHAM-LT.VINEFR_DRA,32,-1.2968437499999999,-0.52581875,-0.6919093749999999,45.69207552083333,WEST,capacity_auction_table
CHATHAM-LT.VOLTUS_DRA,32,-1.2968437499999999,-0.52581875,-0.6919093749999999,45.69207552083333,WEST,capacity_auction_table
CHATSFALLS-LT.AG_115,32,1.6521718749999998,0.027578125,1.703259375,48.641091145833336,EAST,capacity_auction_table
CHATSFALLS-LT.AG_230,32,1.4474406249999998,0.013449999999999998,1.512865625,48.436359895833334,EAST,capacity_auction_table
CHATSFALLS-LT.AG_Q4C,32,1.2428062500000001,-0.0006875000000000001,1.322565625,48.23172552083334,EAST,capacity_auction_table
CHENAUX-LT.AG1234,32,0.8161625,0.00103125,0.8939499999999999,47.80508177083333,EAST,capacity_auction_table
CHENAUX-LT.AG5678,32,0.8161625,0.00103125,0.8939499999999999,47.80508177083333,EAST,capacity_auction_table
CHERRYWOOD-500:LMP,32,-0.30588750000000003,0.0,-0.22710624999999998,46.68303177083333,TORONTO,capacity_auction_table
CHERRYWOOD-LT.ALECTRA_DRA,32,-0.295828125,0.0,-0.21695624999999996,46.693091145833336,TORONTO,capacity_auction_table
CHERRYWOOD-LT.ASHGROVE_DRA,32,-0.295828125,0.0,-0.21695624999999996,46.693091145833336,TORONTO,capacity_auction_table
CHERRYWOOD-LT.DEMAND_DRA,32,-0.295828125,0.0,-0.21695624999999996,46.693091145833336,TORONTO,capacity_auction_table
CHERRYWOOD-LT.DRCTENGY_DRA,32,-0.295828125,0.0,-0.21695624999999996,46.693091145833336,TORONTO,capacity_auction_table
CHERRYWOOD-LT.EDGECOM_DRA,32,-0.295828125,0.0,-0.21695624999999996,46.693091145833336,TORONTO,capacity_auction_table
CHERRYWOOD-LT.ENERCORP_DRA,32,-0.295828125,0.0,-0.21695624999999996,46.693091145833336,TORONTO,capacity_auction_table
CHERRYWOOD-LT.ENERNOC_DRA,32,-0.295828125,0.0,-0.21695624999999996,46.693091145833336,TORONTO,capacity_auction_table
CHERRYWOOD-LT.ENPOWINC_DRA,32,-0.295828125,0.0,-0.21695624999999996,46.693091145833336,TORONTO,capacity_auction_table
CHERRYWOOD-LT.GCPOWER_DRA,32,-0.295828125,0.0,-0.21695624999999996,46.693091145833336,TORONTO,capacity_auction_table
CHERRYWOOD-LT.GCPROJECT_DRA,32,-0.295828125,0.0,-0.21695624999999996,46.693091145833336,TORONTO,capacity_auction_table
CHERRYWOOD-LT.LFBY,32,-0.34833749999999997,0.0,-0.269671875,46.640581770833336,TORONTO,capacity_auction_table
CHERRYWOOD-LT.LINDE_DRA,32,-0.295828125,0.0,-0.21695624999999996,46.693091145833336,TORONTO,capacity_auction_table
CHERRYWOOD-LT.NORAMPTRENT_DRA,32,-0.295828125,0.0,-0.21695624999999996,46.693091145833336,TORONTO,capacity_auction_table
CHERRYWOOD-LT.NRGCS_DRA,32,-0.295828125,0.0,-0.21695624999999996,46.693091145833336,TORONTO,capacity_auction_table
CHERRYWOOD-LT.NRSTORCI_DRA,32,-0.295828125,0.0,-0.21695624999999996,46.693091145833336,TORONTO,capacity_auction_table
CHERRYWOOD-LT.OHMCONECT_DRA,32,-0.295828125,0.0,-0.21695624999999996,46.693091145833336,TORONTO,capacity_auction_table
CHERRYWOOD-LT.RODANBTM_DRA,32,-0.295828125,0.0,-0.21695624999999996,46.693091145833336,TORONTO,capacity_auction_table
CHERRYWOOD-LT.RODANCI_DRA,32,-0.295828125,0.0,-0.21695624999999996,46.693091145833336,TORONTO,capacity_auction_table
CHERRYWOOD-LT.SANOFI_DRA,32,-0.295828125,0.0,-0.21695624999999996,46.693091145833336,TORONTO,capacity_auction_table
CHERRYWOOD-LT.SOBEYSCI_DRA,32,-0.295828125,0.0,-0.21695624999999996,46.693091145833336,TORONTO,capacity_auction_table
CHERRYWOOD-LT.STEM_DRA,32,-0.295828125,0.0,-0.21695624999999996,46.693091145833336,TORONTO,capacity_auction_table
CHERRYWOOD-LT.UOFT_DRA,32,-0.295828125,0.0,-0.21695624999999996,46.693091145833336,TORONTO,capacity_auction_table
CHERRYWOOD-LT.VOLTUS_DRA,32,-0.295828125,0.0,-0.21695624999999996,46.693091145833336,TORONTO,capacity_auction_table
CHESTERVL-LT.T1_LF,32,-0.338496875,0.0,-0.25958125,46.65042239583334,,unassigned
CHRYSLER-LT.T1_LF,32,-0.41768125,-0.52583125,0.18681875,46.571238020833334,,unassigned
CHURCHLLMED-LT.T1_LFB,32,-0.31154062499999996,0.001771875,-0.23456875,46.677378645833336,,unassigned
CLAIREVILLE-500:LMP,32,-0.788871875,-0.534646875,-0.17523125000000003,46.20004739583334,TORONTO,capacity_auction_table
CLARABELLE-LT_H1,32,0.49943124999999994,0.09946250000000001,0.47884375,47.488350520833336,NORTHEAST,capacity_auction_table
CLARENCE-LT.T1_LF,32,2.134990625,0.034090625,2.179725,49.12390989583334,OTTAWA,capacity_auction_table
CLARKE-LT.LFBY,32,-0.910878125,-0.524190625,-0.3076625,46.07804114583333,WEST,capacity_auction_table
CLEARWATRBAY-LT.T1_LF,32,0.570778125,0.25380312499999996,0.39582500000000004,47.559697395833325,,unassigned
CLERGUE-LT.G1,32,-0.28665,0.09950312500000003,-0.30724999999999997,46.702269270833334,NORTHEAST,capacity_auction_table
CLERGUE-LT.G2,32,-0.28665,0.09950312500000003,-0.30724999999999997,46.702269270833334,NORTHEAST,capacity_auction_table
CLERGUE-LT.G3,32,-0.28665,0.09950312500000003,-0.30724999999999997,46.702269270833334,NORTHEAST,capacity_auction_table
CNP18-LT.T1_LF,32,-1.1775125,-0.2586375,-0.8399906250000001,45.81140677083334,,unassigned
COBDEN-LT.T12,32,1.3784593749999996,0.00103125,1.45628125,48.367378645833334,EAST,capacity_auction_table
COBDEN-LT.T3_LF,32,1.8928562500000001,0.00103125,1.970575,48.88177552083334,EAST,capacity_auction_table
COCHRANECGS-LT.G2,32,-0.831615625,0.09946250000000001,-0.8521812499999998,46.15730364583334,NORTHEAST,capacity_auction_table
COCHRANEMS-LT.TT_LF,32,-0.7212,0.09946250000000001,-0.741621875,46.26771927083333,NORTHEAST,capacity_auction_table
COCHRANEWEST-LT.T1_LF,32,-0.736371875,0.09946250000000001,-0.756821875,46.25254739583334,NORTHEAST,capacity_auction_table
COMBER-LT.AG_T1,32,-0.9964625000000001,-0.52583125,-0.39188125,45.992456770833336,,unassigned
COMBER-LT.AG_T2,32,-1.016846875,-0.52583125,-0.412215625,45.972072395833344,,unassigned
COMMERCEWAY-LT.T1_LB,32,-0.396759375,-0.5260937499999999,0.20832812499999998,46.59215989583333,SOUTHWEST,capacity_auction_table
CONSTANCE-LT.TT_LF,32,-1.021253125,-0.516534375,-0.42580625,45.967666145833334,SOUTHWEST,capacity_auction_table
COOKSVLE-LT.LFEJQZ,32,0.018384375000000005,0.0,0.097425,47.00730364583334,,unassigned
COPELAND-LT.LFT1,32,0.43635312499999995,0.0,0.51533125,47.42527239583333,TORONTO,capacity_auction_table
COTEGOLDCTS-LT.LOAD-LF,32,4.320046875,0.09949062500000001,4.2992718750000005,51.30896614583333,NORTHEAST,capacity_auction_table
COTEGOLDCTS-LT.LOAD-LF_DRA,32,4.320046875,0.09949062500000001,4.2992718750000005,51.30896614583333,NORTHEAST,capacity_auction_table
CRAWFORD-LT.LFEY,32,-0.579553125,-0.52583125,0.025015624999999986,46.40936614583333,WEST,capacity_auction_table
CROSBY-LT.LFABY,32,-0.141228125,0.00048124999999999996,-0.06269999999999999,46.84769114583332,EAST,capacity_auction_table
CROWLAND-LT.T5_LF,32,-1.156553125,-0.2586375,-0.818884375,45.83236614583333,NIAGARA,capacity_auction_table
CROWRIVERDS-LT.TT_LF,32,3.107334375,0.8909124999999998,2.295309375,50.096253645833336,NORTHWEST,capacity_auction_table
CRYSLER-LT.AG_T1,32,-0.0012343750000000143,0.023893750000000002,0.053615625,46.98768489583333,,unassigned
CRYSTALFALLS-LT.LFEZ,32,0.44298750000000003,0.09922812500000004,0.422615625,47.431906770833336,NORTHEAST,capacity_auction_table
CUMBERLAND-LT.LFBQ,32,-0.61330625,-0.529359375,-0.005090625000000004,46.37561302083333,,unassigned
CUMBERLAND-LT.TT12_LF,32,1.8713749999999998,0.034090625,1.9159906249999998,48.86029427083333,,unassigned
CYANAMIDCAN-LT.T1_LF,32,-1.3892999999999998,-0.2586375,-1.0518875,45.59961927083333,,unassigned
CYRVILLE-LT.LFJQ,32,1.536309375,0.034090625,1.5810000000000002,48.52522864583333,OTTAWA,capacity_auction_table
DARLINGTON-LT.G1,32,-0.420925,0.0,-0.342059375,46.56799427083333,,unassigned
DARLINGTON-LT.G2,32,-0.420925,0.0,-0.342059375,46.56799427083333,,unassigned
DARLINGTON-LT.G3,32,-0.420925,0.0,-0.342059375,46.56799427083333,,unassigned
DARLINGTON-LT.G4,32,-0.420925,0.0,-0.342059375,46.56799427083333,,unassigned
DARLINGTON-LT.SG1,32,-0.420925,0.0,-0.342059375,46.56799427083333,,unassigned
DARLINGTON-LT.SG2,32,-0.420925,0.0,-0.34204375,46.56799427083333,,unassigned
DARLINGTON-LT.SG3,32,-0.420925,0.0,-0.342059375,46.56799427083333,,unassigned
DARLINGTON-LT.SG4,32,-0.420925,0.0,-0.34204375,46.56799427083333,,unassigned
DAWATSON-LT.AG123,32,-0.7443031250000001,0.09946250000000001,-0.7650687500000001,46.244616145833334,NORTHEAST,capacity_auction_table
DAWATSON-LT.AG456,32,-0.80911875,0.09946250000000001,-0.8298437499999999,46.17980052083334,NORTHEAST,capacity_auction_table
DECEWFALLS-LT.G1,32,-1.760703125,-0.2586375,-1.4233375,45.228216145833336,NIAGARA,capacity_auction_table
DECEWFALLS-LT.G2,32,-1.7661437500000001,-0.2586375,-1.42880625,45.22277552083333,NIAGARA,capacity_auction_table
DECEWND1-LT.AG5678,32,-1.763815625,-0.2586375,-1.426484375,45.22510364583332,,unassigned
DEEPRIVER-LT.TT_H1,32,0.50148125,0.115209375,0.4652343749999999,47.490400520833326,ESSA,capacity_auction_table
DESJCHMSDS-LT.T1_LF,32,-0.05634687500000001,0.115209375,-0.092528125,46.93257239583334,,unassigned
DESJOACHIMS-LT.AG12,32,-0.11079375000000001,0.11484375000000001,-0.146709375,46.87812552083333,ESSA,capacity_auction_table
DESJOACHIMS-LT.AG34,32,-0.11079375000000001,0.11484375000000001,-0.146709375,46.87812552083333,ESSA,capacity_auction_table
DESJOACHIMS-LT.AG56,32,-0.11079375000000001,0.11484375000000001,-0.146709375,46.87812552083333,ESSA,capacity_auction_table
DESJOACHIMS-LT.AG78,32,-0.11079375000000001,0.11484375000000001,-0.146709375,46.87812552083333,ESSA,capacity_auction_table
DESTEC-LT.G1,32,-0.021859374999999997,0.000575,0.0565125,46.96705989583333,,unassigned
DESTEC-LT.G2,32,-0.021859374999999997,0.000575,0.0565125,46.96705989583333,,unassigned
DETOUR-LT.T2_LF,32,-0.4719406250000002,-2.312896875,1.91989375,46.516978645833326,,unassigned
DILLON-LT.AG_T1,32,-1.234003125,-0.52581875,-0.6295125,45.754916145833334,,unassigned
DOBBIN-LT.LFB,32,1.07875,0.00103125,1.1567156250000001,48.067669270833335,EAST,capacity_auction_table
DOBBINDS-LT.T1_LF,32,1.2157937499999998,0.001640625,1.2928875,48.20471302083333,EAST,capacity_auction_table
DOFASCO-LT.T1_LF,32,-0.626121875,-0.528775,-0.018512500000000005,46.36279739583333,,unassigned
DOFASCO-LT.T1_LF_DRA,32,-0.6261093750000001,-0.528775,-0.018512500000000005,46.36280989583333,,unassigned
DOFASCO-LT.T5_LF,32,-0.6405375000000001,-0.528775,-0.032943750000000015,46.34838177083333,,unassigned
DOFKENILWRTH-LT.LF78,32,-0.6333500000000001,-0.528775,-0.025771875,46.355569270833335,,unassigned
DOMTRESPNOLA-LT.AT123_LF,32,0.479721875,0.09946250000000001,0.45917499999999994,47.46864114583334,,unassigned
DOUGLASPTTS-LT.T34,32,-2.9200125,-0.52201875,-2.319109375,44.06890677083334,,unassigned
DOWCHEMICAL-LT.AG1245,32,-2.029240625,-0.525703125,-1.4245999999999999,44.95967864583333,,unassigned
DPNTMTLND-LT.G1,32,-0.186746875,0.00016874999999999998,-0.10788125,46.80217239583333,,unassigned
DRYDEN-LT.T1_LF,32,2.0012093749999997,0.713228125,1.3667375,48.99012864583333,NORTHWEST,capacity_auction_table
DRYDENWYRHSR-LT.AG12,32,2.010790625,0.713228125,1.376384375,48.99970989583333,NORTHWEST,capacity_auction_table
DUART-LT.LFBY,32,-1.4448875,-0.52581875,-0.8403,45.54403177083333,WEST,capacity_auction_table
DUFFERIN-LT.T1_LF,32,0.147128125,0.0,0.22589062499999998,47.13604739583334,TORONTO,capacity_auction_table
DUNDAS-LT.T1_LF,32,-0.10665937499999996,-0.5270437499999999,0.49933437499999994,46.882259895833336,SOUTHWEST,capacity_auction_table
DUNDAS-LT.T5_LF,32,-0.177684375,-0.5270281250000001,0.428371875,46.81123489583334,SOUTHWEST,capacity_auction_table
DUNDAS-LT.T6_LF,32,-0.150071875,-0.5270281250000001,0.45595,46.838847395833334,SOUTHWEST,capacity_auction_table
DUNNVLE-LT_H1,32,-0.9861906249999999,-0.2586375,-0.6484375,46.002728645833336,,unassigned
DUPLEX-LT.T1_LF,32,-0.024968750000000022,0.0,0.05368124999999999,46.96395052083333,TORONTO,capacity_auction_table
DYMOND-LT.T34,32,0.9144593749999999,0.09920312500000002,0.89411875,47.903378645833335,NORTHEAST,capacity_auction_table
EARFALLS-LT.AG1234,32,4.363603125,0.713228125,3.729175,51.35252239583334,NORTHWEST,capacity_auction_table
EARFALLS-LT.LF_T5,32,4.367559375,0.713228125,3.733134375,51.356478645833334,NORTHWEST,capacity_auction_table
EASTLAKESCWF-LT.AG_T1,32,-1.611265625,-0.52584375,-1.00675625,45.377653645833334,,unassigned
EASTWCGS-LT.G1,32,-0.41364687499999997,-0.52583125,0.190921875,46.57527239583334,,unassigned
EASTWCGS-LT.G2,32,-0.41364687499999997,-0.52583125,0.190921875,46.57527239583334,,unassigned
EASTWCGS-LT.G3,32,-0.42614375,-0.52583125,0.17843750000000003,46.56277552083333,,unassigned
ECHORIVER-LT.T1_LF,32,-0.10133750000000001,0.09947812500000001,-0.1217625,46.88758177083333,NORTHEAST,capacity_auction_table
EDDYNAIRN-LT.T1_LF,32,0.588546875,0.09942500000000003,0.568171875,47.57746614583332,,unassigned
EDGEWARE-LT.BY,32,-0.93956875,-0.5242187500000001,-0.336259375,46.049350520833336,WEST,capacity_auction_table
EEFW-LT.G1,32,-0.128725,0.0,-0.049896875,46.860194270833325,,unassigned
EEFW-LT.G2,32,-0.128725,0.0,-0.049896875,46.860194270833325,,unassigned
ELGIN-LT.T1_LF,32,0.014875000000000008,-0.5270281250000001,0.62065,47.00379427083334,SOUTHWEST,capacity_auction_table
ELLESMERE-LT.LFJQ,32,-0.199796875,0.0,-0.120903125,46.789122395833324,TORONTO,capacity_auction_table
ELLIOTLAKE-LT.T1_LF,32,0.349121875,0.09946250000000001,0.32875,47.33804114583334,,unassigned
ELLWOOD-LT.LFJQ,32,1.4066937499999999,0.034387499999999994,1.45115,48.39561302083333,OTTAWA,capacity_auction_table
ELLWOODRSVC-LT.BATT_LF,32,1.4066937499999999,0.034387499999999994,1.45115,48.39561302083333,OTTAWA,capacity_auction_table
ELLWOODRSVC-LT.BATT_TG,32,1.4066937499999999,0.034387499999999994,1.45115,48.39561302083333,OTTAWA,capacity_auction_table
ELMIRA-LT.BATT_LF,32,0.658615625,-0.5129156250000001,1.250221875,47.64753489583333,SOUTHWEST,capacity_auction_table
ELMIRA-LT.BATT_TG,32,0.658615625,-0.5129156250000001,1.250221875,47.64753489583333,SOUTHWEST,capacity_auction_table
ELMIRA-LT.T12,32,0.6787593749999999,-0.5129156250000001,1.270365625,47.66767864583333,SOUTHWEST,capacity_auction_table
ELORABESS-LT.BATT_LF1,31,-0.19571265141318978,-0.1239698519515478,-0.01639300134589502,46.591977456258405,,unassigned
ELORABESS-LT.BATT_LF2,31,-0.19571265141318978,-0.1239698519515478,-0.01639300134589502,46.591977456258405,,unassigned
ELORABESS-LT.BATT_TG1,31,-0.19571265141318978,-0.1239698519515478,-0.01639300134589502,46.591977456258405,,unassigned
ELORABESS-LT.BATT_TG2,31,-0.19571265141318978,-0.1239698519515478,-0.01639300134589502,46.591977456258405,,unassigned
EMPIRESF-LT.AG_T1,32,-1.5767187500000002,0.09946250000000001,-1.5972375,45.41220052083333,,unassigned
ENBRCARDINAL-LT.T1_LF,32,-0.5089687500000001,0.0,-0.430128125,46.479950520833334,,unassigned
ENBRHILTON-LT.T1_LF,32,3.070884375,0.0048562499999999995,3.144765625,50.059803645833334,,unassigned
ENBRYANSTON-LT.T1_LF,32,-0.03948437499999994,-0.516534375,0.556015625,46.94943489583333,,unassigned
ENFIELD-LT.T5_LB,32,-0.30895000000000006,0.0,-0.22999999999999998,46.67996927083334,TORONTO,capacity_auction_table
EPWORTH-LT.T12,32,1.642475,0.033384375,1.6880312499999999,48.63139427083333,,unassigned
ERIEAU-LT.AG_T1,32,-1.301509375,-0.52580625,-0.6966031249999999,45.68740989583333,,unassigned
ERINDALE-LT.LFBEJQYZ,32,-0.18334375,0.0,-0.10442812499999998,46.80557552083334,TORONTO,capacity_auction_table
ESPANOLA-LT.TT_LF,32,0.4832406249999999,0.09946250000000001,0.46269687499999995,47.47215989583333,NORTHEAST,capacity_auction_table
ESPLANADE-LT.TT_LF,32,-0.18262187500000002,0.0,-0.103659375,46.806297395833326,TORONTO,capacity_auction_table
ESSA-500:LMP,32,0.030350000000000005,0.10401875,0.005228125000000001,47.01926927083334,,unassigned
ESSA-LT.AESLNR1_DRA,32,0.13455625,0.10264374999999999,0.11099999999999999,47.12347552083333,,unassigned
ESSA-LT.EDGECOM_DRA,32,0.13455625,0.10264374999999999,0.11099999999999999,47.12347552083333,,unassigned
ESSA-LT.ENERCORP_DRA,32,0.13455625,0.10264374999999999,0.11099999999999999,47.12347552083333,,unassigned
ESSA-LT.ENERNOC_DRA,32,0.13455625,0.10264374999999999,0.11099999999999999,47.12347552083333,,unassigned
ESSA-LT.ENPOWINC_DRA,32,0.13455625,0.10264374999999999,0.11099999999999999,47.12347552083333,,unassigned
ESSA-LT.GCPOWER_DRA,32,0.13455625,0.10264374999999999,0.11099999999999999,47.12347552083333,,unassigned
ESSA-LT.GCPROJECT_DRA,32,0.13455625,0.10264374999999999,0.11099999999999999,47.12347552083333,,unassigned
ESSA-LT.NRGCS_DRA,32,0.13455625,0.10264374999999999,0.11099999999999999,47.12347552083333,,unassigned
ESSA-LT.NRSTORCI_DRA,32,0.13455625,0.10264374999999999,0.11099999999999999,47.12347552083333,,unassigned
ESSA-LT.VOLTUS_DRA,32,0.13455625,0.10264374999999999,0.11099999999999999,47.12347552083333,,unassigned
ESSEX-LT.LFB1,32,-0.41859375000000004,-0.52583125,0.18593437499999999,46.57032552083334,WEST,capacity_auction_table
ETONDS-LT.T1_LF,32,1.9213093749999999,0.713228125,1.2868625,48.910228645833335,NORTHWEST,capacity_auction_table
EVERETT-LT.LFBY,32,0.11322499999999998,0.08455937499999999,0.107778125,47.10214427083334,ESSA,capacity_auction_table
FAIRBANK-LT.TT1_LF,32,0.17519062499999996,0.0,0.2542125,47.16410989583333,TORONTO,capacity_auction_table
FAIRCHILD-LT.LFBJQY,32,-0.06477187499999999,0.0,0.01421875,46.92414739583334,TORONTO,capacity_auction_table
FALCONBRNRM-LT.TT,32,0.449096875,0.09942500000000003,0.42853125000000003,47.43801614583333,,unassigned
FALCONBRSM-LT.AT1_LF,32,0.449146875,0.09942500000000003,0.42858124999999997,47.43806614583334,,unassigned
FALLOWFIELD-LT.G_POWERTRAIL,32,1.8398125,0.03264375,1.8861,48.828731770833336,OTTAWA,capacity_auction_table
FALLOWFIELD-LT.TT_LF,32,1.8398125,0.03264375,1.8861,48.828731770833336,OTTAWA,capacity_auction_table
FAUQUIER-LT.T1_LF,32,-3.75685,-1.8672156249999998,-1.8107125,43.232069270833335,NORTHEAST,capacity_auction_table
FERGUS-LT.LFBY,32,-0.413453125,-0.4969656250000001,0.16254375000000001,46.57546614583333,SOUTHWEST,capacity_auction_table
FESTIVALMTS1-LT.LJ,32,-0.9251687500000001,-0.514478125,-0.33164062499999997,46.06375052083334,SOUTHWEST,capacity_auction_table
FFMS-LT.T1_LF,32,1.185465625,0.64858125,0.61579375,48.17438489583333,,unassigned
FINCH-LT.LFBJQY,32,-0.059506250000000004,0.0,0.019468750000000003,46.92941302083333,TORONTO,capacity_auction_table
FLAKEBOARD-LT.T1_LF,32,-0.13181562500000002,0.09950312500000003,-0.152434375,46.85710364583334,NORTHEAST,capacity_auction_table
FLAKEBOARD-LT.TT_LF_DRA,32,-0.13181562500000002,0.09950312500000003,-0.152434375,46.85710364583334,NORTHEAST,capacity_auction_table
FORDANEX-LT.T1_LF,32,-0.416953125,-0.52583125,0.18748125000000002,46.571966145833336,,unassigned
FORDCTS-LT.T1_LF,32,-0.41962187500000003,-0.52583125,0.184878125,46.56929739583333,,unassigned
FORDEEP-LT.LFAB,32,-0.41449375000000005,-0.52583125,0.19014062499999998,46.57442552083333,,unassigned
FORDOAKVLE-LT.LFAB,32,0.0725375,0.0,0.15135625,47.06145677083333,,unassigned
FORESTJURA-LT.TT_LF,32,-1.514334375,-0.525703125,-0.909415625,45.47458489583334,WEST,capacity_auction_table
FORESTLEA-LT.T12,32,2.14116875,0.115209375,2.1046375000000004,49.13008802083334,ESSA,capacity_auction_table
FORTALBANY-LT.T1_LF,32,-0.775715625,0.09946250000000001,-0.79638125,46.213203645833325,NORTHEAST,capacity_auction_table
FORTFRANCSWC-LT.AG12,32,1.18276875,0.64858125,0.6130125,48.17168802083334,,unassigned
FORTWILLIAM-LT.T5_LF,32,-1.031853125,-0.45031250000000006,-0.50265,45.957066145833345,NORTHWEST,capacity_auction_table
FRONTENAC-LT.T1_LF,32,0.5300375,0.002278125,0.606409375,47.518956770833334,EAST,capacity_auction_table
FROOD-LT.T12,32,0.5653125,0.09946250000000001,0.5447093749999999,47.554231770833326,,unassigned
FROOD-LT.T12_DRA,32,0.5653125,0.09946250000000001,0.5447093749999999,47.554231770833326,,unassigned
GAGE-LT.TT1_LF,32,-0.3999625,-0.5270812500000001,0.20613437499999998,46.58895677083333,,unassigned
GALT-LT.LFJY,32,-0.36477812499999995,-0.52201875,0.23625624999999997,46.624141145833335,,unassigned
GARDINER-LT.LFBJQY,32,0.10066875000000002,0.00042812499999999996,0.17905000000000001,47.08958802083333,EAST,capacity_auction_table
GARTSHORECGS-LT.G1,32,-0.9841093750000001,0.09947812500000001,-1.0046718749999999,46.00480989583334,,unassigned
GECO-LT.T1_LF,32,-0.9216312499999999,0.282353125,-1.12516875,46.06728802083333,,unassigned
GERDAUCAM-LT.LFA,32,-0.396009375,-0.523125,0.20620312500000001,46.59290989583334,,unassigned
GERDAUCAM-LT.LFB_DRA,32,-0.396009375,-0.523125,0.20620312500000001,46.59290989583334,,unassigned
GERDAUCAM-LT.T3_LF,32,-0.396009375,-0.523125,0.20620312500000001,46.59290989583334,,unassigned
GERDAUWBY-LT.LFAB,32,-0.09259374999999999,0.0,-0.013881249999999998,46.89632552083333,,unassigned
GERDAUWBY-LT.T3_LF,32,-0.02884062500000002,0.0,0.050078125,46.960078645833335,,unassigned
GERRARD-LT.TT1_LF,32,-0.16751250000000004,0.0,-0.0886375,46.821406770833335,TORONTO,capacity_auction_table
GLENDALE-LT.TT1_LF,32,-1.7991781249999999,-0.2586375,-1.461453125,45.18974114583333,NIAGARA,capacity_auction_table
GLENGARRY-LT.BATT_LF1,32,0.45290625,0.034662500000000006,0.4971343750000001,47.44182552083333,,unassigned
GLENGARRY-LT.BATT_TG1,32,0.45290625,0.034662500000000006,0.4971343750000001,47.44182552083333,,unassigned
GLENGROVE-LT.TT1_LF,32,-0.07250000000000001,0.0,0.006362500000000003,46.91641927083333,TORONTO,capacity_auction_table
GLENORCHY1-LT.T1_LF,32,-0.8187500000000001,-0.5325093750000001,-0.20725625,46.170169270833334,,unassigned
GLOUCESTER-LT.T12,32,1.7912875,0.033384375,1.8369437499999999,48.78020677083333,,unassigned
GMCTS-LT.T1_LF,32,-0.416871875,-0.52583125,0.18758750000000002,46.57204739583333,,unassigned
GODERICH-LT.LFQZ,32,-0.71401875,-0.516534375,-0.118703125,46.27490052083334,SOUTHWEST,capacity_auction_table
GODERICH-LT.STRG_LF,32,-0.71401875,-0.516534375,-0.118703125,46.27490052083334,SOUTHWEST,capacity_auction_table
GODERICH-LT.STRG_TG,32,-0.71401875,-0.516534375,-0.118703125,46.27490052083334,SOUTHWEST,capacity_auction_table
GOLDCORP-LT.T1_LF,32,0.42745000000000005,0.09949062500000001,0.40675625,47.41636927083332,,unassigned
GOREWAY-LT.LFBYZ,32,-0.131234375,0.0,-0.052175000000000006,46.85768489583334,TORONTO,capacity_auction_table
GOREWAY-LT.LFJ,32,-0.13144375,0.0,-0.052315625,46.85747552083334,TORONTO,capacity_auction_table
GOREWAY-LT.LFQ,32,-0.13148125000000002,0.0,-0.05235624999999999,46.85743802083334,TORONTO,capacity_auction_table
GOREWAYBESS-LT.BATT_LF,32,-0.23540625000000004,0.0,-0.15650624999999999,46.75351302083334,TORONTO,capacity_auction_table
GOREWAYBESS-LT.BATT_TG,32,-0.23540625000000004,0.0,-0.15650624999999999,46.75351302083334,TORONTO,capacity_auction_table
GOSFIELD-LT.AG_T1,32,0.07565312499999995,-0.52583125,0.680409375,47.06457239583333,,unassigned
GOSHEN-LT.AG_T1,32,-1.086628125,-0.516534375,-0.49116562500000005,45.90229114583334,,unassigned
GOULAISBAY-LT.T1_LF,32,0.06873437500000001,0.09950312500000003,0.048256250000000035,47.057653645833334,NORTHEAST,capacity_auction_table
GOULAISWF-LT.AG_T1,32,-0.8193,0.09947812500000001,-0.8398656250000002,46.16961927083333,,unassigned
GRANDSF-LT.AG_T2,32,-1.0209406250000002,-0.52925625,-0.41293125,45.967978645833334,,unassigned
GRANDVALLEY3-LT.AG_T1,32,-1.046190625,-0.48774375,-0.47941875000000006,45.942728645833334,,unassigned
GRANDWF-LT.AG_T1,32,-1.02191875,-0.52925625,-0.413896875,45.96700052083333,,unassigned
GRDEAST-LT.T1_LF,32,-0.14905624999999997,-0.516534375,0.44664375,46.83986302083334,,unassigned
GREELYDS-LT.TT_LF,32,1.836978125,0.033384375,1.8826093750000001,48.82589739583333,OTTAWA,capacity_auction_table
GREENFIELD-LT.G1,32,-1.9989999999999999,-0.525909375,-1.394209375,44.98991927083333,,unassigned
GREENFIELD-LT.G2,32,-1.9989999999999999,-0.525909375,-1.394209375,44.98991927083333,,unassigned
GREENFIELD-LT.G3,32,-1.9989999999999999,-0.525909375,-1.394209375,44.98991927083333,,unassigned
GREENFIELD-LT.G4,32,-1.9989999999999999,-0.525909375,-1.394209375,44.98991927083333,,unassigned
GREENWICH-LT.AG_T1,32,-0.8937843750000001,0.282353125,-1.097340625,46.095134895833326,,unassigned
GREENWICH-LT.AG_T2,32,-0.896203125,0.282353125,-1.09953125,46.09271614583333,,unassigned
GRNDMOE-LT.T1_LF,32,-0.20557812500000003,-0.5166,0.39030000000000004,46.78334114583333,,unassigned
GRUBSTAKE-LT.T1_LF,32,7.930840624999999,0.8909124999999998,7.118840625,54.91975989583333,,unassigned
GRUBSTAKE-LT.T1_LF_DRA,32,7.909050000000001,0.8909124999999998,7.0969875,54.89796927083333,,unassigned
GSPC-LT.G1,32,-2.045353125,-0.525909375,-1.44059375,44.94356614583334,,unassigned
GSPC-LT.G2,32,-2.045353125,-0.525909375,-1.44059375,44.94356614583334,,unassigned
GSPC-LT.G3,32,-1.94719375,-0.525896875,-1.342565625,45.04172552083333,,unassigned
GTAA-LT.G_M12,32,-0.16075000000000003,0.0,-0.08178125000000001,46.828169270833335,,unassigned
GTAA-LT.G_M45,32,-0.12880624999999998,0.0,-0.049959375,46.86011302083333,,unassigned
GTAA-LT.G_M46,32,-0.128884375,0.0,-0.05003749999999999,46.86003489583334,,unassigned
GTAA-LT.LF_M12,32,-0.16075000000000003,0.0,-0.08178125000000001,46.828169270833335,,unassigned
GTAA-LT.M4546,32,-0.128846875,0.0,-0.049996874999999996,46.860072395833335,,unassigned
HAGERSVILLE-LT.BATT_LF1,32,-0.900525,-0.5294,-0.292325,46.088394270833334,,unassigned
HAGERSVILLE-LT.BATT_LF2,32,-0.900525,-0.5294,-0.292325,46.088394270833334,,unassigned
HAGERSVILLE-LT.BATT_LF3,32,-0.900525,-0.5294,-0.292325,46.088394270833334,,unassigned
HAGERSVILLE-LT.BATT_LF4,32,-0.900525,-0.5294,-0.292325,46.088394270833334,,unassigned
HAGERSVILLE-LT.BATT_TG1,32,-0.900525,-0.5294,-0.292325,46.088394270833334,,unassigned
HAGERSVILLE-LT.BATT_TG2,32,-0.900525,-0.5294,-0.292325,46.088394270833334,,unassigned
HAGERSVILLE-LT.BATT_TG3,32,-0.900525,-0.5294,-0.292325,46.088394270833334,,unassigned
HAGERSVILLE-LT.BATT_TG4,32,-0.900525,-0.5294,-0.292325,46.088394270833334,,unassigned
HALEYIND-LT.T1_LF,32,0.9859625,0.00103125,1.063728125,47.97488177083334,,unassigned
HALTON-LT.LFJQ,32,-1.053428125,-0.532746875,-0.44174375000000005,45.93549114583334,SOUTHWEST,capacity_auction_table
HALTONHILLS-LT.G1,32,-0.737828125,-0.19161875000000003,-0.467253125,46.251091145833335,SOUTHWEST,capacity_auction_table
HALTONHILLS-LT.G2,32,-0.737828125,-0.19161875000000003,-0.467253125,46.251091145833335,SOUTHWEST,capacity_auction_table
HALTONHILLS-LT.G3,32,-0.815415625,-0.269128125,-0.467253125,46.173503645833335,SOUTHWEST,capacity_auction_table
HALTONMTS1-LT.LFJZ,32,-1.078946875,-0.532746875,-0.467253125,45.909972395833336,SOUTHWEST,capacity_auction_table
HAMBEACH-LT.G_WOODWARD,32,-0.6316156250000001,-0.528775,-0.024090625,46.35730364583333,,unassigned
HAMBEACH-LT.T3_LF,32,-0.6316156250000001,-0.528775,-0.024090625,46.35730364583333,,unassigned
HAMLAKE-LT.LFBJQY,32,-0.6124499999999999,-0.528865625,-0.004834374999999998,46.37646927083333,,unassigned
HAMNEBO-LT.LFBY,32,-0.764465625,-0.5284749999999999,-0.15708125,46.22445364583333,,unassigned
HAMNEBO-LT.LFJQ,32,-0.7698124999999999,-0.5284749999999999,-0.162425,46.21910677083333,,unassigned
HANLON-LT.T1_LF,32,-0.13653125,-0.513434375,0.45591875,46.85238802083334,SOUTHWEST,capacity_auction_table
HANMER-500:LMP,32,0.389453125,0.09951562500000001,0.368671875,47.37837239583333,NORTHEAST,capacity_auction_table
HANMER-LT.DEMAND_DRA,32,0.40110625,0.09951562500000001,0.380275,47.39002552083334,NORTHEAST,capacity_auction_table
HANMER-LT.EDGECOM_DRA,32,0.40110625,0.09951562500000001,0.380275,47.39002552083334,NORTHEAST,capacity_auction_table
HANMER-LT.ENERCORP_DRA,32,0.40110625,0.09951562500000001,0.380275,47.39002552083334,NORTHEAST,capacity_auction_table
HANMER-LT.ENERNOC_DRA,32,0.40110625,0.09951562500000001,0.380275,47.39002552083334,NORTHEAST,capacity_auction_table
HANMER-LT.ENPOWINC_DRA,32,0.40110625,0.09951562500000001,0.380275,47.39002552083334,NORTHEAST,capacity_auction_table
HANMER-LT.MCEWEN_DRA,32,0.40110625,0.09951562500000001,0.380275,47.39002552083334,NORTHEAST,capacity_auction_table
HANMER-LT.NRGCS_DRA,32,0.40110625,0.09951562500000001,0.380275,47.39002552083334,NORTHEAST,capacity_auction_table
HANMER-LT.NRGPEAKS_DRA,32,0.40110625,0.09951562500000001,0.380275,47.39002552083334,NORTHEAST,capacity_auction_table
HANMER-LT.PLACERDOMECA_DRA,32,0.40110625,0.09951562500000001,0.380275,47.39002552083334,NORTHEAST,capacity_auction_table
HANMER-LT.RODANCI_DRA,32,0.40110625,0.09951562500000001,0.380275,47.39002552083334,NORTHEAST,capacity_auction_table
HANMER-LT.VOLTUS_DRA,32,0.40110625,0.09951562500000001,0.380275,47.39002552083334,NORTHEAST,capacity_auction_table
HANOVER-LT.T12,32,-1.8016312499999998,-0.5095031250000001,-1.213178125,45.18728802083333,SOUTHWEST,capacity_auction_table
HARMON-LT.AG12_B,32,-3.375834375,-2.3315,-0.9654124999999999,43.61308489583333,,unassigned
HARMON-LT.G3,32,-3.6119906250000002,-2.33196875,-1.201003125,43.376928645833324,,unassigned
HARRIS-LT.G1,32,-0.7202281250000001,0.09946250000000001,-0.7411656249999999,46.26869114583334,,unassigned
HARROWSMITH-LT.T12,32,0.08919062499999998,0.0032156249999999997,0.16490000000000002,47.078109895833336,EAST,capacity_auction_table
HAVELOCK-LT.LFBY,32,0.313640625,0.0,0.39255,47.302559895833326,EAST,capacity_auction_table
HAWKESBURY-LT.TT12_LF,32,2.5488,0.034090625,2.5935406249999997,49.53771927083333,,unassigned
HAWTHORNE-LT.EDGECOM_DRA,32,1.162728125,0.0349625,1.2065812500000002,48.15164739583333,OTTAWA,capacity_auction_table
HAWTHORNE-LT.ENERCORP_DRA,32,1.162728125,0.0349625,1.2065812500000002,48.15164739583333,OTTAWA,capacity_auction_table
HAWTHORNE-LT.ENERNOC_DRA,32,1.162728125,0.0349625,1.2065812500000002,48.15164739583333,OTTAWA,capacity_auction_table
HAWTHORNE-LT.ENPOWINC_DRA,32,1.162728125,0.0349625,1.2065812500000002,48.15164739583333,OTTAWA,capacity_auction_table
HAWTHORNE-LT.GCPROJECT_DRA,32,1.162728125,0.0349625,1.2065812500000002,48.15164739583333,OTTAWA,capacity_auction_table
HAWTHORNE-LT.LFB,32,1.3508156249999999,0.034428125000000004,1.3950624999999999,48.33973489583334,OTTAWA,capacity_auction_table
HAWTHORNE-LT.NRGCS_DRA,32,1.162728125,0.0349625,1.2065812500000002,48.15164739583333,OTTAWA,capacity_auction_table
HAWTHORNE-LT.RODANCI_DRA,32,1.162728125,0.0349625,1.2065812500000002,48.15164739583333,OTTAWA,capacity_auction_table
HAWTHORNE-LT.VOLTUS_DRA,32,1.162728125,0.0349625,1.2065812500000002,48.15164739583333,OTTAWA,capacity_auction_table
HEALEY-LT.AG_M4,32,0.313640625,0.0,0.39255,47.302559895833326,,unassigned
HEARST-LT_H1,32,-2.9826499999999996,-2.06513125,-0.83846875,44.00626927083334,NORTHEAST,capacity_auction_table
HEDLEYBESS-LT.BATT_LF1,31,-0.21989676985195153,-0.1239698519515478,-0.04059327052489906,46.567793337819644,,unassigned
HEDLEYBESS-LT.BATT_LF2,31,-0.21989676985195153,-0.1239698519515478,-0.04059327052489906,46.567793337819644,,unassigned
HEDLEYBESS-LT.BATT_TG1,31,-0.21989676985195153,-0.1239698519515478,-0.04059327052489906,46.567793337819644,,unassigned
HEDLEYBESS-LT.BATT_TG2,31,-0.21989676985195153,-0.1239698519515478,-0.04059327052489906,46.567793337819644,,unassigned
HENVEYNORTH-LT.AG_T1N,32,-1.4673499999999997,0.10264374999999999,-1.4910687500000002,45.52156927083333,,unassigned
HENVEYSOUTH-LT.AG_T1S,32,-1.474790625,0.10264374999999999,-1.4985187500000003,45.51412864583333,,unassigned
HERRIDGELAKE-LT.T1_LF,32,0.9378531250000001,0.09918750000000003,0.9172937499999999,47.926772395833325,NORTHEAST,capacity_auction_table
HIGHBURY-LT.TT_LF,32,-0.9269781250000001,-0.524190625,-0.3238,46.06194114583334,WEST,capacity_auction_table
HINCHEY-LT.T3_LF,32,1.6614718750000002,0.033359375000000004,1.7071250000000002,48.65039114583334,OTTAWA,capacity_auction_table
HINCHINBROOK-LT.T1_LF,32,0.38442187499999997,0.0068375,0.45650624999999995,47.37334114583334,,unassigned
HNDCHUTE-LT.AG_M3,32,0.9144593749999999,0.09920312500000002,0.89411875,47.903378645833335,,unassigned
HOGGCGS-LT.G1,32,-0.982546875,0.09947812500000001,-1.003084375,46.00637239583333,,unassigned
HOLDEN-LT.AG1234,32,-0.268296875,0.09882500000000001,-0.288146875,46.72062239583334,,unassigned
HOLDEN-LT.AG5678,32,-0.268296875,0.09882500000000001,-0.288146875,46.72062239583334,,unassigned
HOLINGSWTH-LT.G1,32,-0.6790968749999999,0.09946250000000001,-0.69966875,46.30982239583333,,unassigned
HOLLAND-LT.T1_LFB,32,1.139340625,0.1277625,1.090721875,48.12825989583334,ESSA,capacity_auction_table
HORNER-LT.LFBEJQYZ,32,0.01695625000000001,0.0,0.09604062499999999,47.00587552083334,TORONTO,capacity_auction_table
HORNING-LT.LFB1,32,-0.703165625,-0.52835625,-0.09621875,46.28575364583333,SOUTHWEST,capacity_auction_table
HOYLE-LT.T1_LF,32,0.6893656250000001,0.09949062500000001,0.6686406250000001,47.678284895833336,NORTHEAST,capacity_auction_table
HWY101-LT.LF123,32,-0.67500625,0.09946250000000001,-0.6957875000000001,46.31391302083333,,unassigned
IBM-LT.LFBY,32,-0.20186875,0.0,-0.12291562500000001,46.78705052083333,,unassigned
ICESPRINGS-LT.M1_LF,32,-0.8117562499999998,-0.517134375,-0.215684375,46.177163020833326,,unassigned
IMPERIAL-LT.T1_LF,32,-1.976971875,-0.525703125,-1.37230625,45.01194739583334,,unassigned
IMPERIALNANT-LT.LFT1,32,-0.88991875,-0.529515625,-0.28169374999999997,46.099000520833336,,unassigned
INCO4-LT.T12,32,0.565378125,0.09946250000000001,0.544775,47.55429739583334,,unassigned
INCO4-LT.T12_DRA,32,0.565378125,0.09946250000000001,0.544775,47.55429739583334,,unassigned
INCOC2P-LT.T1_LF,32,-1.03890625,-0.2586375,-0.7015218750000001,45.95001302083333,NORTHEAST,capacity_auction_table
INGERSOLL-LT.LFEZ,32,-0.6164031249999999,-0.52578125,-0.012034375000000002,46.37251614583334,SOUTHWEST,capacity_auction_table
INGERSOLLCGS-LT.G3,32,-0.6164031249999999,-0.52578125,-0.012034375000000002,46.37251614583334,SOUTHWEST,capacity_auction_table
IPPB5G-LT.T1_LF,32,-0.23579375,-0.522603125,0.3658656249999999,46.75312552083333,,unassigned
IROQUODS-LT.T12,32,-0.04942499999999999,0.09942500000000003,-0.07003125000000002,46.939494270833336,,unassigned
ISLINGTON-LT.M12_LF,32,-0.078046875,0.0,0.000865625,46.91087239583334,,unassigned
IVACO-LT.ALF,32,0.6097562500000001,0.034662500000000006,0.6542718750000001,47.59867552083333,OTTAWA,capacity_auction_table
IVACO-LT.LFQ,32,0.6097562500000001,0.034662500000000006,0.6542718750000001,47.59867552083333,OTTAWA,capacity_auction_table
IVACO-LT.LFY,32,0.6097562500000001,0.034662500000000006,0.6542718750000001,47.59867552083333,OTTAWA,capacity_auction_table
JARVIS-LT.T34,32,-0.9043312499999999,-0.529671875,-0.29590625,46.08458802083334,SOUTHWEST,capacity_auction_table
JBLCAN-LT.T1_LF,31,-1.0449660834454912,-0.27416204576043074,-0.7154559892328398,45.74272402422611,,unassigned
JBLCAN-LT.T1_LF_DRA,32,-1.0524625,-0.2586375,-0.714884375,45.93645677083333,,unassigned
JELLICO-LT.T1_LF,32,-2.6765375000000002,-0.45031250000000006,-2.147428125,44.312381770833326,,unassigned
JERICHO-LT.AG_T1,32,-2.11168125,-0.528228125,-1.50461875,44.87723802083334,,unassigned
JIMYARROW-LT.LFA,32,-0.080478125,0.0,-0.0016031249999999995,46.90844114583333,TORONTO,capacity_auction_table
JOHN-LT.T2_LF,32,0.42361249999999995,0.0,0.50253125,47.41253177083333,,unassigned
JPII1-LT.BATT_LF,32,-0.910878125,-0.524190625,-0.3076625,46.07804114583333,,unassigned
JPII1-LT.BATT_TG,32,-0.910878125,-0.524190625,-0.3076625,46.07804114583333,,unassigned
K2WIND2-LT.AG_T20,32,-2.503078125,-0.5287906250000001,-1.8950781249999997,44.48584114583334,,unassigned
K2WIND5-LT.AG_T10,32,-2.503078125,-0.5287906250000001,-1.8950781249999997,44.48584114583334,,unassigned
KAKABEKA-LT.AG1234,32,-0.12483124999999999,0.282353125,-0.32844999999999996,46.86408802083333,,unassigned
KALAR-LT.T1_LF,32,-1.5190374999999998,-0.2586375,-1.18135625,45.46988177083333,NIAGARA,capacity_auction_table
KANATA-LT.T1_LF,32,1.5487468750000002,0.03454375,1.5929156249999998,48.53766614583333,OTTAWA,capacity_auction_table
KAPGS-LT.AG12,32,-3.055409375,-2.09105625,-0.8853031250000001,43.93350989583333,,unassigned
KAPUSKASING-LT.T5_LF,32,-3.0558968749999997,-2.0909374999999994,-0.8860437500000001,43.933022395833326,NORTHEAST,capacity_auction_table
KASHECHEWAN-LT.T2_LF,32,-0.68095,0.09946250000000001,-0.7015218750000001,46.307969270833325,NORTHEAST,capacity_auction_table
KEEWATIN-LT.LF,32,0.41311562500000004,0.25380312499999996,0.23795,47.40203489583333,NORTHWEST,capacity_auction_table
KEITH-LT.LFBY,32,-0.832953125,-0.52583125,-0.22824375,46.15596614583333,WEST,capacity_auction_table
KENILWORTH-LT.LF8X_DRA,32,-0.6333500000000001,-0.528775,-0.025771875,46.355569270833335,SOUTHWEST,capacity_auction_table
KENILWORTH-LT.T23,32,-0.614375,-0.528775,-0.0069,46.37454427083333,SOUTHWEST,capacity_auction_table
KENORAGS-LT.T1_LF,32,0.3717312499999999,0.25380312499999996,0.19673749999999993,47.36065052083334,NORTHWEST,capacity_auction_table
KENORAMS-LT.TT_LF,32,0.381159375,0.25380312499999996,0.20614999999999997,47.37007864583333,NORTHWEST,capacity_auction_table
KENT-LT.LFBEYZ,32,-1.372759375,-0.52584375,-0.76799375,45.616159895833334,,unassigned
KEYSER-LT.T2_LF,32,-1.133090625,-0.524190625,-0.530259375,45.855828645833334,,unassigned
KIDDCREEK-LT.TT,32,0.14950625000000003,0.09947812500000001,0.128653125,47.138425520833344,,unassigned
KIDDCREEKM-LT.TT_LF,32,-0.21232812499999998,0.09949062500000001,-0.23315624999999998,46.77659114583333,,unassigned
KIMBERCLARK-LT.T34_LF,32,-2.08759375,0.282353125,-2.291309375,44.90132552083333,,unassigned
KIMBERCLARK-LT.TT_LF_DRA,32,-2.08759375,0.282353125,-2.291309375,44.90132552083333,,unassigned
KINGEDWARD-LT.T3_LF,32,1.6661281250000002,0.0340625,1.7111656249999998,48.65504739583333,OTTAWA,capacity_auction_table
KINGFISHER-LT.J_66999-LF,32,3.958134375,0.8909124999999998,3.1461,50.947053645833336,,unassigned
KINGSBRIDGE-LT.AG_T1,32,-0.708796875,-0.516534375,-0.11348124999999999,46.28012239583334,,unassigned
KINGSBRIDGE-LT.AG_T2,32,-0.708796875,-0.516534375,-0.11348124999999999,46.28012239583334,,unassigned
KINGSTONSF-LT.AG_T1,32,-0.006671875000000005,0.000846875,0.0713375,46.982247395833326,,unassigned
KINGSVILLE-LT.T1_LF,32,0.305925,-0.52583125,0.910728125,47.294844270833345,,unassigned
KINROSS-LT.T1_LF,32,0.68549375,0.09949062500000001,0.6647,47.674413020833335,,unassigned
KIPLING-LT.AG12_B,32,-3.4032187500000006,-2.283871875,-1.040371875,43.585700520833335,,unassigned
KIPLING-LT.G3,32,-3.6233562500000005,-2.33196875,-1.2123718749999999,43.36556302083333,,unassigned
KIRKLANDLAKE-LT.KLG,32,3.4894906249999997,0.833565625,2.7346906250000003,50.47840989583333,NORTHEAST,capacity_auction_table
KIRKLANDLAKE-LT.T34,32,3.4894906249999997,0.833565625,2.7346906250000003,50.47840989583333,NORTHEAST,capacity_auction_table
KITCHENER3-LT.T6_LF,32,-0.23750000000000002,-0.5134875,0.3550031249999999,46.75141927083333,SOUTHWEST,capacity_auction_table
KITCHENER4-LT.T7_LF,32,-0.288715625,-0.5129156250000001,0.303234375,46.700203645833334,SOUTHWEST,capacity_auction_table
KITCHENER8-LT.T15_LF,32,-0.4364625,-0.514528125,0.156903125,46.55245677083334,SOUTHWEST,capacity_auction_table
KITCHENR1-LT.T12,32,-0.31720625,-0.5129156250000001,0.274634375,46.67171302083333,,unassigned
KITCHENR7-LT.T1_LF,32,-0.233984375,-0.513684375,0.358690625,46.75493489583334,,unassigned
KITCHENR9-LT.LF111,32,-0.503603125,-0.5142937500000001,0.08958749999999999,46.48531614583334,,unassigned
KITCHENR9-LT.LF112,32,-0.503603125,-0.5142937500000001,0.08958749999999999,46.48531614583334,,unassigned
KITCHNRMS-LT.T9_LF,32,-0.12558125000000006,-0.51385,0.467171875,46.86333802083334,,unassigned
KLEINBURG-LT.BJQY,32,-0.09725625,0.0,-0.018428125,46.891663020833334,TORONTO,capacity_auction_table
LACDESILES-LT.T1_LF,32,0.8151625,-0.45031250000000006,1.3444375,47.80408177083333,,unassigned
LAFARGE-LT.T1_LFA,32,-0.04259999999999999,0.000415625,0.036028125,46.94631927083333,,unassigned
LAFARGE-LT.T1_LFA_DRA,32,-0.04259999999999999,0.000415625,0.036028125,46.94631927083333,,unassigned
LAFORESTRDDS-LT.TT_LF,32,0.252034375,0.09949062500000001,0.23135625,47.240953645833336,,unassigned
LAKEHEAD-LT.ENPOWINC_DRA,32,-0.7897625,0.282353125,-0.9934124999999999,46.19915677083333,NORTHWEST,capacity_auction_table
LAKEHEAD-LT.NRGCS_DRA,32,-0.7897625,0.282353125,-0.9934124999999999,46.19915677083333,NORTHWEST,capacity_auction_table
LAKEHEAD-LT.VOLTUS_DRA,32,-0.7897625,0.282353125,-0.9934124999999999,46.19915677083333,NORTHWEST,capacity_auction_table
LAKESUPERIOR-LT.GTG1,32,-0.35020312499999995,0.09950312500000003,-0.37089375,46.638716145833335,,unassigned
LAKESUPERIOR-LT.GTG2,32,-0.35020312499999995,0.09950312500000003,-0.37089375,46.638716145833335,,unassigned
LAKESUPERIOR-LT.STG1,32,-0.35020312499999995,0.09950312500000003,-0.37089375,46.638716145833335,,unassigned
LAMBTON-230:LMP,32,-1.84470625,-0.41871875000000003,-1.347115625,45.14421302083334,WEST,capacity_auction_table
LAMBTON-LT.LFDJQY,32,-1.9989999999999999,-0.525909375,-1.394209375,44.98991927083333,WEST,capacity_auction_table
LANDONWF-LT.AG_T1,32,-1.131596875,-0.524190625,-0.528846875,45.85732239583333,,unassigned
LARCHWOOD-LT.T2_LF,32,0.609225,0.09942500000000003,0.588796875,47.59814427083333,NORTHEAST,capacity_auction_table
LAUZON-LT.AG_EBUS,32,-0.4229562500000001,-0.52583125,0.18166562499999997,46.56596302083333,,unassigned
LAUZON-LT.AG_JBUS,32,-0.4229562500000001,-0.52583125,0.18166562499999997,46.56596302083333,,unassigned
LAUZON-LT.LFBEJQ,32,-0.4112,-0.52583125,0.193278125,46.577719270833335,,unassigned
LEAMINGTON-LT.LFB,32,-0.8694156250000001,-0.52583125,-0.2646625,46.11950364583333,WEST,capacity_auction_table
LEAMINGTON-LT_GENSET,32,-0.8694156250000001,-0.52583125,-0.2646625,46.11950364583333,WEST,capacity_auction_table
LEASIDE-LT.LFB,32,-0.1441375,0.0,-0.06518125,46.84478177083333,TORONTO,capacity_auction_table
LENNOX-LT.CTG1,32,-0.06723437499999999,0.0,0.011715625000000002,46.921684895833344,EAST,capacity_auction_table
LENNOX-LT.CTG2,32,-0.06723437499999999,0.0,0.011715625000000002,46.921684895833344,EAST,capacity_auction_table
LENNOX-LT.DRCTENGY_DRA,32,-0.033575000000000015,0.0,0.04537812499999999,46.955344270833336,EAST,capacity_auction_table
LENNOX-LT.EDGECOM_DRA,32,-0.033575000000000015,0.0,0.04537812499999999,46.955344270833336,EAST,capacity_auction_table
LENNOX-LT.ENERCORP_DRA,32,-0.033575000000000015,0.0,0.04537812499999999,46.955344270833336,EAST,capacity_auction_table
LENNOX-LT.ENERNOC_DRA,32,-0.033575000000000015,0.0,0.04537812499999999,46.955344270833336,EAST,capacity_auction_table
LENNOX-LT.ENPOWINC_DRA,32,-0.033575000000000015,0.0,0.04537812499999999,46.955344270833336,EAST,capacity_auction_table
LENNOX-LT.G1,32,-0.06723437499999999,0.0,0.011715625000000002,46.921684895833344,EAST,capacity_auction_table
LENNOX-LT.G2,32,-0.06723437499999999,0.0,0.011715625000000002,46.921684895833344,EAST,capacity_auction_table
LENNOX-LT.G3,32,-0.043546875000000006,0.0,0.035315624999999996,46.94537239583334,EAST,capacity_auction_table
LENNOX-LT.G4,32,-0.033575000000000015,0.0,0.04537812499999999,46.955344270833336,EAST,capacity_auction_table
LENNOX-LT.NRGCS_DRA,32,-0.033575000000000015,0.0,0.04537812499999999,46.955344270833336,EAST,capacity_auction_table
LENNOX-LT.NRGPEAKS_DRA,32,-0.033575000000000015,0.0,0.04537812499999999,46.955344270833336,EAST,capacity_auction_table
LENNOX-LT.NRSTORCI_DRA,32,-0.033575000000000015,0.0,0.04537812499999999,46.955344270833336,EAST,capacity_auction_table
LENNOX-LT.PEMBROKE_DRA,32,-0.033575000000000015,0.0,0.04537812499999999,46.955344270833336,EAST,capacity_auction_table
LENNOX-LT.RODANBTM_DRA,32,-0.033575000000000015,0.0,0.04537812499999999,46.955344270833336,EAST,capacity_auction_table
LENNOX-LT.VOLTUS_DRA,32,-0.033575000000000015,0.0,0.04537812499999999,46.955344270833336,EAST,capacity_auction_table
LESLIE-LT.LFBJQY,32,-0.132940625,0.0,-0.053771875000000004,46.85597864583334,TORONTO,capacity_auction_table
LIMEBANK-LT.LFJQ12,32,1.9605749999999997,0.033384375,2.0061625,48.94949427083333,OTTAWA,capacity_auction_table
LINCOLNHTS-LT.T1_LF,32,1.7680218749999999,0.033112499999999996,1.8139500000000002,48.75694114583333,,unassigned
LINDSAY-LT.LFBY,32,1.3636625,0.12217499999999999,1.3203906250000002,48.35258177083333,ESSA,capacity_auction_table
LISGAR-LT.T1_LF,32,1.718346875,0.033412500000000005,1.7637656250000002,48.70726614583333,OTTAWA,capacity_auction_table
LISKEARD-LT.AG_A,32,0.8965875000000002,0.09920312500000002,0.8763843750000001,47.88550677083333,,unassigned
LISKEARD-LT.AG_B,32,0.8965875000000002,0.09920312500000002,0.8763843750000001,47.88550677083333,,unassigned
LISKEARD-LT.AG_C,32,0.8965875000000002,0.09920312500000002,0.8763843750000001,47.88550677083333,,unassigned
LITTLELONG-LT.AG12_B,32,-3.5503531249999996,-2.33196875,-1.139409375,43.43856614583333,NORTHEAST,capacity_auction_table
LITTLELONG-LT.G3,32,-3.503278125,-2.33196875,-1.092409375,43.485641145833334,NORTHEAST,capacity_auction_table
LODGEROOM-LT.T12,32,2.796153125,0.009909375,2.8650187500000004,49.78507239583333,EAST,capacity_auction_table
LONGLAC-LT.LFBY,32,-1.342059375,-0.45031250000000006,-0.8129031250000001,45.64685989583333,NORTHWEST,capacity_auction_table
LONGLAKESF-LT.AG_T1,32,-1.500321875,0.09946250000000001,-1.5209812500000002,45.48859739583333,NORTHWEST,capacity_auction_table
LONGSAULTE-LT.G1,32,-1.816034375,0.09946250000000001,-1.836840625,45.172884895833334,,unassigned
LONGSAULTE-LT.G2,32,-1.816034375,0.09946250000000001,-1.836840625,45.172884895833334,,unassigned
LONGSAULTE-LT.G3,32,-1.816034375,0.09946250000000001,-1.836840625,45.172884895833334,,unassigned
LONGSAULTE-LT.G4,32,-1.816034375,0.09946250000000001,-1.836840625,45.172884895833334,,unassigned
LONGUEUIL-LT.LFJQ,32,0.56150625,0.034662500000000006,0.605959375,47.550425520833336,OTTAWA,capacity_auction_table
LONGWOODESN-LT.LFJQ,32,-1.90633125,-0.5271718750000001,-1.3005031249999999,45.08258802083333,WEST,capacity_auction_table
LORNEPARK-LT.LFBJ,32,0.05468124999999999,0.0,0.13384062500000002,47.04360052083334,TORONTO,capacity_auction_table
LOWERNOTCH-LT.AG12,32,0.544653125,0.09916250000000003,0.5242593750000001,47.533572395833325,,unassigned
LOWERSTGN-LT.AG_F1,32,0.252034375,0.09949062500000001,0.23135625,47.240953645833336,,unassigned
LOWERWHITE-LT.AG_T1,32,-2.45911875,0.282353125,-2.662346875,44.529800520833334,,unassigned
MACASSA-LT.T12,32,3.722425,0.833565625,2.9677656249999997,50.71134427083333,NORTHEAST,capacity_auction_table
MACASSAMILL-LT.T1_LF,32,3.5983062500000003,0.833565625,2.8436468749999997,50.587225520833336,NORTHEAST,capacity_auction_table
MACKAYCGS-LT.AG12,32,-0.869434375,0.09947812500000001,-0.890021875,46.11948489583333,NORTHEAST,capacity_auction_table
MACKAYCGS-LT.G3,32,0.10157812500000002,0.09950312500000003,0.081028125,47.090497395833324,NORTHEAST,capacity_auction_table
MACKENZIE-LT.T1_LF,32,0.550028125,0.282353125,0.3464125,47.53894739583333,NORTHWEST,capacity_auction_table
MAINS-LT.T3_LF,32,-0.14944062499999997,0.0,-0.070884375,46.83947864583333,,unassigned
MAITLAND-LT.TT_LF,32,-0.186746875,0.00016874999999999998,-0.10788125,46.80217239583333,,unassigned
MALDEN-LT_ENWIN,32,-0.829471875,-0.52583125,-0.22469687500000002,46.15944739583333,WEST,capacity_auction_table
MALVERN-LT.LFJQ,32,-0.22819375,0.0,-0.1493,46.760725520833326,TORONTO,capacity_auction_table
MANBYW-LT.LFBYQZ,32,0.00800625000000002,0.0,0.08683125000000001,46.99692552083334,TORONTO,capacity_auction_table
MANITOUFALLS-LT.AG12345,32,4.1781125,0.6553249999999999,3.601596875,51.16703177083334,,unassigned
MANITOULIN-LT.TT_LF,32,0.518090625,0.09942500000000003,0.49761249999999996,47.507009895833335,NORTHEAST,capacity_auction_table
MANITOUWADS-LT.T1_LF,32,-0.9753812499999999,0.282353125,-1.178909375,46.01353802083333,,unassigned
MANITOUWATS-LT.T1_LF,32,-0.958934375,0.282353125,-1.16239375,46.02998489583333,,unassigned
MANITOUWATS-TWIN-LT.AG12,32,-0.958934375,0.282353125,-1.16239375,46.02998489583333,,unassigned
MANORDALE-LT.T12,32,1.7217375000000004,0.032875,1.7679593750000002,48.71065677083333,OTTAWA,capacity_auction_table
MANOTICK-LT.T12,32,1.929390625,0.03264375,1.975521875,48.91830989583334,OTTAWA,capacity_auction_table
MARATHONDS-LT.T2_LF,32,-0.8865718749999999,0.282353125,-1.0900343749999999,46.102347395833334,NORTHWEST,capacity_auction_table
MARCHWOOD-LT.T12,32,1.9815781250000002,0.030756250000000002,2.0295156249999997,48.97049739583334,OTTAWA,capacity_auction_table
MARGACH-LT.TT_LF,32,1.0192125,0.64858125,0.44934999999999997,48.00813177083334,NORTHWEST,capacity_auction_table
MARIONVLE-LT.T1_LF,32,2.078903125,0.033384375,2.124403125,49.06782239583333,,unassigned
MARKHAM1-LT.LFBY,32,-0.227940625,0.0,-0.149084375,46.760978645833326,,unassigned
MARKHAM2-LT.LFJQ,32,-0.2515875,0.0,-0.1726,46.73733177083333,,unassigned
MARKHAM3-LT.LFEJYZ,32,-0.23413125,0.0,-0.1551125,46.75478802083333,,unassigned
MARKHAM4-LT.LFPR,32,-0.22004687499999998,0.0,-0.14109375,46.76887239583334,,unassigned
MARKHAMSTRGE-LT.FREG_TG,32,-0.20923750000000005,0.0,-0.130378125,46.77968177083333,,unassigned
MARTINDALE-LT.LFJ,32,0.436590625,0.09945,0.415975,47.42550989583333,NORTHEAST,capacity_auction_table
MARTINSMEDSF-LT.AG_T1,32,-1.5954218749999998,0.09946250000000001,-1.615959375,45.39349739583333,,unassigned
MASSEY-LT.T1_LF,32,0.42575312499999995,0.09946250000000001,0.40530312500000004,47.41467239583333,NORTHEAST,capacity_auction_table
MASTRONCTS-LT.LFB,32,-0.921725,-0.52583125,-0.31674375,46.06719427083334,,unassigned
MATTABI-LT.TT_LF,32,2.0642406249999996,0.8909124999999998,1.252015625,49.053159895833325,,unassigned
MATTAWADS-LT.LFB,32,-0.170678125,0.0988875,-0.190584375,46.818241145833326,NORTHEAST,capacity_auction_table
MAZINAW-LT.LFT1,32,0.9429062500000001,0.00103125,1.020875,47.93182552083332,EAST,capacity_auction_table
MCLEANSMTNWF-LT.AG_T1,32,0.42308125,0.09942500000000003,0.40255312500000007,47.41200052083334,,unassigned
MCMASTER-LT.LFQ12,32,-0.08140937499999995,-0.5270437499999999,0.52445625,46.907509895833336,SOUTHWEST,capacity_auction_table
MCMASTER-LT.T1_LF_DRA,32,-0.08140937499999995,-0.5270437499999999,0.52445625,46.907509895833336,SOUTHWEST,capacity_auction_table
MEADOWVALE-LT.LFEZ,32,-1.0265000000000002,-0.532746875,-0.414940625,45.962419270833344,SOUTHWEST,capacity_auction_table
MEAFORD-LT.T12,32,-0.8117562499999998,-0.517134375,-0.215684375,46.177163020833326,SOUTHWEST,capacity_auction_table
MERIVALE-LT.T1_LF,32,1.6228031250000001,0.033384375,1.668396875,48.61172239583333,OTTAWA,capacity_auction_table
MIDDLEPORT-LT.AESLNR1_DRA,32,-0.840334375,-0.5287625,-0.232853125,46.14858489583333,SOUTHWEST,capacity_auction_table
MIDDLEPORT-LT.DRCTENGY_DRA,32,-0.840334375,-0.5287625,-0.232853125,46.14858489583333,SOUTHWEST,capacity_auction_table
MIDDLEPORT-LT.EDGECOM_DRA,32,-0.840334375,-0.5287625,-0.232853125,46.14858489583333,SOUTHWEST,capacity_auction_table
MIDDLEPORT-LT.ENERCORP_DRA,32,-0.840334375,-0.5287625,-0.232853125,46.14858489583333,SOUTHWEST,capacity_auction_table
MIDDLEPORT-LT.ENERNOC_DRA,32,-0.840334375,-0.5287625,-0.232853125,46.14858489583333,SOUTHWEST,capacity_auction_table
MIDDLEPORT-LT.ENPOWINC_DRA,32,-0.840334375,-0.5287625,-0.232853125,46.14858489583333,SOUTHWEST,capacity_auction_table
MIDDLEPORT-LT.GCPROJECT_DRA,32,-0.840334375,-0.5287625,-0.232853125,46.14858489583333,SOUTHWEST,capacity_auction_table
MIDDLEPORT-LT.HCE_DRA,32,-0.840334375,-0.5287625,-0.232853125,46.14858489583333,SOUTHWEST,capacity_auction_table
MIDDLEPORT-LT.HHSC_DRA,32,-0.840334375,-0.5287625,-0.232853125,46.14858489583333,SOUTHWEST,capacity_auction_table
MIDDLEPORT-LT.NRGCS_DRA,32,-0.840334375,-0.5287625,-0.232853125,46.14858489583333,SOUTHWEST,capacity_auction_table
MIDDLEPORT-LT.NRSTORCI_DRA,32,-0.840334375,-0.5287625,-0.232853125,46.14858489583333,SOUTHWEST,capacity_auction_table
MIDDLEPORT-LT.OPG_DRA,32,-0.840334375,-0.5287625,-0.232853125,46.14858489583333,SOUTHWEST,capacity_auction_table
MIDDLEPORT-LT.RODANBTM_DRA,32,-0.840334375,-0.5287625,-0.232853125,46.14858489583333,SOUTHWEST,capacity_auction_table
MIDDLEPORT-LT.RODANCI_DRA,32,-0.840334375,-0.5287625,-0.232853125,46.14858489583333,SOUTHWEST,capacity_auction_table
MIDDLEPORT-LT.STELCO_DRA,32,-0.840334375,-0.5287625,-0.232853125,46.14858489583333,SOUTHWEST,capacity_auction_table
MIDDLEPORT-LT.STEM_DRA,32,-0.840334375,-0.5287625,-0.232853125,46.14858489583333,SOUTHWEST,capacity_auction_table
MIDDLEPORT-LT.UOG_DRA,32,-0.840334375,-0.5287625,-0.232853125,46.14858489583333,SOUTHWEST,capacity_auction_table
MIDDLEPORT-LT.VOLTUS_DRA,32,-0.840334375,-0.5287625,-0.232853125,46.14858489583333,SOUTHWEST,capacity_auction_table
MIDHURST-LT.LFBY,32,0.33032500000000004,0.10376250000000002,0.305478125,47.31924427083334,ESSA,capacity_auction_table
MIDHURST-LT_BARRIE,32,0.328878125,0.10376250000000002,0.304021875,47.31779739583334,ESSA,capacity_auction_table
MINAKIDS-LT.TT_LF,32,-0.22457187499999995,0.25380312499999996,-0.399528125,46.76434739583334,NORTHWEST,capacity_auction_table
MINDEN-LT.LF3,32,0.81606875,0.11485625,0.77978125,47.80498802083333,ESSA,capacity_auction_table
MISSIONFLS-LT.G1,32,-0.72880625,0.09946250000000001,-0.749615625,46.26011302083333,,unassigned
MISSISSAGI-230:LMP,32,-0.054503124999999986,0.09947812500000001,-0.07527812500000002,46.934416145833325,NORTHEAST,capacity_auction_table
MODELAND-LT.LFJQ,32,-1.9259374999999999,-0.5256625,-1.321628125,45.062981770833325,WEST,capacity_auction_table
MOE-LT.T1_LF,32,-0.4738375000000001,-0.516534375,0.12165937500000001,46.51508177083334,,unassigned
MOHAWK-LT.T1_LF,32,0.34674374999999996,-0.5270281250000001,0.9526406249999999,47.33566302083333,SOUTHWEST,capacity_auction_table
MONTEITH-LT.T1_LF,32,1.2434593749999998,0.8336156249999999,0.4889343750000001,48.23237864583333,NORTHEAST,capacity_auction_table
MOOSELAKE-LT.T23_LF,32,0.647015625,0.42859062499999995,0.29724375,47.63593489583334,NORTHWEST,capacity_auction_table
MOOSONEE-LT.TT_LF,32,-1.157909375,0.09946250000000001,-1.178578125,45.83100989583334,NORTHEAST,capacity_auction_table
MORRISBURG-LT.T1_LF,32,-0.511603125,0.0,-0.432721875,46.47731614583333,EAST,capacity_auction_table
MOULTON-LT.TT_LF,32,1.60225,0.0340625,1.6469437500000002,48.59116927083334,OTTAWA,capacity_auction_table
MTNCHUTE-LT.AG12,32,0.891640625,0.00103125,0.9695031249999998,47.88055989583333,,unassigned
MTNCHUTEDS-LT.17T1_LF,32,1.543640625,0.02044375,1.602175,48.53255989583334,,unassigned
MURILLO-LT.T1_LF,32,0.427434375,0.8346968750000001,-0.32844999999999996,47.41635364583333,NORTHWEST,capacity_auction_table
MURRAY-LT_H1DIST,32,-1.57445625,-0.2586375,-1.236878125,45.41446302083333,NIAGARA,capacity_auction_table
MURRAY-LT_NFHEC,32,-1.5730499999999996,-0.2586375,-1.2354875,45.415869270833326,NIAGARA,capacity_auction_table
MUSKOKA-LT.LFBY,32,1.0831,0.1097,1.0522625,48.07201927083332,ESSA,capacity_auction_table
NAGAGAMI-LT.G1,32,-3.0353031250000004,-2.06543125,-0.891065625,43.95361614583334,,unassigned
NAGAGAMI-LT.G2,32,-3.0353031250000004,-2.06543125,-0.891065625,43.95361614583334,,unassigned
NAMEWAMNKN-LT.AG_T1,32,-3.4863999999999997,-0.45031250000000006,-2.9571875,43.50251927083334,,unassigned
NANTSOLAR-LT.AG12,32,-0.9087093749999999,-0.529671875,-0.300196875,46.08020989583334,,unassigned
NAPANEE-LT.T12,32,0.018971875000000006,0.0,0.09794687499999999,47.007891145833334,EAST,capacity_auction_table
NAPANEEBESS-LT.BATT_LF1,32,-0.053403125,0.0,0.02558125,46.93551614583333,EAST,capacity_auction_table
NAPANEEBESS-LT.BATT_LF2,32,-0.053403125,0.0,0.02558125,46.93551614583333,EAST,capacity_auction_table
NAPANEEBESS-LT.BATT_TG1,32,-0.053403125,0.0,0.02558125,46.93551614583333,EAST,capacity_auction_table
NAPANEEBESS-LT.BATT_TG2,32,-0.053403125,0.0,0.02558125,46.93551614583333,EAST,capacity_auction_table
NAPANEECGS-LT.G1,32,-0.04763437500000001,0.0,0.031265625000000005,46.94128489583333,EAST,capacity_auction_table
NAPANEECGS-LT.G2,32,-0.04763437500000001,0.0,0.031265625000000005,46.94128489583333,EAST,capacity_auction_table
NAPANEECGS-LT.G3,32,-0.04763437500000001,0.0,0.031265625000000005,46.94128489583333,EAST,capacity_auction_table
NATIONALAERO-LT.T1_LF,32,1.656140625,0.033606250000000004,1.701709375,48.645059895833334,,unassigned
NAVAN-LT.T12,32,1.762234375,0.034090625,1.807075,48.751153645833334,OTTAWA,capacity_auction_table
NCARIBOULK-115.AG_LF,32,4.084378125,0.8909124999999998,3.2725343749999998,51.07329739583333,,unassigned
NCARIBOULK-LT.D1_LF,32,4.084378125,0.8909124999999998,3.2725343749999998,51.07329739583333,,unassigned
NEELONSTEEL-LT.TT_LF,32,0.466134375,0.09942500000000003,0.44581875,47.455053645833324,,unassigned
NELSON-LT.TT_LF,32,-0.9158499999999998,-0.524190625,-0.312803125,46.07306927083334,,unassigned
NELSONCHP2-LT.TG,32,-0.9158499999999998,-0.524190625,-0.312803125,46.07306927083334,,unassigned
NEPEAN-LT.LFJQ,32,1.535753125,0.034374999999999996,1.5801968750000002,48.524672395833335,OTTAWA,capacity_auction_table
NESTORFALLS-LT.T1_LF,32,1.3176781249999998,0.64858125,0.7478250000000001,48.30659739583333,NORTHWEST,capacity_auction_table
NEWINGTON-LT.T1_LF,32,-0.6672343749999999,0.0,-0.5884875,46.32168489583333,EAST,capacity_auction_table
NEWTON-LT.TT_LF,32,-0.004665624999999988,-0.5270281250000001,0.6011156249999999,46.98425364583333,SOUTHWEST,capacity_auction_table
NEXTSTAR-LT.T12,32,-0.587640625,-0.52583125,0.016824999999999996,46.40127864583334,WEST,capacity_auction_table
NIAGARALAKE-LT.T1_LF,32,-1.7282781249999999,-0.2586375,-1.3907656250000002,45.260641145833326,NIAGARA,capacity_auction_table
NIAGARAWEST-LT.LFBY,32,-1.2066937500000001,-0.5286437500000001,-0.599234375,45.78222552083333,SOUTHWEST,capacity_auction_table
NIPIGON-LT.24T1_LF,32,-4.40128125,-0.45031250000000006,-3.87215625,42.58763802083333,NORTHWEST,capacity_auction_table
NIPIGONGS-LT.G1,32,-4.709934375,-1.002590625,-3.6285906249999997,42.27898489583333,NORTHWEST,capacity_auction_table
NIPIGONGS-LT.G2,32,-4.709934375,-1.002590625,-3.6285906249999997,42.27898489583333,NORTHWEST,capacity_auction_table
NKENT1WF-LT.AG_T1,32,-1.491965625,-0.52583125,-0.8871531250000001,45.49695364583334,,unassigned
NORFOLK-LT.T12,32,-0.10007500000000003,-0.5284625,0.5071187500000001,46.88884427083334,SOUTHWEST,capacity_auction_table
NORTHAVE-LT.T2_LF,32,-0.12725000000000006,0.09950312500000003,-0.147646875,46.86166927083334,,unassigned
NORTHBAY-LT.TT_LF,32,0.83493125,0.09908437500000002,0.814896875,47.82385052083333,NORTHEAST,capacity_auction_table
NORTHBAYGS-LT.AG12,32,0.424365625,0.0991375,0.40413125,47.41328489583333,NORTHEAST,capacity_auction_table
NORTHBROOK-LT.T1_LF,32,2.4834625000000004,0.013396874999999997,2.548784375,49.47238177083333,,unassigned
NORTHSHORE-LT.T1_LF,32,-0.125996875,0.09946250000000001,-0.14661875000000002,46.86292239583333,NORTHEAST,capacity_auction_table
NOTL1-LT.T1_LF,32,-1.907553125,-0.2586375,-1.569909375,45.08136614583333,,unassigned
NOVACORUNNA-LT.LFAB,32,-1.9910187499999996,-0.5257937500000001,-1.386353125,44.99790052083333,WEST,capacity_auction_table
NOVAMOORE-LT.LFAB,32,-1.9936656250000002,-0.52581875,-1.388934375,44.99525364583334,WEST,capacity_auction_table
NOVASTCLAIR-LT.LFB,32,-1.9834125,-0.52576875,-1.378634375,45.005506770833335,,unassigned
NPIROQFALLS-LT.AG123,32,-0.045646874999999996,0.09946250000000001,-0.066053125,46.94327239583333,,unassigned
NPKIRKLAND-LT.AG123,32,3.198078125,0.55285,2.723965625,50.18699739583334,,unassigned
NPKIRKLAND-LT.AG45,32,3.1129374999999997,0.5528343749999999,2.639115625,50.101856770833336,,unassigned
NPKIRKLAND-LT.G6,32,3.1129374999999997,0.5528343749999999,2.639115625,50.101856770833336,,unassigned
NTLRESEARCH-LT.TT_LF,32,1.5753281249999997,0.034090625,1.6200124999999999,48.56424739583333,,unassigned
NUTRITE-LT.T1_LF,32,-0.48514687500000003,0.0,-0.40614687499999996,46.50377239583333,,unassigned
OAKVLE-LT.LFEZ,32,0.07422812499999998,0.0,0.153071875,47.06314739583333,,unassigned
ONAKAWANA-LT.T1_LF,32,-1.699728125,0.09946250000000001,-1.720065625,45.289191145833335,NORTHEAST,capacity_auction_table
ONEIDA-LT.BATT_LF1,32,-0.9034968750000001,-0.529671875,-0.295065625,46.08542239583333,,unassigned
ONEIDA-LT.BATT_LF2,32,-0.9060218750000001,-0.529671875,-0.297565625,46.082897395833335,,unassigned
ONEIDA-LT.BATT_TG1,32,-0.9034968750000001,-0.529671875,-0.295065625,46.08542239583333,,unassigned
ONEIDA-LT.BATT_TG2,32,-0.9060218750000001,-0.529671875,-0.297565625,46.082897395833335,,unassigned
ONTARIO_ZONAL_PRICE,32,0.00014375,-0.14483125,0.22383125,46.989063020833335,,unassigned
ONTARIO_ZONAL_PRICE_REF,32,0.0,-0.14483125,0.22368749999999996,46.98891927083334,,unassigned
ORANGEVLE-LT.LFBEYZ,32,-0.7311562500000001,-0.4822,-0.17004687500000001,46.25776302083333,,unassigned
ORILLIA-LT.LFBY,32,0.678765625,0.1071875,0.6502156250000001,47.66768489583333,ESSA,capacity_auction_table
ORLEANSTS-LT.T1_LFQ,32,1.742878125,0.034090625,1.7876843749999998,48.73179739583333,OTTAWA,capacity_auction_table
OSHAWAGM2-LT.LFABCD,32,-0.09512812500000001,0.0,-0.016431250000000005,46.893791145833326,TORONTO,capacity_auction_table
OTONABEE-LT.LFBJQY,32,0.3417625,0.0,0.42090625000000004,47.33068177083333,EAST,capacity_auction_table
OTTERRAPIDS-LT.AG_115_A,32,-3.2654093749999995,-2.330003125,-0.85668125,43.72350989583333,NORTHEAST,capacity_auction_table
OTTERRAPIDS-LT.AG_230_A,32,-3.2809062499999997,-2.330003125,-0.872159375,43.708013020833334,NORTHEAST,capacity_auction_table
OVERBROOK-LT.T2_LF,32,1.6392062500000002,0.0340625,1.6841687500000002,48.62812552083333,OTTAWA,capacity_auction_table
OWENSOUND-LT.LFJQ,32,-2.5732031249999996,-0.520296875,-1.974103125,44.415716145833336,SOUTHWEST,capacity_auction_table
OXYVINYLS-LT.T1_LF,32,-1.4019562500000002,-0.2586375,-1.0645375,45.58696302083333,,unassigned
PALERMO-LT_BURL,32,-0.736340625,-0.531353125,-0.126121875,46.25257864583333,SOUTHWEST,capacity_auction_table
PALMERSTON-LT.TT_LF,32,0.38008749999999997,-0.5095031250000001,0.9684,47.36900677083332,SOUTHWEST,capacity_auction_table
PANABRASIVES-LT.T1_LF,32,-1.0795031249999998,-0.2586375,-0.742003125,45.909416145833326,NIAGARA,capacity_auction_table
PAROCHES-LT.AG_T1,32,-0.2386531249999999,-0.52583125,0.36595000000000005,46.750266145833336,,unassigned
PARRYSOUND-LT.BATT_LF,32,-0.410228125,0.10264374999999999,-0.43395,46.57869114583334,ESSA,capacity_auction_table
PARRYSOUND-LT.BATT_TG,32,-0.410228125,0.10264374999999999,-0.43395,46.57869114583334,ESSA,capacity_auction_table
PARRYSOUND-LT.T12,32,-0.410228125,0.10264374999999999,-0.43395,46.57869114583334,ESSA,capacity_auction_table
PATRICKSTEEL-LT.10T1_LF,32,-0.18332812500000004,0.09950312500000003,-0.20399999999999996,46.805591145833326,NORTHEAST,capacity_auction_table
PATRICKSTEEL-LT.314T_LF,32,-0.18332812500000004,0.09950312500000003,-0.20399999999999996,46.805591145833326,NORTHEAST,capacity_auction_table
PATRICKSTEEL-LT.T6_LF,32,-0.18332812500000004,0.09950312500000003,-0.2040125,46.805591145833326,NORTHEAST,capacity_auction_table
PATRICKSTEEL-LT.T6_LF_DRA,32,-0.18332812500000004,0.09950312500000003,-0.20399999999999996,46.805591145833326,NORTHEAST,capacity_auction_table
PEMBROKE-LT_H1,32,2.107946875,0.00103125,2.185640625,49.09686614583334,EAST,capacity_auction_table
PERAULTFALLS-LT.T1_LF,32,3.6597125,0.713228125,3.0255156250000006,50.64863177083333,,unassigned
PETAWACRAIG-LT.TT_LF,32,2.12856875,0.115209375,2.092003125,49.11748802083333,,unassigned
PETAWAWA-LT.T12,32,2.144621875,0.115209375,2.108178125,49.133541145833334,ESSA,capacity_auction_table
PICDS-LT.TT_LF,32,-0.8071250000000001,0.282353125,-1.010546875,46.181794270833336,NORTHWEST,capacity_auction_table
PICKERINGA-LT.UPT1_LF,32,-0.343728125,0.0,-0.265034375,46.64519114583334,TORONTO,capacity_auction_table
PICKERINGAPS-LT.AG12,32,-0.40559375,0.0,-0.32668749999999996,46.58332552083334,TORONTO,capacity_auction_table
PICKERINGB-LT.G5,32,-0.381603125,0.0,-0.30245000000000005,46.60731614583333,TORONTO,capacity_auction_table
PICKERINGB-LT.G6,32,-0.373878125,0.0,-0.2947,46.61504114583334,TORONTO,capacity_auction_table
PICKERINGB-LT.G7,32,-0.43487187499999996,0.0,-0.35604375,46.55404739583333,TORONTO,capacity_auction_table
PICKERINGB-LT.G8,32,-0.43725624999999996,0.0,-0.3584125,46.55166302083333,TORONTO,capacity_auction_table
PICTON-LT.ESSROC_DRA,32,0.17180312500000003,0.0,0.250821875,47.160722395833325,EAST,capacity_auction_table
PICTON-LT.T12,32,0.17180312500000003,0.0,0.250821875,47.160722395833325,EAST,capacity_auction_table
PIKANGIKUM-LT.Q_70999-LF,32,7.019112500000001,0.713228125,6.384925,54.008031770833334,,unassigned
PINEPORTAGE-LT.AG12,32,-6.7955875,-2.128984375,-4.58765625,40.19333177083333,NORTHWEST,capacity_auction_table
PINEPORTAGE-LT.AG34,32,-6.7955875,-2.128984375,-4.58765625,40.19333177083333,NORTHWEST,capacity_auction_table
PIPERVILLE-LT.B12_LF,32,1.0310875,0.0225375,1.08749375,48.020006770833334,OTTAWA,capacity_auction_table
PLEASANT-LT.LFBEFJQVYZ,32,0.039237500000000015,0.0,0.11803125000000002,47.028156770833334,TORONTO,capacity_auction_table
PORTALMA-LT.AG_T1,32,-1.3247437499999999,-0.52584375,-0.719928125,45.66417552083334,,unassigned
PORTALMA2-LT.AG_T3,32,-1.3112812500000002,-0.52584375,-0.7065875,45.677638020833335,,unassigned
PORTARTHUR-LT.T1_LF,32,-1.4707000000000001,-0.45031250000000006,-0.9414875,45.51821927083333,,unassigned
PORTCOLBORNE-LT.TT6162,32,-1.05648125,-0.2586375,-0.7189625,45.93243802083333,NIAGARA,capacity_auction_table
PORTHOPE-LT.T1_LF,32,3.2081656249999995,0.00361875,3.28335,50.197084895833335,EAST,capacity_auction_table
PORTHOPEBESS1-LT.BATT_LF,32,3.21004375,0.00361875,3.285284375,50.19896302083333,EAST,capacity_auction_table
PORTHOPEBESS1-LT.BATT_TG,32,3.21004375,0.00361875,3.285284375,50.19896302083333,EAST,capacity_auction_table
PORTLANDS-LT.G1,32,-0.37080312499999996,0.374765625,-0.666775,46.61811614583333,,unassigned
PORTLANDS-LT.G2,32,-0.53053125,0.374765625,-0.82634375,46.458388020833326,,unassigned
PORTLANDS-LT.G3,32,0.12809062499999999,0.581171875,-0.37441250000000004,47.11700989583333,,unassigned
POWERLINE-LT.LFB,32,0.5568156250000001,-0.52678125,1.162403125,47.545734895833334,SOUTHWEST,capacity_auction_table
POWERLINE-LT.LFY,32,0.5568156250000001,-0.52678125,1.162403125,47.545734895833334,SOUTHWEST,capacity_auction_table
PRESTON-LT.LFJQ,32,-0.17267187500000003,-0.521640625,0.42797187500000006,46.81624739583333,SOUTHWEST,capacity_auction_table
PRINCEFARM-LT.AG_T1,32,-0.8898,0.09947812500000001,-0.910440625,46.099119270833334,,unassigned
PRINCEFARM2-LT.AG_T2,32,-0.874028125,0.09947812500000001,-0.894665625,46.114891145833326,,unassigned
PTBURWELL-LT.AG1,32,-0.10696875000000006,-0.524190625,0.49631249999999993,46.881950520833335,,unassigned
PUSLINCH-LT.T12,32,-0.14535,-0.51520625,0.44883125,46.843569270833335,SOUTHWEST,capacity_auction_table
RAILBEDWF-LT.AG_SR,32,-1.3616125,-0.52581875,-0.7568562499999999,45.62730677083332,,unassigned
RAINYRIVGLD-LT.LFAB,32,1.908153125,0.8909124999999998,1.096084375,48.897072395833334,,unassigned
RAINYRIVGLD-LT.LF_DRA,32,1.908153125,0.8909124999999998,1.096084375,48.897072395833334,,unassigned
RAMORE-LT.T1_LF,32,2.2903125,0.8335906249999999,1.5357593750000003,49.27923177083333,NORTHEAST,capacity_auction_table
RAYNER-LT.AG12,32,-0.8259781249999998,0.09946250000000001,-0.846746875,46.16294114583334,,unassigned
REDLAKE-LT.TT21_LF,32,6.630412500000001,0.713228125,5.996028125,53.61933177083333,NORTHWEST,capacity_auction_table
REDROCK-LT.AG12,32,-0.54451875,0.09946250000000001,-0.565296875,46.444400520833334,NORTHWEST,capacity_auction_table
REDROCKDS-LT.T1_LF,32,-4.39250625,-0.45031250000000006,-3.8633875,42.59641302083333,NORTHWEST,capacity_auction_table
RENISON-LT.T1_LF,32,-1.3718312500000003,0.09946250000000001,-1.392234375,45.61708802083333,NORTHEAST,capacity_auction_table
REXDALE-LT.LFBEZY,32,-0.13604687499999998,0.0,-0.056878124999999995,46.85287239583334,TORONTO,capacity_auction_table
RICHMOND-LT.T1_LF,32,1.9002187500000003,0.03264375,1.94654375,48.889138020833336,OTTAWA,capacity_auction_table
RICHMOND1-LT.LFAB,32,-0.16055312500000002,0.0,-0.081496875,46.828366145833336,OTTAWA,capacity_auction_table
RICHVIEW-230.REFERENCE:LMP,32,-0.078921875,0.0,0.0,46.90999739583333,TORONTO,capacity_auction_table
RICHVIEW-LT.LFBEJY,32,-0.07508437500000002,0.0,0.003546875,46.91383489583334,TORONTO,capacity_auction_table
RIPLEYSOUTH-LT.AG_T3,32,-2.8197125,-0.52146875,-2.219340625,44.16920677083334,,unassigned
RIVERDALE-LT.T2_LF,32,1.6381468750000001,0.034021875,1.6832031250000001,48.62706614583334,OTTAWA,capacity_auction_table
RIVERGOLD-LT.T1_LF,32,-0.565659375,0.09946250000000001,-0.586259375,46.42325989583333,,unassigned
ROCKLAND-LT.T1_LF,32,2.1151250000000004,0.034090625,2.159828125,49.10404427083333,OTTAWA,capacity_auction_table
ROCKLANDEAST-LT.TT12_L,32,2.1047124999999998,0.034090625,2.149371875,49.093631770833326,OTTAWA,capacity_auction_table
ROMNEYWF-LT.AG_T1,32,-1.0762625000000001,-0.52583125,-0.47158125,45.91265677083334,,unassigned
RUNNYMEDE-LT.T3_LF,32,0.141303125,0.0,0.22010937499999997,47.130222395833336,TORONTO,capacity_auction_table
RUSH-LT.T12,32,-0.272584375,-0.5129156250000001,0.3193375,46.716334895833334,,unassigned
RUSSELL-LT.T1_LF,32,1.58850625,0.0340625,1.6331562499999999,48.57742552083334,OTTAWA,capacity_auction_table
RUSSELLDS-LT.TT12_LF,32,1.84144375,0.033384375,1.88696875,48.83036302083334,OTTAWA,capacity_auction_table
SAMLAKE-LT.T1_LF,32,2.567821875,0.713228125,1.933434375,49.556741145833335,NORTHWEST,capacity_auction_table
SANDUSK-LT.AG_T1,32,-0.8924031250000001,-0.52925625,-0.284375,46.096516145833334,SOUTHWEST,capacity_auction_table
SANDYFALLS-LT.G1,32,0.4144125,0.09949062500000001,0.393559375,47.403331770833326,,unassigned
SAPAWE-LT.T12,32,1.061653125,0.8346968750000001,0.305628125,48.050572395833335,NORTHWEST,capacity_auction_table
SAULTRSVC-LT.BATT_LF,32,-0.12448124999999999,0.09950312500000003,-0.14490000000000003,46.864438020833326,,unassigned
SAULTRSVC-LT.BATT_TG,32,-0.12448124999999999,0.09950312500000003,-0.14490000000000003,46.864438020833326,,unassigned
SAUNDERS-LT.AG1234,32,-1.16519375,0.0,-1.0862749999999999,45.823725520833335,,unassigned
SAUNDERS-LT.AG3456,32,-1.1926750000000002,0.0,-1.11391875,45.796244270833334,,unassigned
SAUNDERS-LT.AG5678,32,-1.162378125,0.0,-1.083484375,45.826541145833325,,unassigned
SAUNDERS-LT.AG9012,32,-1.1856875,0.0,-1.1068624999999999,45.80323177083333,,unassigned
SCARBORO-LT.LFBJQY,32,-0.172315625,0.0,-0.09369687500000001,46.81660364583333,TORONTO,capacity_auction_table
SCHEIFELE-LT.LFBEJQZ,32,-0.34289375,-0.5091,0.245175,46.64602552083333,SOUTHWEST,capacity_auction_table
SCHREIBER-LT.T1_LF,32,-3.142290625,-0.45031250000000006,-2.6128625,43.846628645833334,,unassigned
SEAFORTH-LT.T12,32,-1.4091187500000002,-0.516534375,-0.813915625,45.57980052083334,SOUTHWEST,capacity_auction_table
SEATON-LT.ELEXICON_LF,32,-0.31111562499999995,0.0,-0.232228125,46.67780364583333,,unassigned
SERPENT-LT.G1,32,0.23403749999999998,0.09946250000000001,0.21339375000000002,47.22295677083333,,unassigned
SERPENT-LT.G2,32,0.23403749999999998,0.09946250000000001,0.21339375000000002,47.22295677083333,,unassigned
SHABAQUA-LT.T1_LF,32,0.6551624999999999,0.8346968750000001,-0.10060000000000002,47.64408177083333,NORTHWEST,capacity_auction_table
SHANNON-LT.AG_T1,32,-0.8278125,-0.4822,-0.266571875,46.16110677083333,,unassigned
SHARBOT-LT.T1_LF,32,0.619278125,0.009803125000000001,0.688421875,47.608197395833336,EAST,capacity_auction_table
SHELL-LT.LFAB,32,-1.9823968749999998,-0.52576875,-1.37761875,45.006522395833336,,unassigned
SHEPPARD-LT.LFEJKLQZ,32,-0.282,0.0,-0.20324062499999998,46.70691927083334,TORONTO,capacity_auction_table
SHININGTREE-LT.25T1_S_LF,32,1.0083906249999999,0.09949062500000001,0.9878312500000002,47.997309895833325,NORTHEAST,capacity_auction_table
SIDNEY-LT.AG_M1,32,2.9391906249999997,0.005443750000000001,3.0127124999999997,49.92810989583333,EAST,capacity_auction_table
SIDNEY-LT.T1_LF,32,2.9391906249999997,0.005443750000000001,3.0127124999999997,49.92810989583333,EAST,capacity_auction_table
SILVERCRKSF-LT.AG_T1,32,-0.31825937499999996,-0.524190625,0.284590625,46.67065989583333,,unassigned
SILVERFALLS-LT.G1,32,-1.2277656250000002,-1.002590625,-0.1462875,45.76115364583333,,unassigned
SIOUXNARROWS-LT.TT_LF,32,1.239271875,0.64858125,0.669775,48.228191145833335,NORTHWEST,capacity_auction_table
SITHEG-LT.G11,32,-0.23540625000000004,0.0,-0.15650624999999999,46.75351302083334,,unassigned
SITHEG-LT.G12,32,-0.23540625000000004,0.0,-0.15650624999999999,46.75351302083334,,unassigned
SITHEG-LT.G13,32,-0.23540625000000004,0.0,-0.15650624999999999,46.75351302083334,,unassigned
SITHEG-LT.G15,32,-0.23540625000000004,0.0,-0.15650624999999999,46.75351302083334,,unassigned
SLATEFALLS-LT.T1_LF,32,5.367290625,0.713228125,4.73275625,52.35620989583333,NORTHWEST,capacity_auction_table
SLATER-LT.T1_LF,32,1.690925,0.0338125,1.736096875,48.679844270833335,OTTAWA,capacity_auction_table
SMITHSFALLS-LT.LFJY,32,-0.268240625,0.00016874999999999998,-0.18951874999999999,46.72067864583334,EAST,capacity_auction_table
SMOKYFALLS-LT.AG12,32,-3.5829906249999994,-2.33196875,-1.1720375,43.405928645833335,,unassigned
SMOKYFALLS-LT.G3,32,-3.312378125,-2.2847187499999997,-0.948853125,43.67654114583333,,unassigned
SMOOTHRKFCGS-LT.AG12,32,-3.865915625,-1.881953125,-1.9051625,43.123003645833336,,unassigned
SMOOTHROCK-LT.TT_LF,32,-3.756278125,-1.8843750000000001,-1.7928499999999998,43.23264114583333,,unassigned
SOUTHGATESF-LT.AG_T1,32,-1.62728125,-0.494375,-1.053890625,45.36163802083333,,unassigned
SOUTHMARCH-LT.LFQY,32,1.5446156249999998,0.03454375,1.5888656250000002,48.53353489583333,OTTAWA,capacity_auction_table
SOUTHMIDDLRD1-LT.LFJ,32,-0.9539749999999999,-0.52583125,-0.3493375,46.034944270833336,,unassigned
SOWERBY-LT.T1_LF,32,-0.5370875,0.09946250000000001,-0.557840625,46.45183177083334,NORTHEAST,capacity_auction_table
SPANISH-LT.T1_LF,32,0.37745625,0.09946250000000001,0.356946875,47.36637552083334,NORTHEAST,capacity_auction_table
SPEEDIERBESS-LT.BATT_LF,32,-0.410228125,0.10264374999999999,-0.43395,46.57869114583334,,unassigned
SPEEDIERBESS-LT.BATT_TG,32,-0.410228125,0.10264374999999999,-0.43395,46.57869114583334,,unassigned
SPENCECGS-LT.AG_T1,32,-1.448490625,-0.525728125,-0.8441124999999999,45.54042864583334,WEST,capacity_auction_table
SPRUCEFALLS-LT.T1_LF,32,-0.59165,0.306040625,-0.819109375,46.39726927083333,NORTHEAST,capacity_auction_table
SPRUCEFLSPP-LT.AT789_LF,32,-0.6563374999999999,0.306040625,-0.883390625,46.332581770833336,,unassigned
STANDREW-LT.TT_LF,32,-1.8553781249999999,-0.525703125,-1.25079375,45.133541145833334,,unassigned
STANLEY-LT.T1_LF,32,-1.834059375,-0.2586375,-1.4965906249999998,45.15485989583334,,unassigned
STATION17-LT.TB1_LF,32,-1.2861562500000001,-0.2586375,-0.948378125,45.70276302083332,,unassigned
STAYNER-LT.T4_LFY,32,0.28301250000000006,0.10264374999999999,0.25929375000000005,47.27193177083333,ESSA,capacity_auction_table
STCLAIRCGS-LT.AG_T3,32,-1.9947,-0.525728125,-1.39001875,44.994219270833334,,unassigned
STCLAIRCGS-LT.AG_T4,32,-2.0022281250000002,-0.525728125,-1.397546875,44.98669114583333,,unassigned
STEEPHILLF-LT.G1,32,-0.6241593750000001,0.09946250000000001,-0.6446437500000001,46.36475989583334,,unassigned
STELCO-LT.T1_LF,32,-0.89850625,-0.529671875,-0.290134375,46.09041302083333,,unassigned
STELCO-LT.T1_LF_DRA,32,-0.8994156249999999,-0.529671875,-0.291028125,46.08950364583334,,unassigned
STEWARTVLE-LT.AG123,32,1.7331750000000001,0.024165625,1.7880593750000002,48.72209427083334,,unassigned
STEWARTVLE-LT.AG45,32,1.7331750000000001,0.024165625,1.7880593750000002,48.72209427083334,,unassigned
STEWARTVLE-LT.T67,32,1.7331750000000001,0.024165625,1.7880593750000002,48.72209427083334,,unassigned
STIRTON-LT.T1_LF,32,-0.43747187499999995,-0.528775,0.17032187500000004,46.55144739583334,SOUTHWEST,capacity_auction_table
STISIDORE-LT.LFB,32,0.45290625,0.034662500000000006,0.4971343750000001,47.44182552083333,OTTAWA,capacity_auction_table
STLAWRENCE-LT.LFJQ,32,-1.093590625,0.0,-1.014571875,45.89532864583333,EAST,capacity_auction_table
STMARY-LT.TT_LF,32,0.19754375,-0.514725,0.7912156249999999,47.18646302083334,,unassigned
STMARYCMNT-LT.T1_LF,32,0.13834375000000002,-0.516534375,0.73376875,47.12726302083333,,unassigned
STMARYS-LT.TT_LF,32,-0.12274687499999999,0.09950312500000003,-0.14313125000000002,46.86617239583334,SOUTHWEST,capacity_auction_table
STONEMILLS-LT.AG_T1,32,0.159615625,0.0005468749999999999,0.23793125,47.148534895833336,,unassigned
STRACHAN-LT.TT1_LF,32,0.41265624999999995,0.0,0.491525,47.401575520833326,TORONTO,capacity_auction_table
STRATFORD-LT.LFBY,32,-0.789384375,-0.514009375,-0.19615000000000002,46.199534895833324,SOUTHWEST,capacity_auction_table
STRATHCONA-LT.TT_LF,32,0.536778125,0.09942500000000003,0.516225,47.52569739583333,,unassigned
STRATHROY-LT.TT_LF,32,-0.604734375,-0.524190625,-0.0017749999999999895,46.384184895833336,WEST,capacity_auction_table
STRIKER-LT.TT_LF,32,0.02204374999999999,0.09946250000000001,0.0016874999999999991,47.01096302083332,NORTHEAST,capacity_auction_table
STURGEONFALL-LT.G2,32,0.224403125,0.42859062499999995,-0.12532187500000003,47.21332239583334,,unassigned
STURGEONFALL-LT.LFB,32,0.224403125,0.42859062499999995,-0.12532187500000003,47.21332239583334,,unassigned
SUMMERHAVEN-LT.AG_T1,32,-0.9222437499999999,-0.5293843749999999,-0.31396874999999996,46.066675520833336,SOUTHWEST,capacity_auction_table
SUNCANADIAN-LT.T1_LF,32,-1.568446875,-0.525703125,-0.9641187499999999,45.420472395833336,,unassigned
SUNOCO-LT.T1_LF,32,-1.891134375,-0.525703125,-1.286921875,45.09778489583334,WEST,capacity_auction_table
SUTHERLAND-LT.AG12,32,-2.62546875,0.09946250000000001,-2.6461687499999997,44.36345052083333,,unassigned
TALBOT-LT.LFBJQY,32,-0.897653125,-0.524190625,-0.294571875,46.09126614583334,WEST,capacity_auction_table
TAOHSC-LT.AG2012,32,1.614184375,0.034046875,1.6589468749999998,48.603103645833336,,unassigned
TASARNIA-LT.G861,32,-2.0305874999999998,-0.525703125,-1.4259875,44.95833177083333,,unassigned
TASARNIA-LT.G871,32,-2.0305874999999998,-0.525703125,-1.4259875,44.95833177083333,,unassigned
TASARNIA-LT.G881,32,-2.0305874999999998,-0.525703125,-1.4259875,44.95833177083333,,unassigned
TASARNIA-LT.G891,32,-2.0305874999999998,-0.525703125,-1.4259875,44.95833177083333,,unassigned
TAWINDSOR-LT.AG12,32,-0.41530000000000006,-0.52583125,0.18919062499999997,46.57361927083334,,unassigned
TBAYBOWATER-LOADS,32,-1.0764437500000001,-0.45031250000000006,-0.546896875,45.91247552083333,,unassigned
TBAYBOWATER-LT.AG36,32,-1.0764437500000001,-0.45031250000000006,-0.546896875,45.91247552083333,,unassigned
TBAYBOWATER-LT.AT2_LF_DRA,32,-1.0764437500000001,-0.45031250000000006,-0.546896875,45.91247552083333,,unassigned
TCPLBRACEB-LT.LF_HONI,32,0.9923718749999999,0.1097,0.961553125,47.98129114583333,,unassigned
TCPLVERMIL-LT.LF123,32,1.9047656249999998,0.8909124999999998,1.0925843750000002,48.893684895833324,,unassigned
TCPP4S-LT.T1_LF,32,3.1564750000000004,0.004440625,3.23079375,50.14539427083334,,unassigned
TCPQ6S-LT.TT_LF,32,1.7057749999999998,0.004284375,1.7802624999999999,48.69469427083334,,unassigned
TEMAGAMI-LT.T1_LF,32,0.9402874999999998,0.09918750000000003,0.9195812499999999,47.92920677083333,,unassigned
TERAULEY-LT.T1_LF,32,-0.04386874999999999,0.0,0.03491875,46.94505052083333,TORONTO,capacity_auction_table
TERRYFOX-LT.LFJQ,32,1.48498125,-0.00081875,1.5644312500000002,48.473900520833325,EAST,capacity_auction_table
THORNTON-LT.LFBY,32,-0.10326874999999998,0.0,-0.024559374999999998,46.88565052083334,,unassigned
THOROLD-LT.T1_LF,32,-1.5668875,-0.2586375,-1.22945625,45.422031770833335,,unassigned
THOROLDAB-LT.LFB,32,-1.6375250000000001,-0.258740625,-1.299896875,45.35139427083334,,unassigned
THOROLDACI-LT.T61_LF,32,-1.5642625,-0.2586375,-1.2267531249999999,45.42465677083334,,unassigned
THOROLDGS-LT.AG12,32,-1.6375250000000001,-0.258740625,-1.299896875,45.35139427083334,,unassigned
TILBURYBESS-LT.BATT_LF1,32,0.004471875000000051,-0.52583125,0.609259375,46.993391145833336,WEST,capacity_auction_table
TILBURYBESS-LT.BATT_LF2,32,0.004471875000000051,-0.52583125,0.609259375,46.993391145833336,WEST,capacity_auction_table
TILBURYBESS-LT.BATT_TG1,32,0.004471875000000051,-0.52583125,0.609259375,46.993391145833336,WEST,capacity_auction_table
TILBURYBESS-LT.BATT_TG2,32,0.004471875000000051,-0.52583125,0.609259375,46.993391145833336,WEST,capacity_auction_table
TILBURYWEST-LT_H1,32,0.015559374999999967,-0.52583125,0.620328125,47.00447864583334,WEST,capacity_auction_table
TILLSONBURG-LT.TT_LF,32,0.14790312500000002,-0.524190625,0.750775,47.13682239583333,WEST,capacity_auction_table
TIMMINS-LT.T62_LF,32,0.4144125,0.09949062500000001,0.393559375,47.403331770833326,NORTHEAST,capacity_auction_table
TIMWESTMINE-LT.T1,32,0.51278125,0.09949062500000001,0.49215937499999995,47.50170052083333,,unassigned
TOMKEN-LT.LFBEYZ,32,-0.13610312500000002,0.0,-0.056940625,46.85281614583332,TORONTO,capacity_auction_table
TOYOTAWDSTCK-LT.LFJQ,32,-0.32306562499999997,-0.52615625,0.28199375,46.66585364583333,,unassigned
TRADERSBLVD-LT.L1_LF,32,-0.17475312500000004,0.0,-0.095734375,46.814166145833326,,unassigned
TRAFALGRDESN-LT.LFBY,32,-0.8602906250000001,-0.532746875,-0.2488,46.12862864583334,,unassigned
TREMAINE-LT.LFBY,32,-0.71758125,-0.530946875,-0.10778125,46.27133802083333,SOUTHWEST,capacity_auction_table
TROUTLAKE-LT.LFBY,32,0.44759374999999996,0.09912500000000002,0.427325,47.43651302083333,NORTHEAST,capacity_auction_table
TUNISGS-LT.G1,32,-0.590815625,0.09946250000000001,-0.61128125,46.39810364583334,,unassigned
TUNISGS-LT.G2,32,-0.590815625,0.09946250000000001,-0.61128125,46.39810364583334,,unassigned
TWINNEY1-LT.BATT_LF,32,1.139340625,0.1277625,1.090721875,48.12825989583334,,unassigned
TWINNEY1-LT.BATT_TG,32,1.139340625,0.1277625,1.090721875,48.12825989583334,,unassigned
TWINNEY2-LT.BATT_LF,32,1.139340625,0.1277625,1.090721875,48.12825989583334,,unassigned
TWINNEY2-LT.BATT_TG,32,1.139340625,0.1277625,1.090721875,48.12825989583334,,unassigned
UMBATAFALLS-LT.AG_MPT1,32,-2.431553125,0.282353125,-2.635053125,44.55736614583333,,unassigned
UNDERWOODWGS-LT.AG_T1,32,-2.7449125,-0.519009375,-2.146853125,44.24400677083333,,unassigned
UNDERWOODWGS-LT.AG_T2,32,-2.7420812499999996,-0.514815625,-2.1481999999999997,44.24683802083334,,unassigned
UNIAVEPG-LT.L1_LF,32,0.5925250000000001,0.00039062499999999997,0.670990625,47.58144427083332,,unassigned
UPLANDS-LT.TOTAL_LOAD,32,1.653459375,0.033606250000000004,1.6989750000000001,48.64237864583333,OTTAWA,capacity_auction_table
UPPERWHITE-LT.AG_T1,32,-2.285440625,0.282353125,-2.488796875,44.70347864583334,,unassigned
VALORA-LT.T1_LF,32,2.045665625,0.8909124999999998,1.2332625000000002,49.034584895833326,NORTHWEST,capacity_auction_table
VALRIEFALLS-LT.G1,32,0.5810125,0.42859062499999995,0.231425,47.56993177083333,,unassigned
VALRIEFALLS-LT.G2,32,0.5810125,0.42859062499999995,0.231425,47.56993177083333,,unassigned
VANSICKLE-LT.T5_LF,32,-1.746565625,-0.2586375,-1.40905,45.242353645833326,NIAGARA,capacity_auction_table
VAUGHAN1-LT.LFABCD,32,-0.13301875,0.0,-0.0541875,46.85590052083333,,unassigned
VAUGHAN1BESS-LT.BATT_LF1,32,-0.13348125,0.0,-0.05462187499999999,46.85543802083333,,unassigned
VAUGHAN1BESS-LT.BATT_LF2,32,-0.13348125,0.0,-0.05462187499999999,46.85543802083333,,unassigned
VAUGHAN1BESS-LT.BATT_TG1,32,-0.13348125,0.0,-0.05462187499999999,46.85543802083333,,unassigned
VAUGHAN1BESS-LT.BATT_TG2,32,-0.13348125,0.0,-0.05462187499999999,46.85543802083333,,unassigned
VAUGHAN2-LT.LFAB,32,-0.13981875,0.0,-0.060849999999999994,46.84910052083333,,unassigned
VAUGHAN3-LT.LFA,32,-0.134678125,0.0,-0.05556562500000001,46.85424114583333,,unassigned
VAUGHAN3BESS-LT.BATT_LF1,32,-0.134678125,0.0,-0.05556562500000001,46.85424114583333,,unassigned
VAUGHAN3BESS-LT.BATT_LF2,32,-0.134678125,0.0,-0.05556562500000001,46.85424114583333,,unassigned
VAUGHAN3BESS-LT.BATT_TG1,32,-0.134678125,0.0,-0.05556562500000001,46.85424114583333,,unassigned
VAUGHAN3BESS-LT.BATT_TG2,32,-0.134678125,0.0,-0.05556562500000001,46.85424114583333,,unassigned
VAUGHAN4-LT.LFA,32,0.39164062499999996,0.129959375,0.340628125,47.38055989583333,,unassigned
VERMILLION-LT.T1_LF,32,1.670371875,0.713228125,1.03581875,48.65929114583333,,unassigned
VERNER-LT.TT_LF,32,0.8134,0.09924062500000001,0.792946875,47.802319270833344,NORTHEAST,capacity_auction_table
VICTORIAMINE-LT.TT_LF,32,0.3823625,0.09946250000000001,0.361646875,47.37128177083334,NORTHEAST,capacity_auction_table
VINELAND-LT_PENWEST,32,-0.8737406249999999,-0.2586375,-0.535990625,46.11517864583334,NIAGARA,capacity_auction_table
VOYAGEUR-LT.T1_LF,32,1.96455625,0.64858125,1.3948906250000002,48.95347552083334,NORTHWEST,capacity_auction_table
WALKER-LT.LFBY,32,-0.41351249999999995,-0.52583125,0.19096562500000003,46.57540677083333,,unassigned
WALKER-LT.LFEQ,32,-0.4109375,-0.52583125,0.19354062500000002,46.57798177083333,,unassigned
WALKERBESS4-LT.BATT_LF,32,-0.434671875,-0.52583125,0.16981875000000002,46.55424739583333,,unassigned
WALKERBESS4-LT.BATT_TG,32,-0.434671875,-0.52583125,0.16981875000000002,46.55424739583333,,unassigned
WALKERBESS5-LT.BATT_LF,32,-0.42683124999999994,-0.52583125,0.17765625,46.562088020833336,,unassigned
WALKERBESS5-LT.BATT_TG,32,-0.42683124999999994,-0.52583125,0.17765625,46.562088020833336,,unassigned
WALKERBESS6-LT.BATT_LF,32,-0.41090937499999997,-0.52583125,0.19355625,46.57800989583333,,unassigned
WALKERBESS6-LT.BATT_TG,32,-0.41090937499999997,-0.52583125,0.19355625,46.57800989583333,,unassigned
WALLACE-LT.LFQY,32,0.5603593749999999,0.11499999999999999,0.5242,47.54927864583332,ESSA,capacity_auction_table
WALLACEBURG-LT.TT_LF,32,-1.6971187500000002,-0.52585625,-1.0922875,45.29180052083333,WEST,capacity_auction_table
WANSTEAD-LT.T1_LF,32,-1.64841875,-0.5252593750000001,-1.04439375,45.34050052083334,WEST,capacity_auction_table
WARDEN-LT.LFJQ,32,-0.16475937500000004,0.0,-0.08587499999999999,46.82415989583334,TORONTO,capacity_auction_table
WARREN-LT.TT_LF,32,0.7290375,0.09928125000000003,0.70859375,47.717956770833325,NORTHEAST,capacity_auction_table
WATERLOO3-LT.T1_LF,32,-0.37100937500000003,-0.510625,0.21855625,46.61790989583334,,unassigned
WAUBAUSHENE-LT.T56,32,0.01354999999999996,0.10264374999999999,-0.01046875,47.00246927083333,ESSA,capacity_auction_table
WAWA-115:LMP,32,-0.684303125,0.09946250000000001,-0.704853125,46.304616145833336,,unassigned
WAWA-230:LMP,32,-0.558340625,0.264996875,-0.7445937499999999,46.43057864583333,,unassigned
WAWAITIN-LT.AG_M8,32,0.4144125,0.09949062500000001,0.393559375,47.403331770833326,,unassigned
WAWATAY-LT.G1,32,-1.5730562499999998,0.282353125,-1.7765531250000002,45.41586302083332,,unassigned
WAWATAY-LT.G2,32,-1.5730562499999998,0.282353125,-1.7765531250000002,45.41586302083332,,unassigned
WAWATAY-LT.G3,32,-1.5730562499999998,0.282353125,-1.7765531250000002,45.41586302083332,,unassigned
WDSTOCKLFRGE-LT.T3_LF,32,-0.9407437499999999,-0.524190625,-0.337515625,46.04817552083333,,unassigned
WDSTOCKLFRGE-LT.TT1_LF_DRA,32,-0.9407437499999999,-0.524190625,-0.337515625,46.04817552083333,,unassigned
WELLS-LT.G1,32,-0.054503124999999986,0.09947812500000001,-0.07527812500000002,46.934416145833325,,unassigned
WELLS-LT.G2,32,-0.054503124999999986,0.09947812500000001,-0.07527812500000002,46.934416145833325,,unassigned
WENDOVER-LT.T12,32,2.222953125,0.034090625,2.267534375,49.21187239583333,OTTAWA,capacity_auction_table
WESTLINWF-LT.AG_T1T2,32,-1.018903125,-0.528775,-0.411340625,45.970016145833334,,unassigned
WESTONLAKE-LT.T1_LF,32,0.613221875,0.09949062500000001,0.5926593750000001,47.602141145833336,NORTHEAST,capacity_auction_table
WESTWINDSOR-LT.AG12,32,-0.7713625000000001,-0.52583125,-0.16654062500000003,46.21755677083333,,unassigned
WESTWINDSOR-LT.G3,32,-0.7713625000000001,-0.52583125,-0.16654062500000003,46.21755677083333,,unassigned
WEYERHAEUSER-LT.T1_LF_DRA,32,1.1802875000000002,0.621665625,0.63743125,48.169206770833334,,unassigned
WEYERHAUS-LT.T1_LF,32,1.1802875000000002,0.621665625,0.63743125,48.169206770833334,,unassigned
WHARNCLIFFE-LT.T1_LF,32,-0.7973750000000001,0.09946250000000001,-0.8180125,46.19154427083333,NORTHEAST,capacity_auction_table
WHITBY-LT.LFBEJQYZ,32,-0.290409375,0.0,-0.21157499999999999,46.69850989583333,TORONTO,capacity_auction_table
WHITBYCGS-LT.G1,32,-0.043546875000000006,0.0,0.03535625,46.945372395833324,TORONTO,capacity_auction_table
WHITEDOG-LT.AG123,32,-2.69526875,-1.800246875,-0.81605,44.29365052083333,,unassigned
WHITEFISH-LT.T1_LF,32,0.5887749999999999,0.09942500000000003,0.5684125000000001,47.57769427083333,NORTHEAST,capacity_auction_table
WHITERIVER-LT.TT_LF,32,-1.8430906249999996,0.282353125,-2.04660625,45.145828645833326,NORTHWEST,capacity_auction_table
WILHAVEN-LT.T12,32,1.847715625,0.034090625,1.89244375,48.836634895833335,OTTAWA,capacity_auction_table
WILIAMS-LT.TT_LF,32,-1.7241687499999998,0.282353125,-1.92761875,45.26475052083333,,unassigned
WILMOT-LT.LF111,32,-0.41175000000000006,-0.51270625,0.1797375,46.57716927083334,,unassigned
WILSON-LT.LFEZ,32,-0.23158749999999997,0.0,-0.15251875,46.75733177083333,,unassigned
WILSON-LT.LFJQ,32,-0.23158749999999997,0.0,-0.15251875,46.75733177083333,,unassigned
WILTSHIRE-LT.TT1_LF,32,0.18217812499999997,0.0,0.261115625,47.17109739583333,TORONTO,capacity_auction_table
WINDSORSF-LT.AG_T1,32,-0.492459375,-0.52583125,0.11218125000000001,46.49645989583333,,unassigned
WINGHAM-LT.LFBY,32,-2.104840625,-0.5187343750000001,-1.5071281250000002,44.884078645833334,SOUTHWEST,capacity_auction_table
WINONA-LT.T1_LF,32,-0.31195,-0.5021062500000001,0.26874375,46.67696927083333,SOUTHWEST,capacity_auction_table
WINSTON-LT.T1_LF,32,-3.2760687500000003,-0.45031250000000006,-2.746878125,43.712850520833335,,unassigned
WOLFEISLAND-LT.AG_T1,32,0.072296875,0.00042812499999999996,0.150896875,47.06121614583333,,unassigned
WOLVERTON-LT.TT_LF,32,-0.20615625,-0.513109375,0.38595312499999995,46.78276302083333,SOUTHWEST,capacity_auction_table
WONDERLAND-LT.LFBY,32,-1.0629625,-0.524334375,-0.459821875,45.92595677083333,WEST,capacity_auction_table
WOODBRIDGE-LT_VAUG,32,-0.160440625,0.0,-0.08145,46.82847864583332,TORONTO,capacity_auction_table
WOODROFFE-LT.TT13_LF,32,1.7613625,0.033124999999999995,1.80733125,48.75028177083333,OTTAWA,capacity_auction_table
WOODSTOCK-LT_WOOD,32,-0.45320000000000005,-0.52605,0.151675,46.53571927083333,SOUTHWEST,capacity_auction_table
YELLOWFALLS-LT.AG_T1,32,-3.89763125,-1.8789875,-1.939684375,43.09128802083333,,unassigned
YORKBESS-LT.BATT_LF,32,1.45831875,0.135846875,1.4014468750000002,48.44723802083333,,unassigned
YORKBESS-LT.BATT_TG,32,1.45831875,0.135846875,1.4014468750000002,48.44723802083333,,unassigned
YORKCGS-LT.G1,32,1.7826531250000002,0.4735375000000001,1.3882,48.771572395833324,,unassigned
YORKCGS-LT.G2,32,1.514403125,0.4735500000000001,1.11995,48.50332239583332,,unassigned
YOUNGDAVIDSN-LT.TT26,32,8.48778125,0.833565625,7.733003125000001,55.47670052083333,,unassigned
YOUNGDAVIDSN-LT.TT_LF_DRA,32,8.48778125,0.833565625,7.733003125000001,55.47670052083333,,unassigned
ZURICH-LT.AG_T1,32,-1.810065625,-0.516390625,-1.2150125,45.17885364583333,,unassigned
