timestamp_utc,da_ozp_dollars_per_mwh,lfda_dollars_per_mwh,oemp_dollars_per_mwh,solar_mw,solar_share,season,day_type,tou_period,tou_offset_dollars_per_mwh,tou_wedge_dollars_per_mwh,ulo_period,ulo_offset_dollars_per_mwh,ulo_wedge_dollars_per_mwh
2026-07-01T05:00:00+00:00,44.99,-0.18,44.81,0.0,0.0,summer,weekend_holiday,off_peak,98.0,53.19,ultra_low_overnight,39.0,-5.81
2026-07-01T06:00:00+00:00,44.2,0.01,44.21,0.0,0.0,summer,weekend_holiday,off_peak,98.0,53.79,ultra_low_overnight,39.0,-5.21
2026-07-01T07:00:00+00:00,36.8,-0.06,36.74,0.0,0.0,summer,weekend_holiday,off_peak,98.0,61.26,ultra_low_overnight,39.0,2.26
2026-07-01T08:00:00+00:00,36.12,0.06,36.18,0.0,0.0,summer,weekend_holiday,off_peak,98.0,61.82,ultra_low_overnight,39.0,2.82
2026-07-01T09:00:00+00:00,36.14,0.13,36.27,0.0,0.0,summer,weekend_holiday,off_peak,98.0,61.73,ultra_low_overnight,39.0,2.73
2026-07-01T10:00:00+00:00,35.7,0.56,36.26,2.0,9.9e-05,summer,weekend_holiday,off_peak,98.0,61.74,ultra_low_overnight,39.0,2.74
2026-07-01T11:00:00+00:00,40.35,0.24,40.59,35.0,0.001724,summer,weekend_holiday,off_peak,98.0,57.41,weekend_off_peak,98.0,57.41
2026-07-01T12:00:00+00:00,52.14,0.34,52.48,125.0,0.005981,summer,weekend_holiday,off_peak,98.0,45.52,weekend_off_peak,98.0,45.52
2026-07-01T13:00:00+00:00,74.08,0.8,74.88,215.0,0.010002,summer,weekend_holiday,off_peak,98.0,23.12,weekend_off_peak,98.0,23.12
2026-07-01T14:00:00+00:00,92.57,1.32,93.89,279.0,0.012565,summer,weekend_holiday,off_peak,98.0,4.11,weekend_off_peak,98.0,4.11
2026-07-01T15:00:00+00:00,152.66,1.48,154.14,322.0,0.014204,summer,weekend_holiday,off_peak,98.0,-56.14,weekend_off_peak,98.0,-56.14
2026-07-01T16:00:00+00:00,212.61,-0.15,212.46,344.0,0.014575,summer,weekend_holiday,off_peak,98.0,-114.46,weekend_off_peak,98.0,-114.46
2026-07-01T17:00:00+00:00,219.32,0.32,219.64,333.0,0.013863,summer,weekend_holiday,off_peak,98.0,-121.64,weekend_off_peak,98.0,-121.64
2026-07-01T18:00:00+00:00,204.11,0.29,204.4,318.0,0.013115,summer,weekend_holiday,off_peak,98.0,-106.4,weekend_off_peak,98.0,-106.4
2026-07-01T19:00:00+00:00,228.72,0.71,229.43,284.0,0.011456,summer,weekend_holiday,off_peak,98.0,-131.43,weekend_off_peak,98.0,-131.43
2026-07-01T20:00:00+00:00,220.56,0.96,221.52,180.0,0.007211,summer,weekend_holiday,off_peak,98.0,-123.52,weekend_off_peak,98.0,-123.52
2026-07-01T21:00:00+00:00,247.03,-6.17,240.86,154.0,0.006215,summer,weekend_holiday,off_peak,98.0,-142.86,weekend_off_peak,98.0,-142.86
2026-07-01T22:00:00+00:00,267.66,14.04,281.7,61.0,0.002598,summer,weekend_holiday,off_peak,98.0,-183.7,weekend_off_peak,98.0,-183.7
2026-07-01T23:00:00+00:00,296.15,21.95,318.1,30.0,0.001285,summer,weekend_holiday,off_peak,98.0,-220.1,weekend_off_peak,98.0,-220.1
2026-07-02T00:00:00+00:00,283.91,21.72,305.63,7.0,0.000298,summer,weekend_holiday,off_peak,98.0,-207.63,weekend_off_peak,98.0,-207.63
2026-07-02T01:00:00+00:00,217.99,9.31,227.3,0.0,0.0,summer,weekend_holiday,off_peak,98.0,-129.3,weekend_off_peak,98.0,-129.3
2026-07-02T02:00:00+00:00,192.39,17.59,209.98,0.0,0.0,summer,weekend_holiday,off_peak,98.0,-111.98,weekend_off_peak,98.0,-111.98
2026-07-02T03:00:00+00:00,82.7,4.18,86.88,0.0,0.0,summer,weekend_holiday,off_peak,98.0,11.12,ultra_low_overnight,39.0,-47.88
2026-07-02T04:00:00+00:00,71.52,3.0,74.52,0.0,0.0,summer,weekday,off_peak,98.0,23.48,ultra_low_overnight,39.0,-35.52
2026-07-02T05:00:00+00:00,52.04,0.58,52.62,0.0,0.0,summer,weekday,off_peak,98.0,45.38,ultra_low_overnight,39.0,-13.62
2026-07-02T06:00:00+00:00,54.76,1.47,56.23,0.0,0.0,summer,weekday,off_peak,98.0,41.77,ultra_low_overnight,39.0,-17.23
2026-07-02T07:00:00+00:00,51.05,2.64,53.69,0.0,0.0,summer,weekday,off_peak,98.0,44.31,ultra_low_overnight,39.0,-14.69
2026-07-02T08:00:00+00:00,40.04,2.44,42.48,0.0,0.0,summer,weekday,off_peak,98.0,55.52,ultra_low_overnight,39.0,-3.48
2026-07-02T09:00:00+00:00,38.41,2.3,40.71,0.0,0.0,summer,weekday,off_peak,98.0,57.29,ultra_low_overnight,39.0,-1.71
2026-07-02T10:00:00+00:00,51.7,5.27,56.97,2.0,0.000101,summer,weekday,off_peak,98.0,41.03,ultra_low_overnight,39.0,-17.97
2026-07-02T11:00:00+00:00,62.49,3.6,66.09,31.0,0.001528,summer,weekday,mid_peak,157.0,90.91,mid_peak,157.0,90.91
2026-07-02T12:00:00+00:00,75.48,0.82,76.3,122.0,0.005672,summer,weekday,mid_peak,157.0,80.7,mid_peak,157.0,80.7
2026-07-02T13:00:00+00:00,129.25,4.37,133.62,219.0,0.009959,summer,weekday,mid_peak,157.0,23.38,mid_peak,157.0,23.38
2026-07-02T14:00:00+00:00,172.87,6.07,178.94,283.0,0.012739,summer,weekday,mid_peak,157.0,-21.94,mid_peak,157.0,-21.94
2026-07-02T15:00:00+00:00,216.03,7.73,223.76,335.0,0.014537,summer,weekday,on_peak,203.0,-20.76,mid_peak,157.0,-66.76
2026-07-02T16:00:00+00:00,216.85,3.4,220.25,351.0,0.01466,summer,weekday,on_peak,203.0,-17.25,mid_peak,157.0,-63.25
2026-07-02T17:00:00+00:00,269.59,10.61,280.2,334.0,0.01349,summer,weekday,on_peak,203.0,-77.2,mid_peak,157.0,-123.2
2026-07-02T18:00:00+00:00,271.16,6.68,277.84,333.0,0.013068,summer,weekday,on_peak,203.0,-74.84,mid_peak,157.0,-120.84
2026-07-02T19:00:00+00:00,288.82,2.19,291.01,269.0,0.010246,summer,weekday,on_peak,203.0,-88.01,mid_peak,157.0,-134.01
2026-07-02T20:00:00+00:00,290.85,0.95,291.8,217.0,0.008144,summer,weekday,on_peak,203.0,-88.8,on_peak,391.0,99.2
2026-07-02T21:00:00+00:00,341.82,2.35,344.17,201.0,0.007358,summer,weekday,mid_peak,157.0,-187.17,on_peak,391.0,46.83
2026-07-02T22:00:00+00:00,342.11,1.06,343.17,103.0,0.003936,summer,weekday,mid_peak,157.0,-186.17,on_peak,391.0,47.83
2026-07-02T23:00:00+00:00,488.87,0.74,489.61,31.0,0.001215,summer,weekday,off_peak,98.0,-391.61,on_peak,391.0,-98.61
2026-07-03T00:00:00+00:00,396.25,0.73,396.98,7.0,0.00028,summer,weekday,off_peak,98.0,-298.98,on_peak,391.0,-5.98
2026-07-03T01:00:00+00:00,343.03,0.98,344.01,0.0,0.0,summer,weekday,off_peak,98.0,-246.01,mid_peak,157.0,-187.01
2026-07-03T02:00:00+00:00,282.3,3.09,285.39,0.0,0.0,summer,weekday,off_peak,98.0,-187.39,mid_peak,157.0,-128.39
2026-07-03T03:00:00+00:00,125.8,0.87,126.67,0.0,0.0,summer,weekday,off_peak,98.0,-28.67,ultra_low_overnight,39.0,-87.67
2026-07-03T04:00:00+00:00,83.75,1.26,85.01,0.0,0.0,summer,weekday,off_peak,98.0,12.99,ultra_low_overnight,39.0,-46.01
2026-07-03T05:00:00+00:00,45.85,-1.53,44.32,0.0,0.0,summer,weekday,off_peak,98.0,53.68,ultra_low_overnight,39.0,-5.32
2026-07-03T06:00:00+00:00,43.59,-0.09,43.5,0.0,0.0,summer,weekday,off_peak,98.0,54.5,ultra_low_overnight,39.0,-4.5
2026-07-03T07:00:00+00:00,40.33,-0.25,40.08,0.0,0.0,summer,weekday,off_peak,98.0,57.92,ultra_low_overnight,39.0,-1.08
2026-07-03T08:00:00+00:00,40.39,-0.16,40.23,0.0,0.0,summer,weekday,off_peak,98.0,57.77,ultra_low_overnight,39.0,-1.23
2026-07-03T09:00:00+00:00,37.8,0.03,37.83,0.0,0.0,summer,weekday,off_peak,98.0,60.17,ultra_low_overnight,39.0,1.17
2026-07-03T10:00:00+00:00,41.17,0.91,42.08,2.0,9.8e-05,summer,weekday,off_peak,98.0,55.92,ultra_low_overnight,39.0,-3.08
2026-07-03T11:00:00+00:00,58.15,1.31,59.46,35.0,0.001683,summer,weekday,mid_peak,157.0,97.54,mid_peak,157.0,97.54
2026-07-03T12:00:00+00:00,62.55,0.77,63.32,111.0,0.005301,summer,weekday,mid_peak,157.0,93.68,mid_peak,157.0,93.68
2026-07-03T13:00:00+00:00,87.4,4.2,91.6,189.0,0.009146,summer,weekday,mid_peak,157.0,65.4,mid_peak,157.0,65.4
2026-07-03T14:00:00+00:00,91.32,2.68,94.0,255.0,0.012146,summer,weekday,mid_peak,157.0,63.0,mid_peak,157.0,63.0
2026-07-03T15:00:00+00:00,114.25,3.37,117.62,300.0,0.013575,summer,weekday,on_peak,203.0,85.38,mid_peak,157.0,39.38
2026-07-03T16:00:00+00:00,142.05,0.41,142.46,312.0,0.013514,summer,weekday,on_peak,203.0,60.54,mid_peak,157.0,14.54
2026-07-03T17:00:00+00:00,177.68,1.89,179.57,286.0,0.012202,summer,weekday,on_peak,203.0,23.43,mid_peak,157.0,-22.57
2026-07-03T18:00:00+00:00,242.38,1.69,244.07,306.0,0.012815,summer,weekday,on_peak,203.0,-41.07,mid_peak,157.0,-87.07
2026-07-03T19:00:00+00:00,279.96,2.84,282.8,271.0,0.011137,summer,weekday,on_peak,203.0,-79.8,mid_peak,157.0,-125.8
2026-07-03T20:00:00+00:00,337.57,3.67,341.24,254.0,0.010071,summer,weekday,on_peak,203.0,-138.24,on_peak,391.0,49.76
2026-07-03T21:00:00+00:00,431.54,1.28,432.82,148.0,0.005881,summer,weekday,mid_peak,157.0,-275.82,on_peak,391.0,-41.82
2026-07-03T22:00:00+00:00,501.53,-1.4,500.13,88.0,0.003664,summer,weekday,mid_peak,157.0,-343.13,on_peak,391.0,-109.13
2026-07-03T23:00:00+00:00,348.35,-3.26,345.09,27.0,0.001147,summer,weekday,off_peak,98.0,-247.09,on_peak,391.0,45.91
2026-07-04T00:00:00+00:00,315.68,-3.34,312.34,5.0,0.000211,summer,weekday,off_peak,98.0,-214.34,on_peak,391.0,78.66
2026-07-04T01:00:00+00:00,215.41,0.71,216.12,0.0,0.0,summer,weekday,off_peak,98.0,-118.12,mid_peak,157.0,-59.12
2026-07-04T02:00:00+00:00,122.13,0.76,122.89,0.0,0.0,summer,weekday,off_peak,98.0,-24.89,mid_peak,157.0,34.11
2026-07-04T03:00:00+00:00,75.35,0.46,75.81,0.0,0.0,summer,weekday,off_peak,98.0,22.19,ultra_low_overnight,39.0,-36.81
2026-07-04T04:00:00+00:00,48.07,1.03,49.1,0.0,0.0,summer,weekend_holiday,off_peak,98.0,48.9,ultra_low_overnight,39.0,-10.1
2026-07-04T05:00:00+00:00,44.54,1.14,45.68,0.0,0.0,summer,weekend_holiday,off_peak,98.0,52.32,ultra_low_overnight,39.0,-6.68
2026-07-04T06:00:00+00:00,44.19,1.02,45.21,0.0,0.0,summer,weekend_holiday,off_peak,98.0,52.79,ultra_low_overnight,39.0,-6.21
2026-07-04T07:00:00+00:00,36.93,2.27,39.2,0.0,0.0,summer,weekend_holiday,off_peak,98.0,58.8,ultra_low_overnight,39.0,-0.2
2026-07-04T08:00:00+00:00,36.04,0.17,36.21,0.0,0.0,summer,weekend_holiday,off_peak,98.0,61.79,ultra_low_overnight,39.0,2.79
2026-07-04T09:00:00+00:00,35.0,0.12,35.12,0.0,0.0,summer,weekend_holiday,off_peak,98.0,62.88,ultra_low_overnight,39.0,3.88
2026-07-04T10:00:00+00:00,37.62,-0.04,37.58,3.0,0.000153,summer,weekend_holiday,off_peak,98.0,60.42,ultra_low_overnight,39.0,1.42
2026-07-04T11:00:00+00:00,41.16,0.5,41.66,22.0,0.001119,summer,weekend_holiday,off_peak,98.0,56.34,weekend_off_peak,98.0,56.34
2026-07-04T12:00:00+00:00,44.92,0.16,45.08,67.0,0.003381,summer,weekend_holiday,off_peak,98.0,52.92,weekend_off_peak,98.0,52.92
2026-07-04T13:00:00+00:00,47.67,0.23,47.9,126.0,0.006191,summer,weekend_holiday,off_peak,98.0,50.1,weekend_off_peak,98.0,50.1
2026-07-04T14:00:00+00:00,57.12,0.13,57.25,150.0,0.007175,summer,weekend_holiday,off_peak,98.0,40.75,weekend_off_peak,98.0,40.75
2026-07-04T15:00:00+00:00,77.56,0.14,77.7,128.0,0.005945,summer,weekend_holiday,off_peak,98.0,20.3,weekend_off_peak,98.0,20.3
2026-07-04T16:00:00+00:00,87.05,0.59,87.64,172.0,0.007961,summer,weekend_holiday,off_peak,98.0,10.36,weekend_off_peak,98.0,10.36
2026-07-04T17:00:00+00:00,92.46,-1.06,91.4,152.0,0.006897,summer,weekend_holiday,off_peak,98.0,6.6,weekend_off_peak,98.0,6.6
2026-07-04T18:00:00+00:00,91.41,0.86,92.27,182.0,0.008427,summer,weekend_holiday,off_peak,98.0,5.73,weekend_off_peak,98.0,5.73
2026-07-04T19:00:00+00:00,93.68,1.27,94.95,249.0,0.011564,summer,weekend_holiday,off_peak,98.0,3.05,weekend_off_peak,98.0,3.05
2026-07-04T20:00:00+00:00,113.66,1.37,115.03,239.0,0.010912,summer,weekend_holiday,off_peak,98.0,-17.03,weekend_off_peak,98.0,-17.03
2026-07-04T21:00:00+00:00,148.17,1.55,149.72,190.0,0.008211,summer,weekend_holiday,off_peak,98.0,-51.72,weekend_off_peak,98.0,-51.72
2026-07-04T22:00:00+00:00,178.95,9.14,188.09,93.0,0.003921,summer,weekend_holiday,off_peak,98.0,-90.09,weekend_off_peak,98.0,-90.09
2026-07-04T23:00:00+00:00,146.81,-0.64,146.17,33.0,0.001449,summer,weekend_holiday,off_peak,98.0,-48.17,weekend_off_peak,98.0,-48.17
2026-07-05T00:00:00+00:00,111.29,1.11,112.4,5.0,0.000225,summer,weekend_holiday,off_peak,98.0,-14.4,weekend_off_peak,98.0,-14.4
2026-07-05T01:00:00+00:00,91.49,0.7,92.19,0.0,0.0,summer,weekend_holiday,off_peak,98.0,5.81,weekend_off_peak,98.0,5.81
2026-07-05T02:00:00+00:00,77.14,1.57,78.71,0.0,0.0,summer,weekend_holiday,off_peak,98.0,19.29,weekend_off_peak,98.0,19.29
2026-07-05T03:00:00+00:00,51.93,0.83,52.76,0.0,0.0,summer,weekend_holiday,off_peak,98.0,45.24,ultra_low_overnight,39.0,-13.76
2026-07-05T04:00:00+00:00,48.23,-0.14,48.09,0.0,0.0,summer,weekend_holiday,off_peak,98.0,49.91,ultra_low_overnight,39.0,-9.09
2026-07-05T05:00:00+00:00,41.83,0.42,42.25,0.0,0.0,summer,weekend_holiday,off_peak,98.0,55.75,ultra_low_overnight,39.0,-3.25
2026-07-05T06:00:00+00:00,35.0,0.03,35.03,0.0,0.0,summer,weekend_holiday,off_peak,98.0,62.97,ultra_low_overnight,39.0,3.97
2026-07-05T07:00:00+00:00,34.23,-0.01,34.22,0.0,0.0,summer,weekend_holiday,off_peak,98.0,63.78,ultra_low_overnight,39.0,4.78
2026-07-05T08:00:00+00:00,29.11,0.14,29.25,0.0,0.0,summer,weekend_holiday,off_peak,98.0,68.75,ultra_low_overnight,39.0,9.75
2026-07-05T09:00:00+00:00,31.05,0.05,31.1,0.0,0.0,summer,weekend_holiday,off_peak,98.0,66.9,ultra_low_overnight,39.0,7.9
2026-07-05T10:00:00+00:00,28.2,0.06,28.26,6.0,0.000331,summer,weekend_holiday,off_peak,98.0,69.74,ultra_low_overnight,39.0,10.74
2026-07-05T11:00:00+00:00,34.3,-0.05,34.25,43.0,0.002366,summer,weekend_holiday,off_peak,98.0,63.75,weekend_off_peak,98.0,63.75
2026-07-05T12:00:00+00:00,34.9,0.0,34.9,118.0,0.006388,summer,weekend_holiday,off_peak,98.0,63.1,weekend_off_peak,98.0,63.1
2026-07-05T13:00:00+00:00,38.13,-0.09,38.04,189.0,0.01001,summer,weekend_holiday,off_peak,98.0,59.96,weekend_off_peak,98.0,59.96
2026-07-05T14:00:00+00:00,44.79,0.19,44.98,250.0,0.012599,summer,weekend_holiday,off_peak,98.0,53.02,weekend_off_peak,98.0,53.02
2026-07-05T15:00:00+00:00,44.37,2.11,46.48,270.0,0.01295,summer,weekend_holiday,off_peak,98.0,51.52,weekend_off_peak,98.0,51.52
2026-07-05T16:00:00+00:00,46.67,2.89,49.56,275.0,0.01285,summer,weekend_holiday,off_peak,98.0,48.44,weekend_off_peak,98.0,48.44
2026-07-05T17:00:00+00:00,54.73,1.07,55.8,258.0,0.011984,summer,weekend_holiday,off_peak,98.0,42.2,weekend_off_peak,98.0,42.2
2026-07-05T18:00:00+00:00,53.74,0.66,54.4,226.0,0.010491,summer,weekend_holiday,off_peak,98.0,43.6,weekend_off_peak,98.0,43.6
2026-07-05T19:00:00+00:00,58.73,0.21,58.94,222.0,0.010183,summer,weekend_holiday,off_peak,98.0,39.06,weekend_off_peak,98.0,39.06
2026-07-05T20:00:00+00:00,66.46,0.09,66.55,180.0,0.00818,summer,weekend_holiday,off_peak,98.0,31.45,weekend_off_peak,98.0,31.45
2026-07-05T21:00:00+00:00,83.77,0.19,83.96,145.0,0.006467,summer,weekend_holiday,off_peak,98.0,14.04,weekend_off_peak,98.0,14.04
2026-07-05T22:00:00+00:00,83.11,0.69,83.8,83.0,0.003783,summer,weekend_holiday,off_peak,98.0,14.2,weekend_off_peak,98.0,14.2
2026-07-05T23:00:00+00:00,84.93,1.53,86.46,34.0,0.001558,summer,weekend_holiday,off_peak,98.0,11.54,weekend_off_peak,98.0,11.54
2026-07-06T00:00:00+00:00,75.8,0.81,76.61,5.0,0.000229,summer,weekend_holiday,off_peak,98.0,21.39,weekend_off_peak,98.0,21.39
2026-07-06T01:00:00+00:00,57.83,0.45,58.28,0.0,0.0,summer,weekend_holiday,off_peak,98.0,39.72,weekend_off_peak,98.0,39.72
2026-07-06T02:00:00+00:00,50.62,0.44,51.06,0.0,0.0,summer,weekend_holiday,off_peak,98.0,46.94,weekend_off_peak,98.0,46.94
2026-07-06T03:00:00+00:00,44.54,0.35,44.89,0.0,0.0,summer,weekend_holiday,off_peak,98.0,53.11,ultra_low_overnight,39.0,-5.89
2026-07-06T04:00:00+00:00,38.19,0.14,38.33,0.0,0.0,summer,weekday,off_peak,98.0,59.67,ultra_low_overnight,39.0,0.67
2026-07-06T05:00:00+00:00,33.95,0.45,34.4,0.0,0.0,summer,weekday,off_peak,98.0,63.6,ultra_low_overnight,39.0,4.6
2026-07-06T06:00:00+00:00,27.83,0.32,28.15,0.0,0.0,summer,weekday,off_peak,98.0,69.85,ultra_low_overnight,39.0,10.85
2026-07-06T07:00:00+00:00,26.05,0.74,26.79,0.0,0.0,summer,weekday,off_peak,98.0,71.21,ultra_low_overnight,39.0,12.21
2026-07-06T08:00:00+00:00,29.21,1.43,30.64,0.0,0.0,summer,weekday,off_peak,98.0,67.36,ultra_low_overnight,39.0,8.36
2026-07-06T09:00:00+00:00,31.64,1.49,33.13,0.0,0.0,summer,weekday,off_peak,98.0,64.87,ultra_low_overnight,39.0,5.87
2026-07-06T10:00:00+00:00,34.29,0.82,35.11,3.0,0.000165,summer,weekday,off_peak,98.0,62.89,ultra_low_overnight,39.0,3.89
2026-07-06T11:00:00+00:00,37.85,0.16,38.01,28.0,0.001477,summer,weekday,mid_peak,157.0,118.99,mid_peak,157.0,118.99
2026-07-06T12:00:00+00:00,38.04,0.06,38.1,90.0,0.004652,summer,weekday,mid_peak,157.0,118.9,mid_peak,157.0,118.9
2026-07-06T13:00:00+00:00,38.47,-0.03,38.44,163.0,0.008205,summer,weekday,mid_peak,157.0,118.56,mid_peak,157.0,118.56
2026-07-06T14:00:00+00:00,44.58,0.01,44.59,159.0,0.007745,summer,weekday,mid_peak,157.0,112.41,mid_peak,157.0,112.41
2026-07-06T15:00:00+00:00,53.13,-0.13,53.0,235.0,0.011036,summer,weekday,on_peak,203.0,150.0,mid_peak,157.0,104.0
2026-07-06T16:00:00+00:00,50.92,-0.59,50.33,276.0,0.012554,summer,weekday,on_peak,203.0,152.67,mid_peak,157.0,106.67
2026-07-06T17:00:00+00:00,55.72,-0.15,55.57,290.0,0.01302,summer,weekday,on_peak,203.0,147.43,mid_peak,157.0,101.43
2026-07-06T18:00:00+00:00,58.62,0.23,58.85,288.0,0.012851,summer,weekday,on_peak,203.0,144.15,mid_peak,157.0,98.15
2026-07-06T19:00:00+00:00,58.68,0.43,59.11,254.0,0.011289,summer,weekday,on_peak,203.0,143.89,mid_peak,157.0,97.89
2026-07-06T20:00:00+00:00,66.07,-0.03,66.04,248.0,0.010988,summer,weekday,on_peak,203.0,136.96,on_peak,391.0,324.96
2026-07-06T21:00:00+00:00,80.95,0.45,81.4,202.0,0.008722,summer,weekday,mid_peak,157.0,75.6,on_peak,391.0,309.6
2026-07-06T22:00:00+00:00,88.17,0.04,88.21,98.0,0.00417,summer,weekday,mid_peak,157.0,68.79,on_peak,391.0,302.79
2026-07-06T23:00:00+00:00,88.51,-0.08,88.43,42.0,0.001779,summer,weekday,off_peak,98.0,9.57,on_peak,391.0,302.57
2026-07-07T00:00:00+00:00,84.74,-0.03,84.71,9.0,0.000389,summer,weekday,off_peak,98.0,13.29,on_peak,391.0,306.29
2026-07-07T01:00:00+00:00,66.0,0.13,66.13,0.0,0.0,summer,weekday,off_peak,98.0,31.87,mid_peak,157.0,90.87
2026-07-07T02:00:00+00:00,52.97,0.97,53.94,0.0,0.0,summer,weekday,off_peak,98.0,44.06,mid_peak,157.0,103.06
2026-07-07T03:00:00+00:00,40.93,0.61,41.54,0.0,0.0,summer,weekday,off_peak,98.0,56.46,ultra_low_overnight,39.0,-2.54
2026-07-07T04:00:00+00:00,42.29,-0.03,42.26,0.0,0.0,summer,weekday,off_peak,98.0,55.74,ultra_low_overnight,39.0,-3.26
2026-07-07T05:00:00+00:00,34.97,0.19,35.16,0.0,0.0,summer,weekday,off_peak,98.0,62.84,ultra_low_overnight,39.0,3.84
2026-07-07T06:00:00+00:00,33.46,0.12,33.58,0.0,0.0,summer,weekday,off_peak,98.0,64.42,ultra_low_overnight,39.0,5.42
2026-07-07T07:00:00+00:00,31.87,0.09,31.96,0.0,0.0,summer,weekday,off_peak,98.0,66.04,ultra_low_overnight,39.0,7.04
2026-07-07T08:00:00+00:00,31.08,0.08,31.16,0.0,0.0,summer,weekday,off_peak,98.0,66.84,ultra_low_overnight,39.0,7.84
2026-07-07T09:00:00+00:00,31.24,0.13,31.37,0.0,0.0,summer,weekday,off_peak,98.0,66.63,ultra_low_overnight,39.0,7.63
2026-07-07T10:00:00+00:00,34.02,0.62,34.64,3.0,0.000157,summer,weekday,off_peak,98.0,63.36,ultra_low_overnight,39.0,4.36
2026-07-07T11:00:00+00:00,38.85,0.43,39.28,41.0,0.002048,summer,weekday,mid_peak,157.0,117.72,mid_peak,157.0,117.72
2026-07-07T12:00:00+00:00,43.85,0.14,43.99,138.0,0.006719,summer,weekday,mid_peak,157.0,113.01,mid_peak,157.0,113.01
2026-07-07T13:00:00+00:00,44.96,0.11,45.07,229.0,0.01101,summer,weekday,mid_peak,157.0,111.93,mid_peak,157.0,111.93
2026-07-07T14:00:00+00:00,50.57,0.4,50.97,290.0,0.013591,summer,weekday,mid_peak,157.0,106.03,mid_peak,157.0,106.03
2026-07-07T15:00:00+00:00,51.26,0.12,51.38,301.0,0.014172,summer,weekday,on_peak,203.0,151.62,mid_peak,157.0,105.62
2026-07-07T16:00:00+00:00,62.3,0.14,62.44,275.0,0.012785,summer,weekday,on_peak,203.0,140.56,mid_peak,157.0,94.56
2026-07-07T17:00:00+00:00,72.8,0.28,73.08,314.0,0.014506,summer,weekday,on_peak,203.0,129.92,mid_peak,157.0,83.92
2026-07-07T18:00:00+00:00,73.04,0.21,73.25,309.0,0.013974,summer,weekday,on_peak,203.0,129.75,mid_peak,157.0,83.75
2026-07-07T19:00:00+00:00,75.0,0.34,75.34,280.0,0.012498,summer,weekday,on_peak,203.0,127.66,mid_peak,157.0,81.66
2026-07-07T20:00:00+00:00,79.47,0.06,79.53,250.0,0.010968,summer,weekday,on_peak,203.0,123.47,on_peak,391.0,311.47
2026-07-07T21:00:00+00:00,99.36,-0.04,99.32,199.0,0.008554,summer,weekday,mid_peak,157.0,57.68,on_peak,391.0,291.68
2026-07-07T22:00:00+00:00,105.75,-0.02,105.73,101.0,0.0043,summer,weekday,mid_peak,157.0,51.27,on_peak,391.0,285.27
2026-07-07T23:00:00+00:00,139.13,-0.51,138.62,30.0,0.001276,summer,weekday,off_peak,98.0,-40.62,on_peak,391.0,252.38
2026-07-08T00:00:00+00:00,98.0,0.8,98.8,6.0,0.000258,summer,weekday,off_peak,98.0,-0.8,on_peak,391.0,292.2
2026-07-08T01:00:00+00:00,95.46,0.1,95.56,0.0,0.0,summer,weekday,off_peak,98.0,2.44,mid_peak,157.0,61.44
2026-07-08T02:00:00+00:00,64.22,0.91,65.13,0.0,0.0,summer,weekday,off_peak,98.0,32.87,mid_peak,157.0,91.87
2026-07-08T03:00:00+00:00,55.74,0.72,56.46,0.0,0.0,summer,weekday,off_peak,98.0,41.54,ultra_low_overnight,39.0,-17.46
2026-07-08T04:00:00+00:00,43.58,0.07,43.65,0.0,0.0,summer,weekday,off_peak,98.0,54.35,ultra_low_overnight,39.0,-4.65
2026-07-08T05:00:00+00:00,35.66,4.7,40.36,0.0,0.0,summer,weekday,off_peak,98.0,57.64,ultra_low_overnight,39.0,-1.36
2026-07-08T06:00:00+00:00,34.46,0.1,34.56,0.0,0.0,summer,weekday,off_peak,98.0,63.44,ultra_low_overnight,39.0,4.44
2026-07-08T07:00:00+00:00,33.88,0.03,33.91,0.0,0.0,summer,weekday,off_peak,98.0,64.09,ultra_low_overnight,39.0,5.09
2026-07-08T08:00:00+00:00,30.9,0.12,31.02,0.0,0.0,summer,weekday,off_peak,98.0,66.98,ultra_low_overnight,39.0,7.98
2026-07-08T09:00:00+00:00,32.79,0.09,32.88,0.0,0.0,summer,weekday,off_peak,98.0,65.12,ultra_low_overnight,39.0,6.12
2026-07-08T10:00:00+00:00,34.31,0.16,34.47,4.0,0.000211,summer,weekday,off_peak,98.0,63.53,ultra_low_overnight,39.0,4.53
2026-07-08T11:00:00+00:00,40.08,0.08,40.16,46.0,0.002346,summer,weekday,mid_peak,157.0,116.84,mid_peak,157.0,116.84
2026-07-08T12:00:00+00:00,43.11,0.11,43.22,140.0,0.006923,summer,weekday,mid_peak,157.0,113.78,mid_peak,157.0,113.78
2026-07-08T13:00:00+00:00,43.53,0.03,43.56,235.0,0.011247,summer,weekday,mid_peak,157.0,113.44,mid_peak,157.0,113.44
2026-07-08T14:00:00+00:00,51.1,0.03,51.13,309.0,0.014454,summer,weekday,mid_peak,157.0,105.87,mid_peak,157.0,105.87
2026-07-08T15:00:00+00:00,51.23,-0.08,51.15,365.0,0.016772,summer,weekday,on_peak,203.0,151.85,mid_peak,157.0,105.85
2026-07-08T16:00:00+00:00,56.84,-0.1,56.74,394.0,0.017832,summer,weekday,on_peak,203.0,146.26,mid_peak,157.0,100.26
2026-07-08T17:00:00+00:00,82.44,-0.1,82.34,390.0,0.017295,summer,weekday,on_peak,203.0,120.66,mid_peak,157.0,74.66
2026-07-08T18:00:00+00:00,91.74,0.0,91.74,403.0,0.017516,summer,weekday,on_peak,203.0,111.26,mid_peak,157.0,65.26
2026-07-08T19:00:00+00:00,97.23,0.17,97.4,381.0,0.016225,summer,weekday,on_peak,203.0,105.6,mid_peak,157.0,59.6
2026-07-08T20:00:00+00:00,102.75,0.78,103.53,294.0,0.01262,summer,weekday,on_peak,203.0,99.47,on_peak,391.0,287.47
2026-07-08T21:00:00+00:00,120.45,1.23,121.68,196.0,0.008239,summer,weekday,mid_peak,157.0,35.32,on_peak,391.0,269.32
2026-07-08T22:00:00+00:00,139.42,1.62,141.04,121.0,0.005013,summer,weekday,mid_peak,157.0,15.96,on_peak,391.0,249.96
2026-07-08T23:00:00+00:00,151.61,0.96,152.57,33.0,0.001347,summer,weekday,off_peak,98.0,-54.57,on_peak,391.0,238.43
2026-07-09T00:00:00+00:00,123.0,0.37,123.37,5.0,0.000205,summer,weekday,off_peak,98.0,-25.37,on_peak,391.0,267.63
2026-07-09T01:00:00+00:00,108.75,0.19,108.94,0.0,0.0,summer,weekday,off_peak,98.0,-10.94,mid_peak,157.0,48.06
2026-07-09T02:00:00+00:00,73.7,0.81,74.51,0.0,0.0,summer,weekday,off_peak,98.0,23.49,mid_peak,157.0,82.49
2026-07-09T03:00:00+00:00,50.79,2.09,52.88,0.0,0.0,summer,weekday,off_peak,98.0,45.12,ultra_low_overnight,39.0,-13.88
2026-07-09T04:00:00+00:00,46.6,0.42,47.02,0.0,0.0,summer,weekday,off_peak,98.0,50.98,ultra_low_overnight,39.0,-8.02
2026-07-09T05:00:00+00:00,40.24,0.11,40.35,0.0,0.0,summer,weekday,off_peak,98.0,57.65,ultra_low_overnight,39.0,-1.35
2026-07-09T06:00:00+00:00,38.3,0.14,38.44,0.0,0.0,summer,weekday,off_peak,98.0,59.56,ultra_low_overnight,39.0,0.56
2026-07-09T07:00:00+00:00,37.51,0.03,37.54,0.0,0.0,summer,weekday,off_peak,98.0,60.46,ultra_low_overnight,39.0,1.46
2026-07-09T08:00:00+00:00,37.37,-0.03,37.34,0.0,0.0,summer,weekday,off_peak,98.0,60.66,ultra_low_overnight,39.0,1.66
2026-07-09T09:00:00+00:00,36.05,-0.16,35.89,0.0,0.0,summer,weekday,off_peak,98.0,62.11,ultra_low_overnight,39.0,3.11
2026-07-09T10:00:00+00:00,38.32,-0.08,38.24,5.0,0.000251,summer,weekday,off_peak,98.0,59.76,ultra_low_overnight,39.0,0.76
2026-07-09T11:00:00+00:00,44.15,0.17,44.32,43.0,0.002076,summer,weekday,mid_peak,157.0,112.68,mid_peak,157.0,112.68
2026-07-09T12:00:00+00:00,52.02,0.69,52.71,139.0,0.006537,summer,weekday,mid_peak,157.0,104.29,mid_peak,157.0,104.29
2026-07-09T13:00:00+00:00,59.18,0.14,59.32,235.0,0.010899,summer,weekday,mid_peak,157.0,97.68,mid_peak,157.0,97.68
2026-07-09T14:00:00+00:00,79.13,0.16,79.29,308.0,0.01418,summer,weekday,mid_peak,157.0,77.71,mid_peak,157.0,77.71
2026-07-09T15:00:00+00:00,77.72,-0.02,77.7,327.0,0.014829,summer,weekday,on_peak,203.0,125.3,mid_peak,157.0,79.3
2026-07-09T16:00:00+00:00,85.88,-0.1,85.78,326.0,0.014271,summer,weekday,on_peak,203.0,117.22,mid_peak,157.0,71.22
2026-07-09T17:00:00+00:00,89.49,0.08,89.57,262.0,0.011167,summer,weekday,on_peak,203.0,113.43,mid_peak,157.0,67.43
2026-07-09T18:00:00+00:00,87.72,0.16,87.88,265.0,0.011249,summer,weekday,on_peak,203.0,115.12,mid_peak,157.0,69.12
2026-07-09T19:00:00+00:00,88.3,1.98,90.28,226.0,0.009798,summer,weekday,on_peak,203.0,112.72,mid_peak,157.0,66.72
2026-07-09T20:00:00+00:00,101.13,4.54,105.67,112.0,0.004887,summer,weekday,on_peak,203.0,97.33,on_peak,391.0,285.33
2026-07-09T21:00:00+00:00,118.63,5.78,124.41,54.0,0.002308,summer,weekday,mid_peak,157.0,32.59,on_peak,391.0,266.59
2026-07-09T22:00:00+00:00,117.18,5.16,122.34,49.0,0.002092,summer,weekday,mid_peak,157.0,34.66,on_peak,391.0,268.66
2026-07-09T23:00:00+00:00,113.95,4.51,118.46,17.0,0.000732,summer,weekday,off_peak,98.0,-20.46,on_peak,391.0,272.54
2026-07-10T00:00:00+00:00,109.77,3.3,113.07,5.0,0.000216,summer,weekday,off_peak,98.0,-15.07,on_peak,391.0,277.93
2026-07-10T01:00:00+00:00,92.01,2.27,94.28,0.0,0.0,summer,weekday,off_peak,98.0,3.72,mid_peak,157.0,62.72
2026-07-10T02:00:00+00:00,83.77,1.31,85.08,0.0,0.0,summer,weekday,off_peak,98.0,12.92,mid_peak,157.0,71.92
2026-07-10T03:00:00+00:00,63.48,-0.47,63.01,0.0,0.0,summer,weekday,off_peak,98.0,34.99,ultra_low_overnight,39.0,-24.01
2026-07-10T04:00:00+00:00,50.18,0.17,50.35,0.0,0.0,summer,weekday,off_peak,98.0,47.65,ultra_low_overnight,39.0,-11.35
2026-07-10T05:00:00+00:00,46.62,0.51,47.13,0.0,0.0,summer,weekday,off_peak,98.0,50.87,ultra_low_overnight,39.0,-8.13
2026-07-10T06:00:00+00:00,44.13,-0.2,43.93,0.0,0.0,summer,weekday,off_peak,98.0,54.07,ultra_low_overnight,39.0,-4.93
2026-07-10T07:00:00+00:00,40.89,0.05,40.94,0.0,0.0,summer,weekday,off_peak,98.0,57.06,ultra_low_overnight,39.0,-1.94
2026-07-10T08:00:00+00:00,38.03,0.15,38.18,0.0,0.0,summer,weekday,off_peak,98.0,59.82,ultra_low_overnight,39.0,0.82
2026-07-10T09:00:00+00:00,43.48,0.27,43.75,0.0,0.0,summer,weekday,off_peak,98.0,54.25,ultra_low_overnight,39.0,-4.75
2026-07-10T10:00:00+00:00,45.43,0.53,45.96,5.0,0.000256,summer,weekday,off_peak,98.0,52.04,ultra_low_overnight,39.0,-6.96
2026-07-10T11:00:00+00:00,59.02,0.87,59.89,50.0,0.002494,summer,weekday,mid_peak,157.0,97.11,mid_peak,157.0,97.11
2026-07-10T12:00:00+00:00,70.29,0.59,70.88,132.0,0.00648,summer,weekday,mid_peak,157.0,86.12,mid_peak,157.0,86.12
2026-07-10T13:00:00+00:00,79.28,0.92,80.2,236.0,0.011435,summer,weekday,mid_peak,157.0,76.8,mid_peak,157.0,76.8
2026-07-10T14:00:00+00:00,80.23,0.75,80.98,286.0,0.013918,summer,weekday,mid_peak,157.0,76.02,mid_peak,157.0,76.02
2026-07-10T15:00:00+00:00,83.83,0.78,84.61,329.0,0.015609,summer,weekday,on_peak,203.0,118.39,mid_peak,157.0,72.39
2026-07-10T16:00:00+00:00,91.16,0.92,92.08,347.0,0.016235,summer,weekday,on_peak,203.0,110.92,mid_peak,157.0,64.92
2026-07-10T17:00:00+00:00,92.69,-0.43,92.26,371.0,0.016466,summer,weekday,on_peak,203.0,110.74,mid_peak,157.0,64.74
2026-07-10T18:00:00+00:00,93.29,0.02,93.31,344.0,0.015025,summer,weekday,on_peak,203.0,109.69,mid_peak,157.0,63.69
2026-07-10T19:00:00+00:00,94.57,0.15,94.72,307.0,0.01343,summer,weekday,on_peak,203.0,108.28,mid_peak,157.0,62.28
2026-07-10T20:00:00+00:00,102.91,0.04,102.95,264.0,0.011366,summer,weekday,on_peak,203.0,100.05,on_peak,391.0,288.05
2026-07-10T21:00:00+00:00,117.06,0.45,117.51,177.0,0.00769,summer,weekday,mid_peak,157.0,39.49,on_peak,391.0,273.49
2026-07-10T22:00:00+00:00,117.15,0.44,117.59,98.0,0.004311,summer,weekday,mid_peak,157.0,39.41,on_peak,391.0,273.41
2026-07-10T23:00:00+00:00,116.98,0.72,117.7,23.0,0.001004,summer,weekday,off_peak,98.0,-19.7,on_peak,391.0,273.3
2026-07-11T00:00:00+00:00,112.54,0.98,113.52,4.0,0.00018,summer,weekday,off_peak,98.0,-15.52,on_peak,391.0,277.48
2026-07-11T01:00:00+00:00,95.25,0.73,95.98,0.0,0.0,summer,weekday,off_peak,98.0,2.02,mid_peak,157.0,61.02
2026-07-11T02:00:00+00:00,87.34,0.79,88.13,0.0,0.0,summer,weekday,off_peak,98.0,9.87,mid_peak,157.0,68.87
2026-07-11T03:00:00+00:00,66.7,0.72,67.42,0.0,0.0,summer,weekday,off_peak,98.0,30.58,ultra_low_overnight,39.0,-28.42
2026-07-11T04:00:00+00:00,51.75,0.44,52.19,0.0,0.0,summer,weekend_holiday,off_peak,98.0,45.81,ultra_low_overnight,39.0,-13.19
2026-07-11T05:00:00+00:00,50.16,0.03,50.19,0.0,0.0,summer,weekend_holiday,off_peak,98.0,47.81,ultra_low_overnight,39.0,-11.19
2026-07-11T06:00:00+00:00,40.13,0.28,40.41,0.0,0.0,summer,weekend_holiday,off_peak,98.0,57.59,ultra_low_overnight,39.0,-1.41
2026-07-11T07:00:00+00:00,38.19,0.03,38.22,0.0,0.0,summer,weekend_holiday,off_peak,98.0,59.78,ultra_low_overnight,39.0,0.78
2026-07-11T08:00:00+00:00,35.32,0.06,35.38,0.0,0.0,summer,weekend_holiday,off_peak,98.0,62.62,ultra_low_overnight,39.0,3.62
2026-07-11T09:00:00+00:00,33.43,0.05,33.48,0.0,0.0,summer,weekend_holiday,off_peak,98.0,64.52,ultra_low_overnight,39.0,5.52
2026-07-11T10:00:00+00:00,34.42,0.05,34.47,7.0,0.000378,summer,weekend_holiday,off_peak,98.0,63.53,ultra_low_overnight,39.0,4.53
2026-07-11T11:00:00+00:00,38.74,0.14,38.88,47.0,0.002488,summer,weekend_holiday,off_peak,98.0,59.12,weekend_off_peak,98.0,59.12
2026-07-11T12:00:00+00:00,42.91,0.53,43.44,143.0,0.007351,summer,weekend_holiday,off_peak,98.0,54.56,weekend_off_peak,98.0,54.56
2026-07-11T13:00:00+00:00,48.42,0.67,49.09,249.0,0.01238,summer,weekend_holiday,off_peak,98.0,48.91,weekend_off_peak,98.0,48.91
2026-07-11T14:00:00+00:00,50.2,1.32,51.52,344.0,0.016642,summer,weekend_holiday,off_peak,98.0,46.48,weekend_off_peak,98.0,46.48
2026-07-11T15:00:00+00:00,55.12,0.45,55.57,385.0,0.018555,summer,weekend_holiday,off_peak,98.0,42.43,weekend_off_peak,98.0,42.43
2026-07-11T16:00:00+00:00,60.97,0.44,61.41,388.0,0.018558,summer,weekend_holiday,off_peak,98.0,36.59,weekend_off_peak,98.0,36.59
2026-07-11T17:00:00+00:00,65.87,0.1,65.97,406.0,0.019392,summer,weekend_holiday,off_peak,98.0,32.03,weekend_off_peak,98.0,32.03
2026-07-11T18:00:00+00:00,66.51,0.03,66.54,404.0,0.019309,summer,weekend_holiday,off_peak,98.0,31.46,weekend_off_peak,98.0,31.46
2026-07-11T19:00:00+00:00,59.12,0.16,59.28,378.0,0.017612,summer,weekend_holiday,off_peak,98.0,38.72,weekend_off_peak,98.0,38.72
2026-07-11T20:00:00+00:00,77.6,0.08,77.68,322.0,0.015026,summer,weekend_holiday,off_peak,98.0,20.32,weekend_off_peak,98.0,20.32
2026-07-11T21:00:00+00:00,88.27,0.05,88.32,220.0,0.010053,summer,weekend_holiday,off_peak,98.0,9.68,weekend_off_peak,98.0,9.68
2026-07-11T22:00:00+00:00,88.4,0.05,88.45,106.0,0.004706,summer,weekend_holiday,off_peak,98.0,9.55,weekend_off_peak,98.0,9.55
2026-07-11T23:00:00+00:00,90.37,-0.02,90.35,38.0,0.001692,summer,weekend_holiday,off_peak,98.0,7.65,weekend_off_peak,98.0,7.65
2026-07-12T00:00:00+00:00,87.46,0.42,87.88,7.0,0.000319,summer,weekend_holiday,off_peak,98.0,10.12,weekend_off_peak,98.0,10.12
2026-07-12T01:00:00+00:00,81.13,0.61,81.74,0.0,0.0,summer,weekend_holiday,off_peak,98.0,16.26,weekend_off_peak,98.0,16.26
2026-07-12T02:00:00+00:00,70.06,0.69,70.75,0.0,0.0,summer,weekend_holiday,off_peak,98.0,27.25,weekend_off_peak,98.0,27.25
2026-07-12T03:00:00+00:00,55.43,0.19,55.62,0.0,0.0,summer,weekend_holiday,off_peak,98.0,42.38,ultra_low_overnight,39.0,-16.62
2026-07-12T04:00:00+00:00,48.02,0.17,48.19,0.0,0.0,summer,weekend_holiday,off_peak,98.0,49.81,ultra_low_overnight,39.0,-9.19
2026-07-12T05:00:00+00:00,38.87,0.09,38.96,0.0,0.0,summer,weekend_holiday,off_peak,98.0,59.04,ultra_low_overnight,39.0,0.04
2026-07-12T06:00:00+00:00,34.49,0.12,34.61,0.0,0.0,summer,weekend_holiday,off_peak,98.0,63.39,ultra_low_overnight,39.0,4.39
2026-07-12T07:00:00+00:00,33.17,0.08,33.25,0.0,0.0,summer,weekend_holiday,off_peak,98.0,64.75,ultra_low_overnight,39.0,5.75
2026-07-12T08:00:00+00:00,32.16,0.16,32.32,0.0,0.0,summer,weekend_holiday,off_peak,98.0,65.68,ultra_low_overnight,39.0,6.68
2026-07-12T09:00:00+00:00,28.03,-0.14,27.89,0.0,0.0,summer,weekend_holiday,off_peak,98.0,70.11,ultra_low_overnight,39.0,11.11
2026-07-12T10:00:00+00:00,25.23,0.35,25.58,7.0,0.00041,summer,weekend_holiday,off_peak,98.0,72.42,ultra_low_overnight,39.0,13.42
2026-07-12T11:00:00+00:00,32.84,0.52,33.36,49.0,0.002886,summer,weekend_holiday,off_peak,98.0,64.64,weekend_off_peak,98.0,64.64
2026-07-12T12:00:00+00:00,35.97,0.43,36.4,149.0,0.008659,summer,weekend_holiday,off_peak,98.0,61.6,weekend_off_peak,98.0,61.6
2026-07-12T13:00:00+00:00,37.15,0.08,37.23,252.0,0.013934,summer,weekend_holiday,off_peak,98.0,60.77,weekend_off_peak,98.0,60.77
2026-07-12T14:00:00+00:00,40.08,0.15,40.23,341.0,0.018236,summer,weekend_holiday,off_peak,98.0,57.77,weekend_off_peak,98.0,57.77
2026-07-12T15:00:00+00:00,47.86,0.32,48.18,374.0,0.01939,summer,weekend_holiday,off_peak,98.0,49.82,weekend_off_peak,98.0,49.82
2026-07-12T16:00:00+00:00,51.49,0.17,51.66,402.0,0.02025,summer,weekend_holiday,off_peak,98.0,46.34,weekend_off_peak,98.0,46.34
2026-07-12T17:00:00+00:00,57.81,-0.01,57.8,363.0,0.017744,summer,weekend_holiday,off_peak,98.0,40.2,weekend_off_peak,98.0,40.2
2026-07-12T18:00:00+00:00,57.41,0.01,57.42,405.0,0.019411,summer,weekend_holiday,off_peak,98.0,40.58,weekend_off_peak,98.0,40.58
2026-07-12T19:00:00+00:00,58.78,0.14,58.92,389.0,0.018715,summer,weekend_holiday,off_peak,98.0,39.08,weekend_off_peak,98.0,39.08
2026-07-12T20:00:00+00:00,76.76,0.23,76.99,320.0,0.015234,summer,weekend_holiday,off_peak,98.0,21.01,weekend_off_peak,98.0,21.01
2026-07-12T21:00:00+00:00,87.49,0.17,87.66,231.0,0.010536,summer,weekend_holiday,off_peak,98.0,10.34,weekend_off_peak,98.0,10.34
2026-07-12T22:00:00+00:00,99.35,0.47,99.82,120.0,0.005395,summer,weekend_holiday,off_peak,98.0,-1.82,weekend_off_peak,98.0,-1.82
2026-07-12T23:00:00+00:00,99.07,0.51,99.58,34.0,0.001529,summer,weekend_holiday,off_peak,98.0,-1.58,weekend_off_peak,98.0,-1.58
2026-07-13T00:00:00+00:00,96.09,1.01,97.1,7.0,0.000324,summer,weekend_holiday,off_peak,98.0,0.9,weekend_off_peak,98.0,0.9
2026-07-13T01:00:00+00:00,83.37,0.67,84.04,0.0,0.0,summer,weekend_holiday,off_peak,98.0,13.96,weekend_off_peak,98.0,13.96
2026-07-13T02:00:00+00:00,77.03,1.07,78.1,0.0,0.0,summer,weekend_holiday,off_peak,98.0,19.9,weekend_off_peak,98.0,19.9
2026-07-13T03:00:00+00:00,59.54,0.46,60.0,0.0,0.0,summer,weekend_holiday,off_peak,98.0,38.0,ultra_low_overnight,39.0,-21.0
2026-07-13T04:00:00+00:00,43.82,0.1,43.92,0.0,0.0,summer,weekday,off_peak,98.0,54.08,ultra_low_overnight,39.0,-4.92
2026-07-13T05:00:00+00:00,35.51,-0.17,35.34,0.0,0.0,summer,weekday,off_peak,98.0,62.66,ultra_low_overnight,39.0,3.66
2026-07-13T06:00:00+00:00,34.1,0.15,34.25,0.0,0.0,summer,weekday,off_peak,98.0,63.75,ultra_low_overnight,39.0,4.75
2026-07-13T07:00:00+00:00,33.76,0.91,34.67,0.0,0.0,summer,weekday,off_peak,98.0,63.33,ultra_low_overnight,39.0,4.33
2026-07-13T08:00:00+00:00,32.99,0.78,33.77,0.0,0.0,summer,weekday,off_peak,98.0,64.23,ultra_low_overnight,39.0,5.23
2026-07-13T09:00:00+00:00,34.5,0.72,35.22,0.0,0.0,summer,weekday,off_peak,98.0,62.78,ultra_low_overnight,39.0,3.78
2026-07-13T10:00:00+00:00,35.52,0.46,35.98,7.0,0.000374,summer,weekday,off_peak,98.0,62.02,ultra_low_overnight,39.0,3.02
2026-07-13T11:00:00+00:00,43.14,1.23,44.37,48.0,0.002504,summer,weekday,mid_peak,157.0,112.63,mid_peak,157.0,112.63
2026-07-13T12:00:00+00:00,49.36,1.48,50.84,152.0,0.007882,summer,weekday,mid_peak,157.0,106.16,mid_peak,157.0,106.16
2026-07-13T13:00:00+00:00,52.01,0.81,52.82,258.0,0.012714,summer,weekday,mid_peak,157.0,104.18,mid_peak,157.0,104.18
2026-07-13T14:00:00+00:00,71.91,1.68,73.59,333.0,0.015968,summer,weekday,mid_peak,157.0,83.41,mid_peak,157.0,83.41
2026-07-13T15:00:00+00:00,82.2,2.45,84.65,382.0,0.018339,summer,weekday,on_peak,203.0,118.35,mid_peak,157.0,72.35
2026-07-13T16:00:00+00:00,89.26,2.22,91.48,406.0,0.01915,summer,weekday,on_peak,203.0,111.52,mid_peak,157.0,65.52
2026-07-13T17:00:00+00:00,99.53,2.72,102.25,406.0,0.018717,summer,weekday,on_peak,203.0,100.75,mid_peak,157.0,54.75
2026-07-13T18:00:00+00:00,93.37,1.43,94.8,375.0,0.016746,summer,weekday,on_peak,203.0,108.2,mid_peak,157.0,62.2
2026-07-13T19:00:00+00:00,100.65,1.14,101.79,336.0,0.014577,summer,weekday,on_peak,203.0,101.21,mid_peak,157.0,55.21
2026-07-13T20:00:00+00:00,102.33,0.85,103.18,277.0,0.011801,summer,weekday,on_peak,203.0,99.82,on_peak,391.0,287.82
2026-07-13T21:00:00+00:00,102.72,0.42,103.14,215.0,0.009,summer,weekday,mid_peak,157.0,53.86,on_peak,391.0,287.86
2026-07-13T22:00:00+00:00,103.0,0.48,103.48,114.0,0.004785,summer,weekday,mid_peak,157.0,53.52,on_peak,391.0,287.52
2026-07-13T23:00:00+00:00,104.96,0.6,105.56,36.0,0.001515,summer,weekday,off_peak,98.0,-7.56,on_peak,391.0,285.44
2026-07-14T00:00:00+00:00,101.06,0.66,101.72,6.0,0.000253,summer,weekday,off_peak,98.0,-3.72,on_peak,391.0,289.28
2026-07-14T01:00:00+00:00,98.94,0.6,99.54,0.0,0.0,summer,weekday,off_peak,98.0,-1.54,mid_peak,157.0,57.46
2026-07-14T02:00:00+00:00,85.06,0.76,85.82,0.0,0.0,summer,weekday,off_peak,98.0,12.18,mid_peak,157.0,71.18
2026-07-14T03:00:00+00:00,82.86,0.88,83.74,0.0,0.0,summer,weekday,off_peak,98.0,14.26,ultra_low_overnight,39.0,-44.74
2026-07-14T04:00:00+00:00,61.28,0.35,61.63,0.0,0.0,summer,weekday,off_peak,98.0,36.37,ultra_low_overnight,39.0,-22.63
2026-07-14T05:00:00+00:00,48.34,0.67,49.01,0.0,0.0,summer,weekday,off_peak,98.0,48.99,ultra_low_overnight,39.0,-10.01
2026-07-14T06:00:00+00:00,42.73,0.35,43.08,0.0,0.0,summer,weekday,off_peak,98.0,54.92,ultra_low_overnight,39.0,-4.08
2026-07-14T07:00:00+00:00,36.43,0.3,36.73,0.0,0.0,summer,weekday,off_peak,98.0,61.27,ultra_low_overnight,39.0,2.27
2026-07-14T08:00:00+00:00,34.89,0.19,35.08,0.0,0.0,summer,weekday,off_peak,98.0,62.92,ultra_low_overnight,39.0,3.92
2026-07-14T09:00:00+00:00,38.85,0.46,39.31,0.0,0.0,summer,weekday,off_peak,98.0,58.69,ultra_low_overnight,39.0,-0.31
2026-07-14T10:00:00+00:00,36.5,0.45,36.95,4.0,0.000199,summer,weekday,off_peak,98.0,61.05,ultra_low_overnight,39.0,2.05
2026-07-14T11:00:00+00:00,51.05,0.44,51.49,34.0,0.001655,summer,weekday,mid_peak,157.0,105.51,mid_peak,157.0,105.51
2026-07-14T12:00:00+00:00,84.36,1.14,85.5,108.0,0.005099,summer,weekday,mid_peak,157.0,71.5,mid_peak,157.0,71.5
2026-07-14T13:00:00+00:00,91.59,1.3,92.89,221.0,0.010193,summer,weekday,mid_peak,157.0,64.11,mid_peak,157.0,64.11
2026-07-14T14:00:00+00:00,108.94,1.47,110.41,297.0,0.013417,summer,weekday,mid_peak,157.0,46.59,mid_peak,157.0,46.59
2026-07-14T15:00:00+00:00,100.48,1.33,101.81,365.0,0.016322,summer,weekday,on_peak,203.0,101.19,mid_peak,157.0,55.19
2026-07-14T16:00:00+00:00,129.67,1.31,130.98,407.0,0.01786,summer,weekday,on_peak,203.0,72.02,mid_peak,157.0,26.02
2026-07-14T17:00:00+00:00,154.68,1.56,156.24,387.0,0.016418,summer,weekday,on_peak,203.0,46.76,mid_peak,157.0,0.76
2026-07-14T18:00:00+00:00,197.34,3.51,200.85,344.0,0.014088,summer,weekday,on_peak,203.0,2.15,mid_peak,157.0,-43.85
2026-07-14T19:00:00+00:00,207.13,3.56,210.69,328.0,0.013056,summer,weekday,on_peak,203.0,-7.69,mid_peak,157.0,-53.69
2026-07-14T20:00:00+00:00,268.54,3.66,272.2,282.0,0.011058,summer,weekday,on_peak,203.0,-69.2,on_peak,391.0,118.8
2026-07-14T21:00:00+00:00,268.2,2.02,270.22,205.0,0.007854,summer,weekday,mid_peak,157.0,-113.22,on_peak,391.0,120.78
2026-07-14T22:00:00+00:00,286.81,3.41,290.22,112.0,0.004276,summer,weekday,mid_peak,157.0,-133.22,on_peak,391.0,100.78
2026-07-14T23:00:00+00:00,296.05,5.62,301.67,33.0,0.001271,summer,weekday,off_peak,98.0,-203.67,on_peak,391.0,89.33
2026-07-15T00:00:00+00:00,291.99,5.49,297.48,6.0,0.000233,summer,weekday,off_peak,98.0,-199.48,on_peak,391.0,93.52
2026-07-15T01:00:00+00:00,205.87,4.77,210.64,0.0,0.0,summer,weekday,off_peak,98.0,-112.64,mid_peak,157.0,-53.64
2026-07-15T02:00:00+00:00,147.9,2.85,150.75,0.0,0.0,summer,weekday,off_peak,98.0,-52.75,mid_peak,157.0,6.25
2026-07-15T03:00:00+00:00,133.91,1.72,135.63,0.0,0.0,summer,weekday,off_peak,98.0,-37.63,ultra_low_overnight,39.0,-96.63
2026-07-15T04:00:00+00:00,84.11,0.69,84.8,0.0,0.0,summer,weekday,off_peak,98.0,13.2,ultra_low_overnight,39.0,-45.8
2026-07-15T05:00:00+00:00,64.95,0.16,65.11,0.0,0.0,summer,weekday,off_peak,98.0,32.89,ultra_low_overnight,39.0,-26.11
2026-07-15T06:00:00+00:00,61.61,0.17,61.78,0.0,0.0,summer,weekday,off_peak,98.0,36.22,ultra_low_overnight,39.0,-22.78
2026-07-15T07:00:00+00:00,56.23,0.24,56.47,0.0,0.0,summer,weekday,off_peak,98.0,41.53,ultra_low_overnight,39.0,-17.47
2026-07-15T08:00:00+00:00,52.85,0.26,53.11,0.0,0.0,summer,weekday,off_peak,98.0,44.89,ultra_low_overnight,39.0,-14.11
2026-07-15T09:00:00+00:00,49.11,0.17,49.28,0.0,0.0,summer,weekday,off_peak,98.0,48.72,ultra_low_overnight,39.0,-10.28
2026-07-15T10:00:00+00:00,53.03,-0.28,52.75,1.0,4.8e-05,summer,weekday,off_peak,98.0,45.25,ultra_low_overnight,39.0,-13.75
2026-07-15T11:00:00+00:00,79.29,1.82,81.11,15.0,0.000728,summer,weekday,mid_peak,157.0,75.89,mid_peak,157.0,75.89
2026-07-15T12:00:00+00:00,140.01,3.95,143.96,70.0,0.003367,summer,weekday,mid_peak,157.0,13.04,mid_peak,157.0,13.04
2026-07-15T13:00:00+00:00,140.08,8.34,148.42,118.0,0.005728,summer,weekday,mid_peak,157.0,8.58,mid_peak,157.0,8.58
2026-07-15T14:00:00+00:00,183.4,12.86,196.26,175.0,0.008431,summer,weekday,mid_peak,157.0,-39.26,mid_peak,157.0,-39.26
2026-07-15T15:00:00+00:00,185.61,16.22,201.83,181.0,0.008619,summer,weekday,on_peak,203.0,1.17,mid_peak,157.0,-44.83
2026-07-15T16:00:00+00:00,186.86,13.64,200.5,163.0,0.007504,summer,weekday,on_peak,203.0,2.5,mid_peak,157.0,-43.5
2026-07-15T17:00:00+00:00,210.79,15.32,226.11,127.0,0.005774,summer,weekday,on_peak,203.0,-23.11,mid_peak,157.0,-69.11
2026-07-15T18:00:00+00:00,209.74,22.2,231.94,128.0,0.005808,summer,weekday,on_peak,203.0,-28.94,mid_peak,157.0,-74.94
2026-07-15T19:00:00+00:00,184.55,20.31,204.86,116.0,0.005126,summer,weekday,on_peak,203.0,-1.86,mid_peak,157.0,-47.86
2026-07-15T20:00:00+00:00,171.82,19.37,191.19,93.0,0.00407,summer,weekday,on_peak,203.0,11.81,on_peak,391.0,199.81
2026-07-15T21:00:00+00:00,174.11,18.09,192.2,86.0,0.003768,summer,weekday,mid_peak,157.0,-35.2,on_peak,391.0,198.8
2026-07-15T22:00:00+00:00,176.25,18.45,194.7,47.0,0.002057,summer,weekday,mid_peak,157.0,-37.7,on_peak,391.0,196.3
2026-07-15T23:00:00+00:00,207.24,23.49,230.73,16.0,0.000707,summer,weekday,off_peak,98.0,-132.73,on_peak,391.0,160.27
2026-07-16T00:00:00+00:00,188.31,19.15,207.46,2.0,8.9e-05,summer,weekday,off_peak,98.0,-109.46,on_peak,391.0,183.54
2026-07-16T01:00:00+00:00,131.12,11.46,142.58,0.0,0.0,summer,weekday,off_peak,98.0,-44.58,mid_peak,157.0,14.42
2026-07-16T02:00:00+00:00,103.81,8.06,111.87,0.0,0.0,summer,weekday,off_peak,98.0,-13.87,mid_peak,157.0,45.13
2026-07-16T03:00:00+00:00,99.02,7.07,106.09,0.0,0.0,summer,weekday,off_peak,98.0,-8.09,ultra_low_overnight,39.0,-67.09
2026-07-16T04:00:00+00:00,60.11,2.22,62.33,0.0,0.0,summer,weekday,off_peak,98.0,35.67,ultra_low_overnight,39.0,-23.33
2026-07-16T05:00:00+00:00,46.33,1.15,47.48,0.0,0.0,summer,weekday,off_peak,98.0,50.52,ultra_low_overnight,39.0,-8.48
2026-07-16T06:00:00+00:00,34.4,0.08,34.48,0.0,0.0,summer,weekday,off_peak,98.0,63.52,ultra_low_overnight,39.0,4.52
2026-07-16T07:00:00+00:00,33.8,0.47,34.27,0.0,0.0,summer,weekday,off_peak,98.0,63.73,ultra_low_overnight,39.0,4.73
2026-07-16T08:00:00+00:00,33.22,0.94,34.16,0.0,0.0,summer,weekday,off_peak,98.0,63.84,ultra_low_overnight,39.0,4.84
2026-07-16T09:00:00+00:00,34.58,1.36,35.94,0.0,0.0,summer,weekday,off_peak,98.0,62.06,ultra_low_overnight,39.0,3.06
2026-07-16T10:00:00+00:00,39.35,1.87,41.22,3.0,0.000161,summer,weekday,off_peak,98.0,56.78,ultra_low_overnight,39.0,-2.22
2026-07-16T11:00:00+00:00,54.89,2.41,57.3,32.0,0.00165,summer,weekday,mid_peak,157.0,99.7,mid_peak,157.0,99.7
2026-07-16T12:00:00+00:00,55.04,1.28,56.32,102.0,0.005079,summer,weekday,mid_peak,157.0,100.68,mid_peak,157.0,100.68
2026-07-16T13:00:00+00:00,59.67,0.66,60.33,172.0,0.008318,summer,weekday,mid_peak,157.0,96.67,mid_peak,157.0,96.67
2026-07-16T14:00:00+00:00,70.52,0.87,71.39,216.0,0.010205,summer,weekday,mid_peak,157.0,85.61,mid_peak,157.0,85.61
2026-07-16T15:00:00+00:00,88.06,-0.46,87.6,286.0,0.012727,summer,weekday,on_peak,203.0,115.4,mid_peak,157.0,69.4
2026-07-16T16:00:00+00:00,89.83,-0.78,89.05,320.0,0.014152,summer,weekday,on_peak,203.0,113.95,mid_peak,157.0,67.95
2026-07-16T17:00:00+00:00,104.29,0.16,104.45,315.0,0.013811,summer,weekday,on_peak,203.0,98.55,mid_peak,157.0,52.55
2026-07-16T18:00:00+00:00,91.1,0.0,91.1,288.0,0.012442,summer,weekday,on_peak,203.0,111.9,mid_peak,157.0,65.9
2026-07-16T19:00:00+00:00,96.54,0.86,97.4,243.0,0.010475,summer,weekday,on_peak,203.0,105.6,mid_peak,157.0,59.6
2026-07-16T20:00:00+00:00,99.03,0.88,99.91,235.0,0.00997,summer,weekday,on_peak,203.0,103.09,on_peak,391.0,291.09
2026-07-16T21:00:00+00:00,99.77,0.35,100.12,171.0,0.007058,summer,weekday,mid_peak,157.0,56.88,on_peak,391.0,290.88
2026-07-16T22:00:00+00:00,100.74,1.13,101.87,92.0,0.003823,summer,weekday,mid_peak,157.0,55.13,on_peak,391.0,289.13
2026-07-16T23:00:00+00:00,100.32,1.74,102.06,36.0,0.001515,summer,weekday,off_peak,98.0,-4.06,on_peak,391.0,288.94
2026-07-17T00:00:00+00:00,96.34,2.55,98.89,15.0,0.000644,summer,weekday,off_peak,98.0,-0.89,on_peak,391.0,292.11
2026-07-17T01:00:00+00:00,95.0,3.44,98.44,11.0,0.000495,summer,weekday,off_peak,98.0,-0.44,mid_peak,157.0,58.56
2026-07-17T02:00:00+00:00,91.19,3.66,94.85,11.0,0.00051,summer,weekday,off_peak,98.0,3.15,mid_peak,157.0,62.15
2026-07-17T03:00:00+00:00,75.42,2.92,78.34,11.0,0.00053,summer,weekday,off_peak,98.0,19.66,ultra_low_overnight,39.0,-39.34
2026-07-17T04:00:00+00:00,55.5,0.92,56.42,11.0,0.000542,summer,weekday,off_peak,98.0,41.58,ultra_low_overnight,39.0,-17.42
2026-07-17T05:00:00+00:00,40.21,0.07,40.28,11.0,0.000563,summer,weekday,off_peak,98.0,57.72,ultra_low_overnight,39.0,-1.28
2026-07-17T06:00:00+00:00,34.36,-0.05,34.31,11.0,0.000578,summer,weekday,off_peak,98.0,63.69,ultra_low_overnight,39.0,4.69
2026-07-17T07:00:00+00:00,32.41,-0.03,32.38,11.0,0.000591,summer,weekday,off_peak,98.0,65.62,ultra_low_overnight,39.0,6.62
2026-07-17T08:00:00+00:00,31.94,-0.05,31.89,11.0,0.000594,summer,weekday,off_peak,98.0,66.11,ultra_low_overnight,39.0,7.11
2026-07-17T09:00:00+00:00,32.83,-0.25,32.58,6.0,0.000321,summer,weekday,off_peak,98.0,65.42,ultra_low_overnight,39.0,6.42
2026-07-17T10:00:00+00:00,36.46,0.15,36.61,5.0,0.000267,summer,weekday,off_peak,98.0,61.39,ultra_low_overnight,39.0,2.39
2026-07-17T11:00:00+00:00,40.34,-0.08,40.26,45.0,0.002313,summer,weekday,mid_peak,157.0,116.74,mid_peak,157.0,116.74
2026-07-17T12:00:00+00:00,43.78,0.03,43.81,128.0,0.006449,summer,weekday,mid_peak,157.0,113.19,mid_peak,157.0,113.19
2026-07-17T13:00:00+00:00,49.26,0.07,49.33,239.0,0.011603,summer,weekday,mid_peak,157.0,107.67,mid_peak,157.0,107.67
2026-07-17T14:00:00+00:00,50.21,0.09,50.3,314.0,0.015077,summer,weekday,mid_peak,157.0,106.7,mid_peak,157.0,106.7
2026-07-17T15:00:00+00:00,52.45,0.31,52.76,367.0,0.017204,summer,weekday,on_peak,203.0,150.24,mid_peak,157.0,104.24
2026-07-17T16:00:00+00:00,64.69,0.44,65.13,376.0,0.017317,summer,weekday,on_peak,203.0,137.87,mid_peak,157.0,91.87
2026-07-17T17:00:00+00:00,69.33,0.5,69.83,370.0,0.016681,summer,weekday,on_peak,203.0,133.17,mid_peak,157.0,87.17
2026-07-17T18:00:00+00:00,68.24,1.19,69.43,358.0,0.015808,summer,weekday,on_peak,203.0,133.57,mid_peak,157.0,87.57
2026-07-17T19:00:00+00:00,72.41,0.06,72.47,335.0,0.014864,summer,weekday,on_peak,203.0,130.53,mid_peak,157.0,84.53
2026-07-17T20:00:00+00:00,72.06,0.58,72.64,240.0,0.01045,summer,weekday,on_peak,203.0,130.36,on_peak,391.0,318.36
2026-07-17T21:00:00+00:00,73.15,1.66,74.81,145.0,0.006277,summer,weekday,mid_peak,157.0,82.19,on_peak,391.0,316.19
2026-07-17T22:00:00+00:00,83.66,-0.44,83.22,73.0,0.003162,summer,weekday,mid_peak,157.0,73.78,on_peak,391.0,307.78
2026-07-17T23:00:00+00:00,71.89,-0.18,71.71,37.0,0.001627,summer,weekday,off_peak,98.0,26.29,on_peak,391.0,319.29
2026-07-18T00:00:00+00:00,70.18,-0.08,70.1,11.0,0.000484,summer,weekday,off_peak,98.0,27.9,on_peak,391.0,320.9
2026-07-18T01:00:00+00:00,58.43,0.34,58.77,0.0,0.0,summer,weekday,off_peak,98.0,39.23,mid_peak,157.0,98.23
2026-07-18T02:00:00+00:00,50.07,0.92,50.99,0.0,0.0,summer,weekday,off_peak,98.0,47.01,mid_peak,157.0,106.01
2026-07-18T03:00:00+00:00,41.95,0.35,42.3,0.0,0.0,summer,weekday,off_peak,98.0,55.7,ultra_low_overnight,39.0,-3.3
2026-07-18T04:00:00+00:00,41.89,-0.02,41.87,0.0,0.0,summer,weekend_holiday,off_peak,98.0,56.13,ultra_low_overnight,39.0,-2.87
2026-07-18T05:00:00+00:00,40.15,0.08,40.23,0.0,0.0,summer,weekend_holiday,off_peak,98.0,57.77,ultra_low_overnight,39.0,-1.23
2026-07-18T06:00:00+00:00,33.1,0.03,33.13,0.0,0.0,summer,weekend_holiday,off_peak,98.0,64.87,ultra_low_overnight,39.0,5.87
2026-07-18T07:00:00+00:00,32.5,0.17,32.67,0.0,0.0,summer,weekend_holiday,off_peak,98.0,65.33,ultra_low_overnight,39.0,6.33
2026-07-18T08:00:00+00:00,27.18,0.01,27.19,0.0,0.0,summer,weekend_holiday,off_peak,98.0,70.81,ultra_low_overnight,39.0,11.81
2026-07-18T09:00:00+00:00,26.39,0.11,26.5,0.0,0.0,summer,weekend_holiday,off_peak,98.0,71.5,ultra_low_overnight,39.0,12.5
2026-07-18T10:00:00+00:00,23.13,0.14,23.27,0.0,0.0,summer,weekend_holiday,off_peak,98.0,74.73,ultra_low_overnight,39.0,15.73
2026-07-18T11:00:00+00:00,30.63,0.12,30.75,7.0,0.00036,summer,weekend_holiday,off_peak,98.0,67.25,weekend_off_peak,98.0,67.25
2026-07-18T12:00:00+00:00,36.18,0.08,36.26,35.0,0.001775,summer,weekend_holiday,off_peak,98.0,61.74,weekend_off_peak,98.0,61.74
2026-07-18T13:00:00+00:00,42.41,0.12,42.53,78.0,0.003808,summer,weekend_holiday,off_peak,98.0,55.47,weekend_off_peak,98.0,55.47
2026-07-18T14:00:00+00:00,51.0,0.04,51.04,130.0,0.006221,summer,weekend_holiday,off_peak,98.0,46.96,weekend_off_peak,98.0,46.96
2026-07-18T15:00:00+00:00,57.45,0.17,57.62,180.0,0.008421,summer,weekend_holiday,off_peak,98.0,40.38,weekend_off_peak,98.0,40.38
2026-07-18T16:00:00+00:00,57.91,0.57,58.48,209.0,0.009806,summer,weekend_holiday,off_peak,98.0,39.52,weekend_off_peak,98.0,39.52
2026-07-18T17:00:00+00:00,60.69,0.22,60.91,196.0,0.008917,summer,weekend_holiday,off_peak,98.0,37.09,weekend_off_peak,98.0,37.09
2026-07-18T18:00:00+00:00,60.04,0.04,60.08,100.0,0.004374,summer,weekend_holiday,off_peak,98.0,37.92,weekend_off_peak,98.0,37.92
2026-07-18T19:00:00+00:00,53.37,-0.03,53.34,90.0,0.003941,summer,weekend_holiday,off_peak,98.0,44.66,weekend_off_peak,98.0,44.66
2026-07-18T20:00:00+00:00,51.0,0.31,51.31,80.0,0.003481,summer,weekend_holiday,off_peak,98.0,46.69,weekend_off_peak,98.0,46.69
2026-07-18T21:00:00+00:00,58.93,0.21,59.14,117.0,0.004963,summer,weekend_holiday,off_peak,98.0,38.86,weekend_off_peak,98.0,38.86
2026-07-18T22:00:00+00:00,52.05,0.4,52.45,105.0,0.004423,summer,weekend_holiday,off_peak,98.0,45.55,weekend_off_peak,98.0,45.55
2026-07-18T23:00:00+00:00,47.54,0.57,48.11,38.0,0.001652,summer,weekend_holiday,off_peak,98.0,49.89,weekend_off_peak,98.0,49.89
2026-07-19T00:00:00+00:00,49.59,0.71,50.3,7.0,0.000312,summer,weekend_holiday,off_peak,98.0,47.7,weekend_off_peak,98.0,47.7
2026-07-19T01:00:00+00:00,51.06,0.25,51.31,0.0,0.0,summer,weekend_holiday,off_peak,98.0,46.69,weekend_off_peak,98.0,46.69
2026-07-19T02:00:00+00:00,49.32,0.28,49.6,0.0,0.0,summer,weekend_holiday,off_peak,98.0,48.4,weekend_off_peak,98.0,48.4
2026-07-19T03:00:00+00:00,41.14,0.29,41.43,0.0,0.0,summer,weekend_holiday,off_peak,98.0,56.57,ultra_low_overnight,39.0,-2.43
2026-07-19T04:00:00+00:00,38.33,0.73,39.06,0.0,0.0,summer,weekend_holiday,off_peak,98.0,58.94,ultra_low_overnight,39.0,-0.06
2026-07-19T05:00:00+00:00,36.25,0.5,36.75,0.0,0.0,summer,weekend_holiday,off_peak,98.0,61.25,ultra_low_overnight,39.0,2.25
2026-07-19T06:00:00+00:00,35.51,0.11,35.62,0.0,0.0,summer,weekend_holiday,off_peak,98.0,62.38,ultra_low_overnight,39.0,3.38
2026-07-19T07:00:00+00:00,31.02,-0.14,30.88,0.0,0.0,summer,weekend_holiday,off_peak,98.0,67.12,ultra_low_overnight,39.0,8.12
2026-07-19T08:00:00+00:00,30.56,0.3,30.86,0.0,0.0,summer,weekend_holiday,off_peak,98.0,67.14,ultra_low_overnight,39.0,8.14
2026-07-19T09:00:00+00:00,29.62,0.42,30.04,0.0,0.0,summer,weekend_holiday,off_peak,98.0,67.96,ultra_low_overnight,39.0,8.96
2026-07-19T10:00:00+00:00,27.77,0.63,28.4,2.0,0.000124,summer,weekend_holiday,off_peak,98.0,69.6,ultra_low_overnight,39.0,10.6
2026-07-19T11:00:00+00:00,31.42,0.45,31.87,61.0,0.003723,summer,weekend_holiday,off_peak,98.0,66.13,weekend_off_peak,98.0,66.13
2026-07-19T12:00:00+00:00,32.77,-0.06,32.71,152.0,0.009105,summer,weekend_holiday,off_peak,98.0,65.29,weekend_off_peak,98.0,65.29
2026-07-19T13:00:00+00:00,33.67,-0.3,33.37,261.0,0.015187,summer,weekend_holiday,off_peak,98.0,64.63,weekend_off_peak,98.0,64.63
2026-07-19T14:00:00+00:00,35.73,0.04,35.77,346.0,0.020168,summer,weekend_holiday,off_peak,98.0,62.23,weekend_off_peak,98.0,62.23
2026-07-19T15:00:00+00:00,34.78,-0.15,34.63,386.0,0.021907,summer,weekend_holiday,off_peak,98.0,63.37,weekend_off_peak,98.0,63.37
2026-07-19T16:00:00+00:00,36.92,-0.27,36.65,372.0,0.020515,summer,weekend_holiday,off_peak,98.0,61.35,weekend_off_peak,98.0,61.35
2026-07-19T17:00:00+00:00,39.39,-0.11,39.28,358.0,0.019231,summer,weekend_holiday,off_peak,98.0,58.72,weekend_off_peak,98.0,58.72
2026-07-19T18:00:00+00:00,39.09,-0.04,39.05,366.0,0.019049,summer,weekend_holiday,off_peak,98.0,58.95,weekend_off_peak,98.0,58.95
2026-07-19T19:00:00+00:00,39.62,-1.96,37.66,332.0,0.016699,summer,weekend_holiday,off_peak,98.0,60.34,weekend_off_peak,98.0,60.34
2026-07-19T20:00:00+00:00,40.43,-0.72,39.71,294.0,0.01406,summer,weekend_holiday,off_peak,98.0,58.29,weekend_off_peak,98.0,58.29
2026-07-19T21:00:00+00:00,53.58,-0.61,52.97,184.0,0.008442,summer,weekend_holiday,off_peak,98.0,45.03,weekend_off_peak,98.0,45.03
2026-07-19T22:00:00+00:00,63.2,-0.19,63.01,108.0,0.004813,summer,weekend_holiday,off_peak,98.0,34.99,weekend_off_peak,98.0,34.99
2026-07-19T23:00:00+00:00,64.99,-0.36,64.63,36.0,0.001592,summer,weekend_holiday,off_peak,98.0,33.37,weekend_off_peak,98.0,33.37
2026-07-20T00:00:00+00:00,65.47,-0.65,64.82,8.0,0.000366,summer,weekend_holiday,off_peak,98.0,33.18,weekend_off_peak,98.0,33.18
2026-07-20T01:00:00+00:00,58.87,-1.37,57.5,0.0,0.0,summer,weekend_holiday,off_peak,98.0,40.5,weekend_off_peak,98.0,40.5
2026-07-20T02:00:00+00:00,52.09,-0.62,51.47,0.0,0.0,summer,weekend_holiday,off_peak,98.0,46.53,weekend_off_peak,98.0,46.53
2026-07-20T03:00:00+00:00,40.95,-0.12,40.83,0.0,0.0,summer,weekend_holiday,off_peak,98.0,57.17,ultra_low_overnight,39.0,-1.83
2026-07-20T04:00:00+00:00,38.97,0.39,39.36,0.0,0.0,summer,weekday,off_peak,98.0,58.64,ultra_low_overnight,39.0,-0.36
2026-07-20T05:00:00+00:00,31.09,0.12,31.21,0.0,0.0,summer,weekday,off_peak,98.0,66.79,ultra_low_overnight,39.0,7.79
2026-07-20T06:00:00+00:00,27.25,0.06,27.31,0.0,0.0,summer,weekday,off_peak,98.0,70.69,ultra_low_overnight,39.0,11.69
2026-07-20T07:00:00+00:00,27.72,0.06,27.78,0.0,0.0,summer,weekday,off_peak,98.0,70.22,ultra_low_overnight,39.0,11.22
2026-07-20T08:00:00+00:00,26.22,0.05,26.27,0.0,0.0,summer,weekday,off_peak,98.0,71.73,ultra_low_overnight,39.0,12.73
2026-07-20T09:00:00+00:00,25.62,-0.09,25.53,0.0,0.0,summer,weekday,off_peak,98.0,72.47,ultra_low_overnight,39.0,13.47
2026-07-20T10:00:00+00:00,33.26,0.16,33.42,6.0,0.000345,summer,weekday,off_peak,98.0,64.58,ultra_low_overnight,39.0,5.58
2026-07-20T11:00:00+00:00,40.58,0.31,40.89,42.0,0.00239,summer,weekday,mid_peak,157.0,116.11,mid_peak,157.0,116.11
2026-07-20T12:00:00+00:00,37.32,0.18,37.5,138.0,0.007662,summer,weekday,mid_peak,157.0,119.5,mid_peak,157.0,119.5
2026-07-20T13:00:00+00:00,38.56,0.32,38.88,235.0,0.012835,summer,weekday,mid_peak,157.0,118.12,mid_peak,157.0,118.12
2026-07-20T14:00:00+00:00,42.04,0.45,42.49,324.0,0.017258,summer,weekday,mid_peak,157.0,114.51,mid_peak,157.0,114.51
2026-07-20T15:00:00+00:00,42.29,0.36,42.65,371.0,0.019111,summer,weekday,on_peak,203.0,160.35,mid_peak,157.0,114.35
2026-07-20T16:00:00+00:00,41.6,0.55,42.15,371.0,0.018291,summer,weekday,on_peak,203.0,160.85,mid_peak,157.0,114.85
2026-07-20T17:00:00+00:00,44.68,0.55,45.23,361.0,0.017118,summer,weekday,on_peak,203.0,157.77,mid_peak,157.0,111.77
2026-07-20T18:00:00+00:00,46.47,0.52,46.99,338.0,0.015787,summer,weekday,on_peak,203.0,156.01,mid_peak,157.0,110.01
2026-07-20T19:00:00+00:00,47.42,0.46,47.88,273.0,0.012501,summer,weekday,on_peak,203.0,155.12,mid_peak,157.0,109.12
2026-07-20T20:00:00+00:00,56.32,0.09,56.41,219.0,0.009735,summer,weekday,on_peak,203.0,146.59,on_peak,391.0,334.59
2026-07-20T21:00:00+00:00,66.65,-3.48,63.17,134.0,0.005748,summer,weekday,mid_peak,157.0,93.83,on_peak,391.0,327.83
2026-07-20T22:00:00+00:00,70.54,0.47,71.01,74.0,0.00322,summer,weekday,mid_peak,157.0,85.99,on_peak,391.0,319.99
2026-07-20T23:00:00+00:00,70.95,0.45,71.4,30.0,0.00131,summer,weekday,off_peak,98.0,26.6,on_peak,391.0,319.6
2026-07-21T00:00:00+00:00,63.8,0.53,64.33,3.0,0.000133,summer,weekday,off_peak,98.0,33.67,on_peak,391.0,326.67
2026-07-21T01:00:00+00:00,57.36,-0.86,56.5,0.0,0.0,summer,weekday,off_peak,98.0,41.5,mid_peak,157.0,100.5
2026-07-21T02:00:00+00:00,41.22,0.23,41.45,0.0,0.0,summer,weekday,off_peak,98.0,56.55,mid_peak,157.0,115.55
2026-07-21T03:00:00+00:00,39.35,0.38,39.73,0.0,0.0,summer,weekday,off_peak,98.0,58.27,ultra_low_overnight,39.0,-0.73
2026-07-21T04:00:00+00:00,35.74,0.06,35.8,0.0,0.0,summer,weekday,off_peak,98.0,62.2,ultra_low_overnight,39.0,3.2
2026-07-21T05:00:00+00:00,30.16,0.14,30.3,0.0,0.0,summer,weekday,off_peak,98.0,67.7,ultra_low_overnight,39.0,8.7
2026-07-21T06:00:00+00:00,25.98,0.12,26.1,0.0,0.0,summer,weekday,off_peak,98.0,71.9,ultra_low_overnight,39.0,12.9
2026-07-21T07:00:00+00:00,25.11,-0.09,25.02,0.0,0.0,summer,weekday,off_peak,98.0,72.98,ultra_low_overnight,39.0,13.98
2026-07-21T08:00:00+00:00,25.88,0.39,26.27,0.0,0.0,summer,weekday,off_peak,98.0,71.73,ultra_low_overnight,39.0,12.73
2026-07-21T09:00:00+00:00,25.41,0.36,25.77,0.0,0.0,summer,weekday,off_peak,98.0,72.23,ultra_low_overnight,39.0,13.23
2026-07-21T10:00:00+00:00,26.9,0.31,27.21,3.0,0.000159,summer,weekday,off_peak,98.0,70.79,ultra_low_overnight,39.0,11.79
2026-07-21T11:00:00+00:00,33.73,0.03,33.76,38.0,0.001916,summer,weekday,mid_peak,157.0,123.24,mid_peak,157.0,123.24
2026-07-21T12:00:00+00:00,34.74,-0.1,34.64,75.0,0.00365,summer,weekday,mid_peak,157.0,122.36,mid_peak,157.0,122.36
2026-07-21T13:00:00+00:00,37.42,0.05,37.47,65.0,0.003113,summer,weekday,mid_peak,157.0,119.53,mid_peak,157.0,119.53
2026-07-21T14:00:00+00:00,41.14,0.1,41.24,118.0,0.005485,summer,weekday,mid_peak,157.0,115.76,mid_peak,157.0,115.76
2026-07-21T15:00:00+00:00,41.03,0.66,41.69,143.0,0.006521,summer,weekday,on_peak,203.0,161.31,mid_peak,157.0,115.31
2026-07-21T16:00:00+00:00,50.96,1.32,52.28,232.0,0.010273,summer,weekday,on_peak,203.0,150.72,mid_peak,157.0,104.72
2026-07-21T17:00:00+00:00,55.3,-0.01,55.29,150.0,0.006609,summer,weekday,on_peak,203.0,147.71,mid_peak,157.0,101.71
2026-07-21T18:00:00+00:00,54.18,0.91,55.09,114.0,0.00507,summer,weekday,on_peak,203.0,147.91,mid_peak,157.0,101.91
2026-07-21T19:00:00+00:00,54.78,0.48,55.26,110.0,0.004872,summer,weekday,on_peak,203.0,147.74,mid_peak,157.0,101.74
2026-07-21T20:00:00+00:00,59.3,1.14,60.44,97.0,0.004304,summer,weekday,on_peak,203.0,142.56,on_peak,391.0,330.56
2026-07-21T21:00:00+00:00,65.15,1.01,66.16,76.0,0.003287,summer,weekday,mid_peak,157.0,90.84,on_peak,391.0,324.84
2026-07-21T22:00:00+00:00,57.1,-0.41,56.69,44.0,0.001893,summer,weekday,mid_peak,157.0,100.31,on_peak,391.0,334.31
2026-07-21T23:00:00+00:00,55.31,0.7,56.01,36.0,0.00156,summer,weekday,off_peak,98.0,41.99,on_peak,391.0,334.99
2026-07-22T00:00:00+00:00,55.07,0.63,55.7,9.0,0.000396,summer,weekday,off_peak,98.0,42.3,on_peak,391.0,335.3
2026-07-22T01:00:00+00:00,47.53,0.37,47.9,0.0,0.0,summer,weekday,off_peak,98.0,50.1,mid_peak,157.0,109.1
2026-07-22T02:00:00+00:00,41.6,0.2,41.8,0.0,0.0,summer,weekday,off_peak,98.0,56.2,mid_peak,157.0,115.2
2026-07-22T03:00:00+00:00,37.25,0.78,38.03,0.0,0.0,summer,weekday,off_peak,98.0,59.97,ultra_low_overnight,39.0,0.97
2026-07-22T04:00:00+00:00,37.46,0.61,38.07,0.0,0.0,summer,weekday,off_peak,98.0,59.93,ultra_low_overnight,39.0,0.93
2026-07-22T05:00:00+00:00,29.84,0.52,30.36,0.0,0.0,summer,weekday,off_peak,98.0,67.64,ultra_low_overnight,39.0,8.64
2026-07-22T06:00:00+00:00,24.49,0.3,24.79,0.0,0.0,summer,weekday,off_peak,98.0,73.21,ultra_low_overnight,39.0,14.21
2026-07-22T07:00:00+00:00,24.53,0.01,24.54,0.0,0.0,summer,weekday,off_peak,98.0,73.46,ultra_low_overnight,39.0,14.46
2026-07-22T08:00:00+00:00,24.52,0.21,24.73,0.0,0.0,summer,weekday,off_peak,98.0,73.27,ultra_low_overnight,39.0,14.27
2026-07-22T09:00:00+00:00,30.81,0.5,31.31,0.0,0.0,summer,weekday,off_peak,98.0,66.69,ultra_low_overnight,39.0,7.69
2026-07-22T10:00:00+00:00,30.45,0.44,30.89,1.0,5.5e-05,summer,weekday,off_peak,98.0,67.11,ultra_low_overnight,39.0,8.11
2026-07-22T11:00:00+00:00,35.48,0.12,35.6,35.0,0.00187,summer,weekday,mid_peak,157.0,121.4,mid_peak,157.0,121.4
2026-07-22T12:00:00+00:00,37.19,0.05,37.24,93.0,0.004878,summer,weekday,mid_peak,157.0,119.76,mid_peak,157.0,119.76
2026-07-22T13:00:00+00:00,35.03,0.14,35.17,182.0,0.009525,summer,weekday,mid_peak,157.0,121.83,mid_peak,157.0,121.83
2026-07-22T14:00:00+00:00,34.96,0.16,35.12,217.0,0.011419,summer,weekday,mid_peak,157.0,121.88,mid_peak,157.0,121.88
2026-07-22T15:00:00+00:00,35.84,0.74,36.58,219.0,0.011521,summer,weekday,on_peak,203.0,166.42,mid_peak,157.0,120.42
2026-07-22T16:00:00+00:00,38.74,0.8,39.54,276.0,0.014148,summer,weekday,on_peak,203.0,163.46,mid_peak,157.0,117.46
2026-07-22T17:00:00+00:00,37.45,0.87,38.32,304.0,0.015524,summer,weekday,on_peak,203.0,164.68,mid_peak,157.0,118.68
2026-07-22T18:00:00+00:00,38.12,0.54,38.66,280.0,0.014012,summer,weekday,on_peak,203.0,164.34,mid_peak,157.0,118.34
2026-07-22T19:00:00+00:00,37.97,0.24,38.21,297.0,0.01463,summer,weekday,on_peak,203.0,164.79,mid_peak,157.0,118.79
2026-07-22T20:00:00+00:00,35.48,0.07,35.55,233.0,0.011214,summer,weekday,on_peak,203.0,167.45,on_peak,391.0,355.45
2026-07-22T21:00:00+00:00,48.01,0.29,48.3,146.0,0.006789,summer,weekday,mid_peak,157.0,108.7,on_peak,391.0,342.7
2026-07-22T22:00:00+00:00,49.81,0.12,49.93,97.0,0.004481,summer,weekday,mid_peak,157.0,107.07,on_peak,391.0,341.07
2026-07-22T23:00:00+00:00,53.8,-0.02,53.78,36.0,0.001665,summer,weekday,off_peak,98.0,44.22,on_peak,391.0,337.22
2026-07-23T00:00:00+00:00,54.78,-0.01,54.77,5.0,0.000236,summer,weekday,off_peak,98.0,43.23,on_peak,391.0,336.23
2026-07-23T01:00:00+00:00,52.07,-0.01,52.06,0.0,0.0,summer,weekday,off_peak,98.0,45.94,mid_peak,157.0,104.94
2026-07-23T02:00:00+00:00,47.2,0.03,47.23,0.0,0.0,summer,weekday,off_peak,98.0,50.77,mid_peak,157.0,109.77
2026-07-23T03:00:00+00:00,39.12,0.11,39.23,0.0,0.0,summer,weekday,off_peak,98.0,58.77,ultra_low_overnight,39.0,-0.23
2026-07-23T04:00:00+00:00,34.15,0.15,34.3,0.0,0.0,summer,weekday,off_peak,98.0,63.7,ultra_low_overnight,39.0,4.7
2026-07-23T05:00:00+00:00,30.08,0.43,30.51,0.0,0.0,summer,weekday,off_peak,98.0,67.49,ultra_low_overnight,39.0,8.49
2026-07-23T06:00:00+00:00,31.79,0.35,32.14,0.0,0.0,summer,weekday,off_peak,98.0,65.86,ultra_low_overnight,39.0,6.86
2026-07-23T07:00:00+00:00,28.11,-0.13,27.98,0.0,0.0,summer,weekday,off_peak,98.0,70.02,ultra_low_overnight,39.0,11.02
2026-07-23T08:00:00+00:00,29.33,-0.07,29.26,0.0,0.0,summer,weekday,off_peak,98.0,68.74,ultra_low_overnight,39.0,9.74
2026-07-23T09:00:00+00:00,32.09,1.26,33.35,0.0,0.0,summer,weekday,off_peak,98.0,64.65,ultra_low_overnight,39.0,5.65
2026-07-23T10:00:00+00:00,32.04,1.45,33.49,9.0,0.00053,summer,weekday,off_peak,98.0,64.51,ultra_low_overnight,39.0,5.51
2026-07-23T11:00:00+00:00,35.71,1.16,36.87,50.0,0.002903,summer,weekday,mid_peak,157.0,120.13,mid_peak,157.0,120.13
2026-07-23T12:00:00+00:00,35.29,0.2,35.49,145.0,0.008273,summer,weekday,mid_peak,157.0,121.51,mid_peak,157.0,121.51
2026-07-23T13:00:00+00:00,35.6,0.07,35.67,275.0,0.015425,summer,weekday,mid_peak,157.0,121.33,mid_peak,157.0,121.33
2026-07-23T14:00:00+00:00,36.13,0.17,36.3,365.0,0.020256,summer,weekday,mid_peak,157.0,120.7,mid_peak,157.0,120.7
2026-07-23T15:00:00+00:00,37.19,0.65,37.84,412.0,0.022569,summer,weekday,on_peak,203.0,165.16,mid_peak,157.0,119.16
2026-07-23T16:00:00+00:00,38.08,0.2,38.28,371.0,0.019496,summer,weekday,on_peak,203.0,164.72,mid_peak,157.0,118.72
2026-07-23T17:00:00+00:00,43.02,0.18,43.2,339.0,0.017351,summer,weekday,on_peak,203.0,159.8,mid_peak,157.0,113.8
2026-07-23T18:00:00+00:00,43.06,0.4,43.46,353.0,0.017813,summer,weekday,on_peak,203.0,159.54,mid_peak,157.0,113.54
2026-07-23T19:00:00+00:00,40.3,0.7,41.0,363.0,0.01809,summer,weekday,on_peak,203.0,162.0,mid_peak,157.0,116.0
2026-07-23T20:00:00+00:00,43.33,0.55,43.88,309.0,0.014753,summer,weekday,on_peak,203.0,159.12,on_peak,391.0,347.12
2026-07-23T21:00:00+00:00,54.14,0.94,55.08,225.0,0.010485,summer,weekday,mid_peak,157.0,101.92,on_peak,391.0,335.92
2026-07-23T22:00:00+00:00,55.28,0.04,55.32,111.0,0.004955,summer,weekday,mid_peak,157.0,101.68,on_peak,391.0,335.68
2026-07-23T23:00:00+00:00,60.71,0.1,60.81,28.0,0.001212,summer,weekday,off_peak,98.0,37.19,on_peak,391.0,330.19
2026-07-24T00:00:00+00:00,60.56,0.18,60.74,6.0,0.000264,summer,weekday,off_peak,98.0,37.26,on_peak,391.0,330.26
2026-07-24T01:00:00+00:00,51.23,0.12,51.35,0.0,0.0,summer,weekday,off_peak,98.0,46.65,mid_peak,157.0,105.65
2026-07-24T02:00:00+00:00,41.5,0.16,41.66,0.0,0.0,summer,weekday,off_peak,98.0,56.34,mid_peak,157.0,115.34
2026-07-24T03:00:00+00:00,39.81,0.41,40.22,0.0,0.0,summer,weekday,off_peak,98.0,57.78,ultra_low_overnight,39.0,-1.22
2026-07-24T04:00:00+00:00,37.33,0.44,37.77,0.0,0.0,summer,weekday,off_peak,98.0,60.23,ultra_low_overnight,39.0,1.23
2026-07-24T05:00:00+00:00,33.04,0.53,33.57,0.0,0.0,summer,weekday,off_peak,98.0,64.43,ultra_low_overnight,39.0,5.43
2026-07-24T06:00:00+00:00,29.64,0.21,29.85,0.0,0.0,summer,weekday,off_peak,98.0,68.15,ultra_low_overnight,39.0,9.15
2026-07-24T07:00:00+00:00,28.19,-0.09,28.1,0.0,0.0,summer,weekday,off_peak,98.0,69.9,ultra_low_overnight,39.0,10.9
2026-07-24T08:00:00+00:00,28.14,-0.15,27.99,0.0,0.0,summer,weekday,off_peak,98.0,70.01,ultra_low_overnight,39.0,11.01
2026-07-24T09:00:00+00:00,28.9,-0.08,28.82,0.0,0.0,summer,weekday,off_peak,98.0,69.18,ultra_low_overnight,39.0,10.18
2026-07-24T10:00:00+00:00,29.28,-0.05,29.23,9.0,0.000522,summer,weekday,off_peak,98.0,68.77,ultra_low_overnight,39.0,9.77
2026-07-24T11:00:00+00:00,34.13,0.01,34.14,48.0,0.002737,summer,weekday,mid_peak,157.0,122.86,mid_peak,157.0,122.86
2026-07-24T12:00:00+00:00,34.49,-0.03,34.46,145.0,0.008067,summer,weekday,mid_peak,157.0,122.54,mid_peak,157.0,122.54
2026-07-24T13:00:00+00:00,35.41,-0.34,35.07,256.0,0.013769,summer,weekday,mid_peak,157.0,121.93,mid_peak,157.0,121.93
2026-07-24T14:00:00+00:00,37.17,-0.23,36.94,331.0,0.017416,summer,weekday,mid_peak,157.0,120.06,mid_peak,157.0,120.06
2026-07-24T15:00:00+00:00,36.32,0.11,36.43,329.0,0.017024,summer,weekday,on_peak,203.0,166.57,mid_peak,157.0,120.57
2026-07-24T16:00:00+00:00,40.88,0.31,41.19,299.0,0.015307,summer,weekday,on_peak,203.0,161.81,mid_peak,157.0,115.81
2026-07-24T17:00:00+00:00,43.79,2.44,46.23,310.0,0.015631,summer,weekday,on_peak,203.0,156.77,mid_peak,157.0,110.77
2026-07-24T18:00:00+00:00,44.17,2.68,46.85,313.0,0.015426,summer,weekday,on_peak,203.0,156.15,mid_peak,157.0,110.15
2026-07-24T19:00:00+00:00,47.96,0.21,48.17,291.0,0.013996,summer,weekday,on_peak,203.0,154.83,mid_peak,157.0,108.83
2026-07-24T20:00:00+00:00,51.32,0.01,51.33,239.0,0.011048,summer,weekday,on_peak,203.0,151.67,on_peak,391.0,339.67
2026-07-24T21:00:00+00:00,63.06,-0.4,62.66,181.0,0.008012,summer,weekday,mid_peak,157.0,94.34,on_peak,391.0,328.34
2026-07-24T22:00:00+00:00,62.89,-0.28,62.61,96.0,0.004151,summer,weekday,mid_peak,157.0,94.39,on_peak,391.0,328.39
2026-07-24T23:00:00+00:00,73.38,-0.8,72.58,29.0,0.001261,summer,weekday,off_peak,98.0,25.42,on_peak,391.0,318.42
2026-07-25T00:00:00+00:00,63.93,0.19,64.12,7.0,0.00031,summer,weekday,off_peak,98.0,33.88,on_peak,391.0,326.88
2026-07-25T01:00:00+00:00,55.08,0.55,55.63,1.0,4.6e-05,summer,weekday,off_peak,98.0,42.37,mid_peak,157.0,101.37
2026-07-25T02:00:00+00:00,43.92,0.34,44.26,0.0,0.0,summer,weekday,off_peak,98.0,53.74,mid_peak,157.0,112.74
2026-07-25T03:00:00+00:00,39.25,0.49,39.74,0.0,0.0,summer,weekday,off_peak,98.0,58.26,ultra_low_overnight,39.0,-0.74
2026-07-25T04:00:00+00:00,38.28,0.83,39.11,0.0,0.0,summer,weekend_holiday,off_peak,98.0,58.89,ultra_low_overnight,39.0,-0.11
2026-07-25T05:00:00+00:00,32.77,0.27,33.04,0.0,0.0,summer,weekend_holiday,off_peak,98.0,64.96,ultra_low_overnight,39.0,5.96
2026-07-25T06:00:00+00:00,33.27,0.33,33.6,0.0,0.0,summer,weekend_holiday,off_peak,98.0,64.4,ultra_low_overnight,39.0,5.4
2026-07-25T07:00:00+00:00,32.38,0.38,32.76,0.0,0.0,summer,weekend_holiday,off_peak,98.0,65.24,ultra_low_overnight,39.0,6.24
2026-07-25T08:00:00+00:00,31.33,0.22,31.55,0.0,0.0,summer,weekend_holiday,off_peak,98.0,66.45,ultra_low_overnight,39.0,7.45
2026-07-25T09:00:00+00:00,32.26,0.08,32.34,0.0,0.0,summer,weekend_holiday,off_peak,98.0,65.66,ultra_low_overnight,39.0,6.66
2026-07-25T10:00:00+00:00,32.0,1.19,33.19,5.0,0.000297,summer,weekend_holiday,off_peak,98.0,64.81,ultra_low_overnight,39.0,5.81
2026-07-25T11:00:00+00:00,32.44,2.03,34.47,32.0,0.00191,summer,weekend_holiday,off_peak,98.0,63.53,weekend_off_peak,98.0,63.53
2026-07-25T12:00:00+00:00,34.99,2.16,37.15,122.0,0.007207,summer,weekend_holiday,off_peak,98.0,60.85,weekend_off_peak,98.0,60.85
2026-07-25T13:00:00+00:00,36.74,1.3,38.04,228.0,0.01297,summer,weekend_holiday,off_peak,98.0,59.96,weekend_off_peak,98.0,59.96
2026-07-25T14:00:00+00:00,42.16,0.55,42.71,309.0,0.016825,summer,weekend_holiday,off_peak,98.0,55.29,weekend_off_peak,98.0,55.29
2026-07-25T15:00:00+00:00,41.07,0.16,41.23,352.0,0.018058,summer,weekend_holiday,off_peak,98.0,56.77,weekend_off_peak,98.0,56.77
2026-07-25T16:00:00+00:00,44.44,-0.19,44.25,368.0,0.018081,summer,weekend_holiday,off_peak,98.0,53.75,weekend_off_peak,98.0,53.75
2026-07-25T17:00:00+00:00,45.25,-0.16,45.09,368.0,0.017708,summer,weekend_holiday,off_peak,98.0,52.91,weekend_off_peak,98.0,52.91
2026-07-25T18:00:00+00:00,45.58,-0.08,45.5,346.0,0.016527,summer,weekend_holiday,off_peak,98.0,52.5,weekend_off_peak,98.0,52.5
2026-07-25T19:00:00+00:00,51.07,-0.04,51.03,308.0,0.014513,summer,weekend_holiday,off_peak,98.0,46.97,weekend_off_peak,98.0,46.97
2026-07-25T20:00:00+00:00,56.62,-0.06,56.56,260.0,0.011939,summer,weekend_holiday,off_peak,98.0,41.44,weekend_off_peak,98.0,41.44
2026-07-25T21:00:00+00:00,67.26,0.04,67.3,168.0,0.007546,summer,weekend_holiday,off_peak,98.0,30.7,weekend_off_peak,98.0,30.7
2026-07-25T22:00:00+00:00,72.33,0.23,72.56,90.0,0.003992,summer,weekend_holiday,off_peak,98.0,25.44,weekend_off_peak,98.0,25.44
2026-07-25T23:00:00+00:00,72.06,0.18,72.24,35.0,0.001555,summer,weekend_holiday,off_peak,98.0,25.76,weekend_off_peak,98.0,25.76
2026-07-26T00:00:00+00:00,64.85,0.06,64.91,8.0,0.000359,summer,weekend_holiday,off_peak,98.0,33.09,weekend_off_peak,98.0,33.09
2026-07-26T01:00:00+00:00,58.54,-0.1,58.44,0.0,0.0,summer,weekend_holiday,off_peak,98.0,39.56,weekend_off_peak,98.0,39.56
2026-07-26T02:00:00+00:00,50.78,-1.08,49.7,0.0,0.0,summer,weekend_holiday,off_peak,98.0,48.3,weekend_off_peak,98.0,48.3
2026-07-26T03:00:00+00:00,44.51,-0.01,44.5,0.0,0.0,summer,weekend_holiday,off_peak,98.0,53.5,ultra_low_overnight,39.0,-5.5
2026-07-26T04:00:00+00:00,41.23,0.2,41.43,0.0,0.0,summer,weekend_holiday,off_peak,98.0,56.57,ultra_low_overnight,39.0,-2.43
2026-07-26T05:00:00+00:00,30.32,0.02,30.34,0.0,0.0,summer,weekend_holiday,off_peak,98.0,67.66,ultra_low_overnight,39.0,8.66
2026-07-26T06:00:00+00:00,30.17,0.07,30.24,0.0,0.0,summer,weekend_holiday,off_peak,98.0,67.76,ultra_low_overnight,39.0,8.76
2026-07-26T07:00:00+00:00,29.67,-0.01,29.66,0.0,0.0,summer,weekend_holiday,off_peak,98.0,68.34,ultra_low_overnight,39.0,9.34
2026-07-26T08:00:00+00:00,27.36,-0.26,27.1,0.0,0.0,summer,weekend_holiday,off_peak,98.0,70.9,ultra_low_overnight,39.0,11.9
2026-07-26T09:00:00+00:00,29.37,-0.39,28.98,0.0,0.0,summer,weekend_holiday,off_peak,98.0,69.02,ultra_low_overnight,39.0,10.02
2026-07-26T10:00:00+00:00,28.22,0.48,28.7,4.0,0.000235,summer,weekend_holiday,off_peak,98.0,69.3,ultra_low_overnight,39.0,10.3
2026-07-26T11:00:00+00:00,30.24,-0.19,30.05,35.0,0.002045,summer,weekend_holiday,off_peak,98.0,67.95,weekend_off_peak,98.0,67.95
2026-07-26T12:00:00+00:00,33.17,0.18,33.35,100.0,0.005826,summer,weekend_holiday,off_peak,98.0,64.65,weekend_off_peak,98.0,64.65
2026-07-26T13:00:00+00:00,35.88,0.16,36.04,189.0,0.010662,summer,weekend_holiday,off_peak,98.0,61.96,weekend_off_peak,98.0,61.96
2026-07-26T14:00:00+00:00,40.04,0.09,40.13,228.0,0.012383,summer,weekend_holiday,off_peak,98.0,57.87,weekend_off_peak,98.0,57.87
2026-07-26T15:00:00+00:00,41.31,-0.03,41.28,220.0,0.011319,summer,weekend_holiday,off_peak,98.0,56.72,weekend_off_peak,98.0,56.72
2026-07-26T16:00:00+00:00,45.99,-0.2,45.79,270.0,0.013518,summer,weekend_holiday,off_peak,98.0,52.21,weekend_off_peak,98.0,52.21
2026-07-26T17:00:00+00:00,51.69,-0.21,51.48,323.0,0.01598,summer,weekend_holiday,off_peak,98.0,46.52,weekend_off_peak,98.0,46.52
2026-07-26T18:00:00+00:00,52.8,-0.04,52.76,311.0,0.014945,summer,weekend_holiday,off_peak,98.0,45.24,weekend_off_peak,98.0,45.24
2026-07-26T19:00:00+00:00,61.09,0.37,61.46,247.0,0.011927,summer,weekend_holiday,off_peak,98.0,36.54,weekend_off_peak,98.0,36.54
2026-07-26T20:00:00+00:00,65.52,0.79,66.31,225.0,0.010423,summer,weekend_holiday,off_peak,98.0,31.69,weekend_off_peak,98.0,31.69
2026-07-26T21:00:00+00:00,90.25,1.19,91.44,144.0,0.006401,summer,weekend_holiday,off_peak,98.0,6.56,weekend_off_peak,98.0,6.56
2026-07-26T22:00:00+00:00,87.6,0.3,87.9,89.0,0.003964,summer,weekend_holiday,off_peak,98.0,10.1,weekend_off_peak,98.0,10.1
2026-07-26T23:00:00+00:00,83.66,0.54,84.2,45.0,0.002037,summer,weekend_holiday,off_peak,98.0,13.8,weekend_off_peak,98.0,13.8
2026-07-27T00:00:00+00:00,78.56,0.45,79.01,5.0,0.000233,summer,weekend_holiday,off_peak,98.0,18.99,weekend_off_peak,98.0,18.99
2026-07-27T01:00:00+00:00,78.73,0.64,79.37,0.0,0.0,summer,weekend_holiday,off_peak,98.0,18.63,weekend_off_peak,98.0,18.63
2026-07-27T02:00:00+00:00,60.02,1.54,61.56,0.0,0.0,summer,weekend_holiday,off_peak,98.0,36.44,weekend_off_peak,98.0,36.44
2026-07-27T03:00:00+00:00,49.15,1.93,51.08,0.0,0.0,summer,weekend_holiday,off_peak,98.0,46.92,ultra_low_overnight,39.0,-12.08
2026-07-27T04:00:00+00:00,41.4,3.13,44.53,0.0,0.0,summer,weekday,off_peak,98.0,53.47,ultra_low_overnight,39.0,-5.53
2026-07-27T05:00:00+00:00,36.03,2.29,38.32,0.0,0.0,summer,weekday,off_peak,98.0,59.68,ultra_low_overnight,39.0,0.68
2026-07-27T06:00:00+00:00,32.11,2.24,34.35,0.0,0.0,summer,weekday,off_peak,98.0,63.65,ultra_low_overnight,39.0,4.65
2026-07-27T07:00:00+00:00,30.29,0.36,30.65,0.0,0.0,summer,weekday,off_peak,98.0,67.35,ultra_low_overnight,39.0,8.35
2026-07-27T08:00:00+00:00,29.37,0.81,30.18,0.0,0.0,summer,weekday,off_peak,98.0,67.82,ultra_low_overnight,39.0,8.82
2026-07-27T09:00:00+00:00,32.64,0.47,33.11,0.0,0.0,summer,weekday,off_peak,98.0,64.89,ultra_low_overnight,39.0,5.89
2026-07-27T10:00:00+00:00,36.22,-0.36,35.86,3.0,0.000162,summer,weekday,off_peak,98.0,62.14,ultra_low_overnight,39.0,3.14
2026-07-27T11:00:00+00:00,43.51,0.19,43.7,40.0,0.002146,summer,weekday,mid_peak,157.0,113.3,mid_peak,157.0,113.3
2026-07-27T12:00:00+00:00,47.57,0.18,47.75,96.0,0.005045,summer,weekday,mid_peak,157.0,109.25,mid_peak,157.0,109.25
2026-07-27T13:00:00+00:00,47.14,0.09,47.23,170.0,0.008918,summer,weekday,mid_peak,157.0,109.77,mid_peak,157.0,109.77
2026-07-27T14:00:00+00:00,60.44,1.52,61.96,264.0,0.013284,summer,weekday,mid_peak,157.0,95.04,mid_peak,157.0,95.04
2026-07-27T15:00:00+00:00,73.13,0.7,73.83,327.0,0.015993,summer,weekday,on_peak,203.0,129.17,mid_peak,157.0,83.17
2026-07-27T16:00:00+00:00,97.93,0.64,98.57,323.0,0.015348,summer,weekday,on_peak,203.0,104.43,mid_peak,157.0,58.43
2026-07-27T17:00:00+00:00,97.55,0.6,98.15,319.0,0.014827,summer,weekday,on_peak,203.0,104.85,mid_peak,157.0,58.85
2026-07-27T18:00:00+00:00,114.48,0.02,114.5,288.0,0.013369,summer,weekday,on_peak,203.0,88.5,mid_peak,157.0,42.5
2026-07-27T19:00:00+00:00,113.82,-1.55,112.27,222.0,0.010298,summer,weekday,on_peak,203.0,90.73,mid_peak,157.0,44.73
2026-07-27T20:00:00+00:00,112.96,-0.24,112.72,167.0,0.007649,summer,weekday,on_peak,203.0,90.28,on_peak,391.0,278.28
2026-07-27T21:00:00+00:00,146.96,0.0,146.96,98.0,0.004243,summer,weekday,mid_peak,157.0,10.04,on_peak,391.0,244.04
2026-07-27T22:00:00+00:00,155.46,4.17,159.63,57.0,0.002456,summer,weekday,mid_peak,157.0,-2.63,on_peak,391.0,231.37
2026-07-27T23:00:00+00:00,115.09,8.53,123.62,29.0,0.00126,summer,weekday,off_peak,98.0,-25.62,on_peak,391.0,267.38
2026-07-28T00:00:00+00:00,101.98,7.0,108.98,4.0,0.00018,summer,weekday,off_peak,98.0,-10.98,on_peak,391.0,282.02
2026-07-28T01:00:00+00:00,97.19,0.26,97.45,0.0,0.0,summer,weekday,off_peak,98.0,0.55,mid_peak,157.0,59.55
2026-07-28T02:00:00+00:00,85.23,2.36,87.59,0.0,0.0,summer,weekday,off_peak,98.0,10.41,mid_peak,157.0,69.41
2026-07-28T03:00:00+00:00,60.21,3.09,63.3,0.0,0.0,summer,weekday,off_peak,98.0,34.7,ultra_low_overnight,39.0,-24.3
2026-07-28T04:00:00+00:00,41.93,1.19,43.12,0.0,0.0,summer,weekday,off_peak,98.0,54.88,ultra_low_overnight,39.0,-4.12
2026-07-28T05:00:00+00:00,37.07,1.73,38.8,0.0,0.0,summer,weekday,off_peak,98.0,59.2,ultra_low_overnight,39.0,0.2
2026-07-28T06:00:00+00:00,35.08,1.75,36.83,0.0,0.0,summer,weekday,off_peak,98.0,61.17,ultra_low_overnight,39.0,2.17
2026-07-28T07:00:00+00:00,33.78,0.41,34.19,0.0,0.0,summer,weekday,off_peak,98.0,63.81,ultra_low_overnight,39.0,4.81
2026-07-28T08:00:00+00:00,33.87,0.07,33.94,0.0,0.0,summer,weekday,off_peak,98.0,64.06,ultra_low_overnight,39.0,5.06
2026-07-28T09:00:00+00:00,34.46,0.53,34.99,0.0,0.0,summer,weekday,off_peak,98.0,63.01,ultra_low_overnight,39.0,4.01
2026-07-28T10:00:00+00:00,38.02,0.08,38.1,1.0,5.3e-05,summer,weekday,off_peak,98.0,59.9,ultra_low_overnight,39.0,0.9
2026-07-28T11:00:00+00:00,49.81,0.28,50.09,12.0,0.000627,summer,weekday,mid_peak,157.0,106.91,mid_peak,157.0,106.91
2026-07-28T12:00:00+00:00,63.13,0.05,63.18,54.0,0.00281,summer,weekday,mid_peak,157.0,93.82,mid_peak,157.0,93.82
2026-07-28T13:00:00+00:00,66.05,-0.17,65.88,129.0,0.006512,summer,weekday,mid_peak,157.0,91.12,mid_peak,157.0,91.12
2026-07-28T14:00:00+00:00,66.74,0.11,66.85,215.0,0.010613,summer,weekday,mid_peak,157.0,90.15,mid_peak,157.0,90.15
2026-07-28T15:00:00+00:00,72.07,0.1,72.17,243.0,0.011559,summer,weekday,on_peak,203.0,130.83,mid_peak,157.0,84.83
2026-07-28T16:00:00+00:00,76.67,-0.45,76.22,273.0,0.012946,summer,weekday,on_peak,203.0,126.78,mid_peak,157.0,80.78
2026-07-28T17:00:00+00:00,76.2,0.26,76.46,296.0,0.013661,summer,weekday,on_peak,203.0,126.54,mid_peak,157.0,80.54
2026-07-28T18:00:00+00:00,66.14,2.17,68.31,281.0,0.012631,summer,weekday,on_peak,203.0,134.69,mid_peak,157.0,88.69
2026-07-28T19:00:00+00:00,66.14,2.67,68.81,243.0,0.010823,summer,weekday,on_peak,203.0,134.19,mid_peak,157.0,88.19
2026-07-28T20:00:00+00:00,67.03,1.7,68.73,223.0,0.009839,summer,weekday,on_peak,203.0,134.27,on_peak,391.0,322.27
2026-07-28T21:00:00+00:00,65.27,-0.17,65.1,145.0,0.006384,summer,weekday,mid_peak,157.0,91.9,on_peak,391.0,325.9
2026-07-28T22:00:00+00:00,56.76,0.26,57.02,76.0,0.003331,summer,weekday,mid_peak,157.0,99.98,on_peak,391.0,333.98
2026-07-28T23:00:00+00:00,56.19,0.0,56.19,38.0,0.001672,summer,weekday,off_peak,98.0,41.81,on_peak,391.0,334.81
2026-07-29T00:00:00+00:00,57.2,-0.92,56.28,5.0,0.000225,summer,weekday,off_peak,98.0,41.72,on_peak,391.0,334.72
2026-07-29T01:00:00+00:00,50.05,0.25,50.3,0.0,0.0,summer,weekday,off_peak,98.0,47.7,mid_peak,157.0,106.7
2026-07-29T02:00:00+00:00,47.28,2.15,49.43,0.0,0.0,summer,weekday,off_peak,98.0,48.57,mid_peak,157.0,107.57
2026-07-29T03:00:00+00:00,40.47,3.22,43.69,0.0,0.0,summer,weekday,off_peak,98.0,54.31,ultra_low_overnight,39.0,-4.69
2026-07-29T04:00:00+00:00,40.9,-0.12,40.78,0.0,0.0,summer,weekday,off_peak,98.0,57.22,ultra_low_overnight,39.0,-1.78
2026-07-29T05:00:00+00:00,37.3,0.19,37.49,0.0,0.0,summer,weekday,off_peak,98.0,60.51,ultra_low_overnight,39.0,1.51
2026-07-29T06:00:00+00:00,34.76,-0.04,34.72,0.0,0.0,summer,weekday,off_peak,98.0,63.28,ultra_low_overnight,39.0,4.28
2026-07-29T07:00:00+00:00,33.14,0.01,33.15,0.0,0.0,summer,weekday,off_peak,98.0,64.85,ultra_low_overnight,39.0,5.85
2026-07-29T08:00:00+00:00,33.17,0.25,33.42,0.0,0.0,summer,weekday,off_peak,98.0,64.58,ultra_low_overnight,39.0,5.58
2026-07-29T09:00:00+00:00,34.29,0.37,34.66,0.0,0.0,summer,weekday,off_peak,98.0,63.34,ultra_low_overnight,39.0,4.34
2026-07-29T10:00:00+00:00,33.15,0.08,33.23,0.0,0.0,summer,weekday,off_peak,98.0,64.77,ultra_low_overnight,39.0,5.77
2026-07-29T11:00:00+00:00,37.63,0.11,37.74,24.0,0.001255,summer,weekday,mid_peak,157.0,119.26,mid_peak,157.0,119.26
2026-07-29T12:00:00+00:00,41.03,-0.13,40.9,105.0,0.005341,summer,weekday,mid_peak,157.0,116.1,mid_peak,157.0,116.1
2026-07-29T13:00:00+00:00,39.01,0.3,39.31,175.0,0.008591,summer,weekday,mid_peak,157.0,117.69,mid_peak,157.0,117.69
2026-07-29T14:00:00+00:00,41.23,0.18,41.41,248.0,0.011962,summer,weekday,mid_peak,157.0,115.59,mid_peak,157.0,115.59
2026-07-29T15:00:00+00:00,41.84,-0.02,41.82,273.0,0.012931,summer,weekday,on_peak,203.0,161.18,mid_peak,157.0,115.18
2026-07-29T16:00:00+00:00,41.61,0.02,41.63,323.0,0.015026,summer,weekday,on_peak,203.0,161.37,mid_peak,157.0,115.37
2026-07-29T17:00:00+00:00,48.5,0.13,48.63,335.0,0.015568,summer,weekday,on_peak,203.0,154.37,mid_peak,157.0,108.37
2026-07-29T18:00:00+00:00,44.36,0.03,44.39,314.0,0.014485,summer,weekday,on_peak,203.0,158.61,mid_peak,157.0,112.61
2026-07-29T19:00:00+00:00,56.13,0.05,56.18,310.0,0.013867,summer,weekday,on_peak,203.0,146.82,mid_peak,157.0,100.82
2026-07-29T20:00:00+00:00,57.02,0.12,57.14,276.0,0.012043,summer,weekday,on_peak,203.0,145.86,on_peak,391.0,333.86
2026-07-29T21:00:00+00:00,66.05,0.28,66.33,187.0,0.007845,summer,weekday,mid_peak,157.0,90.67,on_peak,391.0,324.67
2026-07-29T22:00:00+00:00,64.49,1.24,65.73,91.0,0.003759,summer,weekday,mid_peak,157.0,91.27,on_peak,391.0,325.27
2026-07-29T23:00:00+00:00,72.59,4.86,77.45,29.0,0.001216,summer,weekday,off_peak,98.0,20.55,on_peak,391.0,313.55
2026-07-30T00:00:00+00:00,66.16,-0.14,66.02,2.0,8.7e-05,summer,weekday,off_peak,98.0,31.98,on_peak,391.0,324.98
2026-07-30T01:00:00+00:00,64.62,0.09,64.71,0.0,0.0,summer,weekday,off_peak,98.0,33.29,mid_peak,157.0,92.29
2026-07-30T02:00:00+00:00,57.82,0.53,58.35,0.0,0.0,summer,weekday,off_peak,98.0,39.65,mid_peak,157.0,98.65
2026-07-30T03:00:00+00:00,46.11,0.0,46.11,0.0,0.0,summer,weekday,off_peak,98.0,51.89,ultra_low_overnight,39.0,-7.11
2026-07-30T04:00:00+00:00,41.11,-0.05,41.06,0.0,0.0,summer,weekday,off_peak,98.0,56.94,ultra_low_overnight,39.0,-2.06
2026-07-30T05:00:00+00:00,37.07,0.16,37.23,0.0,0.0,summer,weekday,off_peak,98.0,60.77,ultra_low_overnight,39.0,1.77
2026-07-30T06:00:00+00:00,32.4,0.11,32.51,0.0,0.0,summer,weekday,off_peak,98.0,65.49,ultra_low_overnight,39.0,6.49
2026-07-30T07:00:00+00:00,31.44,0.21,31.65,0.0,0.0,summer,weekday,off_peak,98.0,66.35,ultra_low_overnight,39.0,7.35
2026-07-30T08:00:00+00:00,31.49,0.53,32.02,0.0,0.0,summer,weekday,off_peak,98.0,65.98,ultra_low_overnight,39.0,6.98
2026-07-30T09:00:00+00:00,34.22,0.49,34.71,0.0,0.0,summer,weekday,off_peak,98.0,63.29,ultra_low_overnight,39.0,4.29
2026-07-30T10:00:00+00:00,34.41,0.71,35.12,0.0,0.0,summer,weekday,off_peak,98.0,62.88,ultra_low_overnight,39.0,3.88
2026-07-30T11:00:00+00:00,40.37,0.52,40.89,22.0,0.001212,summer,weekday,mid_peak,157.0,116.11,mid_peak,157.0,116.11
2026-07-30T12:00:00+00:00,45.53,0.1,45.63,126.0,0.006693,summer,weekday,mid_peak,157.0,111.37,mid_peak,157.0,111.37
2026-07-30T13:00:00+00:00,43.87,0.08,43.95,227.0,0.011809,summer,weekday,mid_peak,157.0,113.05,mid_peak,157.0,113.05
2026-07-30T14:00:00+00:00,49.31,0.02,49.33,298.0,0.015083,summer,weekday,mid_peak,157.0,107.67,mid_peak,157.0,107.67
2026-07-30T15:00:00+00:00,53.54,0.02,53.56,350.0,0.017361,summer,weekday,on_peak,203.0,149.44,mid_peak,157.0,103.44
2026-07-30T16:00:00+00:00,59.61,0.29,59.9,339.0,0.016394,summer,weekday,on_peak,203.0,143.1,mid_peak,157.0,97.1
2026-07-30T17:00:00+00:00,66.46,0.12,66.58,336.0,0.016068,summer,weekday,on_peak,203.0,136.42,mid_peak,157.0,90.42
2026-07-30T18:00:00+00:00,67.95,0.02,67.97,339.0,0.01588,summer,weekday,on_peak,203.0,135.03,mid_peak,157.0,89.03
2026-07-30T19:00:00+00:00,62.27,0.21,62.48,316.0,0.014248,summer,weekday,on_peak,203.0,140.52,mid_peak,157.0,94.52
2026-07-30T20:00:00+00:00,76.12,-0.03,76.09,285.0,0.012812,summer,weekday,on_peak,203.0,126.91,on_peak,391.0,314.91
2026-07-30T21:00:00+00:00,93.91,0.0,93.91,206.0,0.008979,summer,weekday,mid_peak,157.0,63.09,on_peak,391.0,297.09
2026-07-30T22:00:00+00:00,96.44,-0.06,96.38,106.0,0.004519,summer,weekday,mid_peak,157.0,60.62,on_peak,391.0,294.62
2026-07-30T23:00:00+00:00,112.02,-0.4,111.62,28.0,0.001195,summer,weekday,off_peak,98.0,-13.62,on_peak,391.0,279.38
2026-07-31T00:00:00+00:00,96.51,-0.23,96.28,3.0,0.000131,summer,weekday,off_peak,98.0,1.72,on_peak,391.0,294.72
2026-07-31T01:00:00+00:00,91.7,-0.49,91.21,0.0,0.0,summer,weekday,off_peak,98.0,6.79,mid_peak,157.0,65.79
2026-07-31T02:00:00+00:00,65.99,0.05,66.04,0.0,0.0,summer,weekday,off_peak,98.0,31.96,mid_peak,157.0,90.96
2026-07-31T03:00:00+00:00,51.67,0.21,51.88,0.0,0.0,summer,weekday,off_peak,98.0,46.12,ultra_low_overnight,39.0,-12.88
2026-07-31T04:00:00+00:00,41.38,0.12,41.5,0.0,0.0,summer,weekday,off_peak,98.0,56.5,ultra_low_overnight,39.0,-2.5
2026-07-31T05:00:00+00:00,32.45,0.04,32.49,0.0,0.0,summer,weekday,off_peak,98.0,65.51,ultra_low_overnight,39.0,6.51
2026-07-31T06:00:00+00:00,31.87,0.18,32.05,0.0,0.0,summer,weekday,off_peak,98.0,65.95,ultra_low_overnight,39.0,6.95
2026-07-31T07:00:00+00:00,30.0,0.1,30.1,0.0,0.0,summer,weekday,off_peak,98.0,67.9,ultra_low_overnight,39.0,8.9
2026-07-31T08:00:00+00:00,29.3,0.5,29.8,0.0,0.0,summer,weekday,off_peak,98.0,68.2,ultra_low_overnight,39.0,9.2
2026-07-31T09:00:00+00:00,31.64,0.84,32.48,0.0,0.0,summer,weekday,off_peak,98.0,65.52,ultra_low_overnight,39.0,6.52
2026-07-31T10:00:00+00:00,33.37,0.42,33.79,2.0,0.000112,summer,weekday,off_peak,98.0,64.21,ultra_low_overnight,39.0,5.21
2026-07-31T11:00:00+00:00,34.49,0.44,34.93,41.0,0.002244,summer,weekday,mid_peak,157.0,122.07,mid_peak,157.0,122.07
2026-07-31T12:00:00+00:00,40.45,0.3,40.75,139.0,0.007412,summer,weekday,mid_peak,157.0,116.25,mid_peak,157.0,116.25
2026-07-31T13:00:00+00:00,42.37,0.24,42.61,250.0,0.012839,summer,weekday,mid_peak,157.0,114.39,mid_peak,157.0,114.39
2026-07-31T14:00:00+00:00,47.82,0.24,48.06,328.0,0.01619,summer,weekday,mid_peak,157.0,108.94,mid_peak,157.0,108.94
2026-07-31T15:00:00+00:00,50.81,0.0,50.81,379.0,0.017977,summer,weekday,on_peak,203.0,152.19,mid_peak,157.0,106.19
2026-07-31T16:00:00+00:00,62.5,-0.23,62.27,394.0,0.018266,summer,weekday,on_peak,203.0,140.73,mid_peak,157.0,94.73
2026-07-31T17:00:00+00:00,72.09,-0.01,72.08,375.0,0.016973,summer,weekday,on_peak,203.0,130.92,mid_peak,157.0,84.92
2026-07-31T18:00:00+00:00,78.91,0.21,79.12,387.0,0.017386,summer,weekday,on_peak,203.0,123.88,mid_peak,157.0,77.88
2026-07-31T19:00:00+00:00,79.73,0.45,80.18,364.0,0.016133,summer,weekday,on_peak,203.0,122.82,mid_peak,157.0,76.82
2026-07-31T20:00:00+00:00,88.29,0.94,89.23,281.0,0.012172,summer,weekday,on_peak,203.0,113.77,on_peak,391.0,301.77
2026-07-31T21:00:00+00:00,91.8,0.43,92.23,175.0,0.007542,summer,weekday,mid_peak,157.0,64.77,on_peak,391.0,298.77
2026-07-31T22:00:00+00:00,99.17,-0.02,99.15,89.0,0.003816,summer,weekday,mid_peak,157.0,57.85,on_peak,391.0,291.85
2026-07-31T23:00:00+00:00,108.05,-0.02,108.03,29.0,0.001262,summer,weekday,off_peak,98.0,-10.03,on_peak,391.0,282.97
2026-08-01T00:00:00+00:00,81.04,-0.08,80.96,2.0,8.9e-05,summer,weekday,off_peak,98.0,17.04,on_peak,391.0,310.04
2026-08-01T01:00:00+00:00,82.07,-0.16,81.91,0.0,0.0,summer,weekday,off_peak,98.0,16.09,mid_peak,157.0,75.09
2026-08-01T02:00:00+00:00,69.27,1.1,70.37,0.0,0.0,summer,weekday,off_peak,98.0,27.63,mid_peak,157.0,86.63
2026-08-01T03:00:00+00:00,55.33,1.85,57.18,0.0,0.0,summer,weekday,off_peak,98.0,40.82,ultra_low_overnight,39.0,-18.18
2026-08-01T04:00:00+00:00,43.67,1.13,44.8,0.0,0.0,summer,weekend_holiday,off_peak,98.0,53.2,ultra_low_overnight,39.0,-5.8
2026-08-01T05:00:00+00:00,38.27,1.02,39.29,0.0,0.0,summer,weekend_holiday,off_peak,98.0,58.71,ultra_low_overnight,39.0,-0.29
2026-08-01T06:00:00+00:00,34.36,0.04,34.4,0.0,0.0,summer,weekend_holiday,off_peak,98.0,63.6,ultra_low_overnight,39.0,4.6
2026-08-01T07:00:00+00:00,32.51,0.04,32.55,0.0,0.0,summer,weekend_holiday,off_peak,98.0,65.45,ultra_low_overnight,39.0,6.45
2026-08-01T08:00:00+00:00,32.22,0.03,32.25,0.0,0.0,summer,weekend_holiday,off_peak,98.0,65.75,ultra_low_overnight,39.0,6.75
2026-08-01T09:00:00+00:00,32.3,0.03,32.33,0.0,0.0,summer,weekend_holiday,off_peak,98.0,65.67,ultra_low_overnight,39.0,6.67
2026-08-01T10:00:00+00:00,31.46,0.01,31.47,2.0,0.00011,summer,weekend_holiday,off_peak,98.0,66.53,ultra_low_overnight,39.0,7.53
2026-08-01T11:00:00+00:00,32.66,0.1,32.76,26.0,0.001468,summer,weekend_holiday,off_peak,98.0,65.24,weekend_off_peak,98.0,65.24
2026-08-01T12:00:00+00:00,38.57,0.14,38.71,76.0,0.004101,summer,weekend_holiday,off_peak,98.0,59.29,weekend_off_peak,98.0,59.29
2026-08-01T13:00:00+00:00,45.11,0.26,45.37,125.0,0.006563,summer,weekend_holiday,off_peak,98.0,52.63,weekend_off_peak,98.0,52.63
2026-08-01T14:00:00+00:00,60.43,0.36,60.79,173.0,0.00892,summer,weekend_holiday,off_peak,98.0,37.21,weekend_off_peak,98.0,37.21
2026-08-01T15:00:00+00:00,66.74,0.54,67.28,227.0,0.011296,summer,weekend_holiday,off_peak,98.0,30.72,weekend_off_peak,98.0,30.72
2026-08-01T16:00:00+00:00,72.85,0.84,73.69,289.0,0.013969,summer,weekend_holiday,off_peak,98.0,24.31,weekend_off_peak,98.0,24.31
2026-08-01T17:00:00+00:00,81.41,0.58,81.99,274.0,0.013089,summer,weekend_holiday,off_peak,98.0,16.01,weekend_off_peak,98.0,16.01
2026-08-01T18:00:00+00:00,85.59,0.2,85.79,263.0,0.012496,summer,weekend_holiday,off_peak,98.0,12.21,weekend_off_peak,98.0,12.21
2026-08-01T19:00:00+00:00,82.89,2.54,85.43,195.0,0.009233,summer,weekend_holiday,off_peak,98.0,12.57,weekend_off_peak,98.0,12.57
2026-08-01T20:00:00+00:00,85.37,1.18,86.55,167.0,0.007905,summer,weekend_holiday,off_peak,98.0,11.45,weekend_off_peak,98.0,11.45
2026-08-01T21:00:00+00:00,86.85,0.67,87.52,117.0,0.005485,summer,weekend_holiday,off_peak,98.0,10.48,weekend_off_peak,98.0,10.48
2026-08-01T22:00:00+00:00,81.85,0.08,81.93,68.0,0.00322,summer,weekend_holiday,off_peak,98.0,16.07,weekend_off_peak,98.0,16.07
2026-08-01T23:00:00+00:00,75.11,0.21,75.32,17.0,0.000824,summer,weekend_holiday,off_peak,98.0,22.68,weekend_off_peak,98.0,22.68
2026-08-02T00:00:00+00:00,69.2,-0.22,68.98,1.0,4.8e-05,summer,weekend_holiday,off_peak,98.0,29.02,weekend_off_peak,98.0,29.02
2026-08-02T01:00:00+00:00,61.23,1.22,62.45,0.0,0.0,summer,weekend_holiday,off_peak,98.0,35.55,weekend_off_peak,98.0,35.55
2026-08-02T02:00:00+00:00,55.88,1.53,57.41,0.0,0.0,summer,weekend_holiday,off_peak,98.0,40.59,weekend_off_peak,98.0,40.59
2026-08-02T03:00:00+00:00,41.9,2.1,44.0,0.0,0.0,summer,weekend_holiday,off_peak,98.0,54.0,ultra_low_overnight,39.0,-5.0
2026-08-02T04:00:00+00:00,41.33,0.28,41.61,0.0,0.0,summer,weekend_holiday,off_peak,98.0,56.39,ultra_low_overnight,39.0,-2.61
2026-08-02T05:00:00+00:00,40.93,0.1,41.03,0.0,0.0,summer,weekend_holiday,off_peak,98.0,56.97,ultra_low_overnight,39.0,-2.03
2026-08-02T06:00:00+00:00,33.11,0.06,33.17,0.0,0.0,summer,weekend_holiday,off_peak,98.0,64.83,ultra_low_overnight,39.0,5.83
2026-08-02T07:00:00+00:00,32.19,0.07,32.26,0.0,0.0,summer,weekend_holiday,off_peak,98.0,65.74,ultra_low_overnight,39.0,6.74
2026-08-02T08:00:00+00:00,31.62,0.05,31.67,0.0,0.0,summer,weekend_holiday,off_peak,98.0,66.33,ultra_low_overnight,39.0,7.33
2026-08-02T09:00:00+00:00,31.02,0.0,31.02,0.0,0.0,summer,weekend_holiday,off_peak,98.0,66.98,ultra_low_overnight,39.0,7.98
2026-08-02T10:00:00+00:00,26.48,-0.01,26.47,1.0,5.7e-05,summer,weekend_holiday,off_peak,98.0,71.53,ultra_low_overnight,39.0,12.53
2026-08-02T11:00:00+00:00,30.3,-0.14,30.16,15.0,0.000872,summer,weekend_holiday,off_peak,98.0,67.84,weekend_off_peak,98.0,67.84
2026-08-02T12:00:00+00:00,32.98,0.06,33.04,49.0,0.002756,summer,weekend_holiday,off_peak,98.0,64.96,weekend_off_peak,98.0,64.96
2026-08-02T13:00:00+00:00,41.27,0.19,41.46,66.0,0.003545,summer,weekend_holiday,off_peak,98.0,56.54,weekend_off_peak,98.0,56.54
2026-08-02T14:00:00+00:00,43.93,0.31,44.24,78.0,0.004154,summer,weekend_holiday,off_peak,98.0,53.76,weekend_off_peak,98.0,53.76
2026-08-02T15:00:00+00:00,52.04,0.76,52.8,70.0,0.003634,summer,weekend_holiday,off_peak,98.0,45.2,weekend_off_peak,98.0,45.2
2026-08-02T16:00:00+00:00,61.22,1.4,62.62,132.0,0.006769,summer,weekend_holiday,off_peak,98.0,35.38,weekend_off_peak,98.0,35.38
2026-08-02T17:00:00+00:00,65.28,1.85,67.13,110.0,0.005619,summer,weekend_holiday,off_peak,98.0,30.87,weekend_off_peak,98.0,30.87
2026-08-02T18:00:00+00:00,50.32,1.44,51.76,83.0,0.004254,summer,weekend_holiday,off_peak,98.0,46.24,weekend_off_peak,98.0,46.24
2026-08-02T19:00:00+00:00,49.52,2.07,51.59,99.0,0.005061,summer,weekend_holiday,off_peak,98.0,46.41,weekend_off_peak,98.0,46.41
2026-08-02T20:00:00+00:00,50.43,1.95,52.38,106.0,0.005253,summer,weekend_holiday,off_peak,98.0,45.62,weekend_off_peak,98.0,45.62
2026-08-02T21:00:00+00:00,49.03,1.14,50.17,65.0,0.003131,summer,weekend_holiday,off_peak,98.0,47.83,weekend_off_peak,98.0,47.83
2026-08-02T22:00:00+00:00,46.42,2.05,48.47,31.0,0.001484,summer,weekend_holiday,off_peak,98.0,49.53,weekend_off_peak,98.0,49.53
2026-08-02T23:00:00+00:00,40.27,2.27,42.54,10.0,0.000488,summer,weekend_holiday,off_peak,98.0,55.46,weekend_off_peak,98.0,55.46
2026-08-03T00:00:00+00:00,34.76,0.83,35.59,2.0,9.8e-05,summer,weekend_holiday,off_peak,98.0,62.41,weekend_off_peak,98.0,62.41
2026-08-03T01:00:00+00:00,43.91,2.03,45.94,0.0,0.0,summer,weekend_holiday,off_peak,98.0,52.06,weekend_off_peak,98.0,52.06
2026-08-03T02:00:00+00:00,39.27,2.06,41.33,0.0,0.0,summer,weekend_holiday,off_peak,98.0,56.67,weekend_off_peak,98.0,56.67
2026-08-03T03:00:00+00:00,36.38,1.01,37.39,0.0,0.0,summer,weekend_holiday,off_peak,98.0,60.61,ultra_low_overnight,39.0,1.61
2026-08-03T04:00:00+00:00,37.66,1.21,38.87,0.0,0.0,summer,weekend_holiday,off_peak,98.0,59.13,ultra_low_overnight,39.0,0.13
2026-08-03T05:00:00+00:00,33.79,1.59,35.38,0.0,0.0,summer,weekend_holiday,off_peak,98.0,62.62,ultra_low_overnight,39.0,3.62
2026-08-03T06:00:00+00:00,31.7,1.95,33.65,0.0,0.0,summer,weekend_holiday,off_peak,98.0,64.35,ultra_low_overnight,39.0,5.35
2026-08-03T07:00:00+00:00,30.85,1.35,32.2,0.0,0.0,summer,weekend_holiday,off_peak,98.0,65.8,ultra_low_overnight,39.0,6.8
2026-08-03T08:00:00+00:00,29.52,-0.16,29.36,0.0,0.0,summer,weekend_holiday,off_peak,98.0,68.64,ultra_low_overnight,39.0,9.64
2026-08-03T09:00:00+00:00,29.61,-0.17,29.44,0.0,0.0,summer,weekend_holiday,off_peak,98.0,68.56,ultra_low_overnight,39.0,9.56
2026-08-03T10:00:00+00:00,29.09,-0.12,28.97,0.0,0.0,summer,weekend_holiday,off_peak,98.0,69.03,ultra_low_overnight,39.0,10.03
2026-08-03T11:00:00+00:00,29.27,-0.08,29.19,19.0,0.001174,summer,weekend_holiday,off_peak,98.0,68.81,weekend_off_peak,98.0,68.81
2026-08-03T12:00:00+00:00,32.34,0.0,32.34,99.0,0.005883,summer,weekend_holiday,off_peak,98.0,65.66,weekend_off_peak,98.0,65.66
2026-08-03T13:00:00+00:00,33.75,0.63,34.38,177.0,0.010333,summer,weekend_holiday,off_peak,98.0,63.62,weekend_off_peak,98.0,63.62
2026-08-03T14:00:00+00:00,38.75,1.45,40.2,278.0,0.015931,summer,weekend_holiday,off_peak,98.0,57.8,weekend_off_peak,98.0,57.8
2026-08-03T15:00:00+00:00,36.25,1.35,37.6,363.0,0.020475,summer,weekend_holiday,off_peak,98.0,60.4,weekend_off_peak,98.0,60.4
2026-08-03T16:00:00+00:00,40.81,0.96,41.77,371.0,0.02025,summer,weekend_holiday,off_peak,98.0,56.23,weekend_off_peak,98.0,56.23
2026-08-03T17:00:00+00:00,48.05,1.47,49.52,374.0,0.019948,summer,weekend_holiday,off_peak,98.0,48.48,weekend_off_peak,98.0,48.48
2026-08-03T18:00:00+00:00,51.38,1.42,52.8,374.0,0.01928,summer,weekend_holiday,off_peak,98.0,45.2,weekend_off_peak,98.0,45.2
2026-08-03T19:00:00+00:00,51.32,0.23,51.55,342.0,0.016983,summer,weekend_holiday,off_peak,98.0,46.45,weekend_off_peak,98.0,46.45
2026-08-03T20:00:00+00:00,68.24,2.07,70.31,300.0,0.014685,summer,weekend_holiday,off_peak,98.0,27.69,weekend_off_peak,98.0,27.69
2026-08-03T21:00:00+00:00,83.6,0.64,84.24,218.0,0.010208,summer,weekend_holiday,off_peak,98.0,13.76,weekend_off_peak,98.0,13.76
2026-08-03T22:00:00+00:00,85.25,-0.34,84.91,113.0,0.005228,summer,weekend_holiday,off_peak,98.0,13.09,weekend_off_peak,98.0,13.09
2026-08-03T23:00:00+00:00,85.28,-2.74,82.54,23.0,0.001059,summer,weekend_holiday,off_peak,98.0,15.46,weekend_off_peak,98.0,15.46
2026-08-04T00:00:00+00:00,79.67,-0.11,79.56,0.0,0.0,summer,weekend_holiday,off_peak,98.0,18.44,weekend_off_peak,98.0,18.44
2026-08-04T01:00:00+00:00,69.43,1.28,70.71,0.0,0.0,summer,weekend_holiday,off_peak,98.0,27.29,weekend_off_peak,98.0,27.29
2026-08-04T02:00:00+00:00,61.88,1.13,63.01,0.0,0.0,summer,weekend_holiday,off_peak,98.0,34.99,weekend_off_peak,98.0,34.99
2026-08-04T03:00:00+00:00,41.51,0.34,41.85,0.0,0.0,summer,weekend_holiday,off_peak,98.0,56.15,ultra_low_overnight,39.0,-2.85
2026-08-04T04:00:00+00:00,38.52,0.39,38.91,0.0,0.0,summer,weekday,off_peak,98.0,59.09,ultra_low_overnight,39.0,0.09
2026-08-04T05:00:00+00:00,31.36,0.1,31.46,0.0,0.0,summer,weekday,off_peak,98.0,66.54,ultra_low_overnight,39.0,7.54
2026-08-04T06:00:00+00:00,29.16,0.15,29.31,0.0,0.0,summer,weekday,off_peak,98.0,68.69,ultra_low_overnight,39.0,9.69
2026-08-04T07:00:00+00:00,24.82,0.17,24.99,0.0,0.0,summer,weekday,off_peak,98.0,73.01,ultra_low_overnight,39.0,14.01
2026-08-04T08:00:00+00:00,25.96,0.24,26.2,0.0,0.0,summer,weekday,off_peak,98.0,71.8,ultra_low_overnight,39.0,12.8
2026-08-04T09:00:00+00:00,31.03,0.37,31.4,0.0,0.0,summer,weekday,off_peak,98.0,66.6,ultra_low_overnight,39.0,7.6
2026-08-04T10:00:00+00:00,33.35,0.18,33.53,1.0,6e-05,summer,weekday,off_peak,98.0,64.47,ultra_low_overnight,39.0,5.47
2026-08-04T11:00:00+00:00,37.14,0.15,37.29,36.0,0.002062,summer,weekday,mid_peak,157.0,119.71,mid_peak,157.0,119.71
2026-08-04T12:00:00+00:00,39.49,-0.05,39.44,101.0,0.00571,summer,weekday,mid_peak,157.0,117.56,mid_peak,157.0,117.56
2026-08-04T13:00:00+00:00,36.65,0.04,36.69,243.0,0.013844,summer,weekday,mid_peak,157.0,120.31,mid_peak,157.0,120.31
2026-08-04T14:00:00+00:00,39.7,0.18,39.88,343.0,0.018962,summer,weekday,mid_peak,157.0,117.12,mid_peak,157.0,117.12
2026-08-04T15:00:00+00:00,39.67,0.23,39.9,377.0,0.020337,summer,weekday,on_peak,203.0,163.1,mid_peak,157.0,117.1
2026-08-04T16:00:00+00:00,55.69,0.73,56.42,405.0,0.021431,summer,weekday,on_peak,203.0,146.58,mid_peak,157.0,100.58
2026-08-04T17:00:00+00:00,79.16,1.42,80.58,416.0,0.021141,summer,weekday,on_peak,203.0,122.42,mid_peak,157.0,76.42
2026-08-04T18:00:00+00:00,88.82,1.44,90.26,396.0,0.019747,summer,weekday,on_peak,203.0,112.74,mid_peak,157.0,66.74
2026-08-04T19:00:00+00:00,92.4,-0.2,92.2,335.0,0.015922,summer,weekday,on_peak,203.0,110.8,mid_peak,157.0,64.8
2026-08-04T20:00:00+00:00,95.55,0.31,95.86,283.0,0.013335,summer,weekday,on_peak,203.0,107.14,on_peak,391.0,295.14
2026-08-04T21:00:00+00:00,109.34,0.05,109.39,198.0,0.008976,summer,weekday,mid_peak,157.0,47.61,on_peak,391.0,281.61
2026-08-04T22:00:00+00:00,114.1,0.07,114.17,90.0,0.004115,summer,weekday,mid_peak,157.0,42.83,on_peak,391.0,276.83
2026-08-04T23:00:00+00:00,113.09,0.5,113.59,22.0,0.000992,summer,weekday,off_peak,98.0,-15.59,on_peak,391.0,277.41
2026-08-05T00:00:00+00:00,105.13,0.0,105.13,0.0,0.0,summer,weekday,off_peak,98.0,-7.13,on_peak,391.0,285.87
2026-08-05T01:00:00+00:00,97.6,0.87,98.47,0.0,0.0,summer,weekday,off_peak,98.0,-0.47,mid_peak,157.0,58.53
2026-08-05T02:00:00+00:00,76.98,0.97,77.95,0.0,0.0,summer,weekday,off_peak,98.0,20.05,mid_peak,157.0,79.05
2026-08-05T03:00:00+00:00,61.27,0.79,62.06,0.0,0.0,summer,weekday,off_peak,98.0,35.94,ultra_low_overnight,39.0,-23.06
2026-08-05T04:00:00+00:00,42.73,0.11,42.84,0.0,0.0,summer,weekday,off_peak,98.0,55.16,ultra_low_overnight,39.0,-3.84
2026-08-05T05:00:00+00:00,33.77,0.05,33.82,0.0,0.0,summer,weekday,off_peak,98.0,64.18,ultra_low_overnight,39.0,5.18
2026-08-05T06:00:00+00:00,31.57,-0.2,31.37,0.0,0.0,summer,weekday,off_peak,98.0,66.63,ultra_low_overnight,39.0,7.63
2026-08-05T07:00:00+00:00,29.2,-0.15,29.05,0.0,0.0,summer,weekday,off_peak,98.0,68.95,ultra_low_overnight,39.0,9.95
2026-08-05T08:00:00+00:00,26.75,-0.23,26.52,0.0,0.0,summer,weekday,off_peak,98.0,71.48,ultra_low_overnight,39.0,12.48
2026-08-05T09:00:00+00:00,32.42,-0.2,32.22,0.0,0.0,summer,weekday,off_peak,98.0,65.78,ultra_low_overnight,39.0,6.78
2026-08-05T10:00:00+00:00,34.64,0.0,34.64,0.0,0.0,summer,weekday,off_peak,98.0,63.36,ultra_low_overnight,39.0,4.36
2026-08-05T11:00:00+00:00,37.41,0.01,37.42,30.0,0.001685,summer,weekday,mid_peak,157.0,119.58,mid_peak,157.0,119.58
2026-08-05T12:00:00+00:00,49.59,0.44,50.03,128.0,0.006938,summer,weekday,mid_peak,157.0,106.97,mid_peak,157.0,106.97
2026-08-05T13:00:00+00:00,52.01,0.16,52.17,238.0,0.01257,summer,weekday,mid_peak,157.0,104.83,mid_peak,157.0,104.83
2026-08-05T14:00:00+00:00,65.28,0.12,65.4,323.0,0.016907,summer,weekday,mid_peak,157.0,91.6,mid_peak,157.0,91.6
2026-08-05T15:00:00+00:00,73.34,0.53,73.87,367.0,0.019252,summer,weekday,on_peak,203.0,129.13,mid_peak,157.0,83.13
2026-08-05T16:00:00+00:00,82.21,0.14,82.35,393.0,0.020539,summer,weekday,on_peak,203.0,120.65,mid_peak,157.0,74.65
2026-08-05T17:00:00+00:00,91.9,0.45,92.35,396.0,0.020129,summer,weekday,on_peak,203.0,110.65,mid_peak,157.0,64.65
2026-08-05T18:00:00+00:00,99.73,0.07,99.8,385.0,0.018934,summer,weekday,on_peak,203.0,103.2,mid_peak,157.0,57.2
2026-08-05T19:00:00+00:00,97.75,-0.19,97.56,368.0,0.017781,summer,weekday,on_peak,203.0,105.44,mid_peak,157.0,59.44
2026-08-05T20:00:00+00:00,123.48,0.87,124.35,314.0,0.014421,summer,weekday,on_peak,203.0,78.65,on_peak,391.0,266.65
2026-08-05T21:00:00+00:00,157.04,-0.05,156.99,214.0,0.009722,summer,weekday,mid_peak,157.0,0.01,on_peak,391.0,234.01
2026-08-05T22:00:00+00:00,160.97,-0.14,160.83,104.0,0.004749,summer,weekday,mid_peak,157.0,-3.83,on_peak,391.0,230.17
2026-08-05T23:00:00+00:00,145.63,-0.04,145.59,27.0,0.00124,summer,weekday,off_peak,98.0,-47.59,on_peak,391.0,245.41
2026-08-06T00:00:00+00:00,121.28,0.14,121.42,1.0,4.5e-05,summer,weekday,off_peak,98.0,-23.42,on_peak,391.0,269.58
2026-08-06T01:00:00+00:00,111.37,0.37,111.74,0.0,0.0,summer,weekday,off_peak,98.0,-13.74,mid_peak,157.0,45.26
2026-08-06T02:00:00+00:00,92.54,1.99,94.53,0.0,0.0,summer,weekday,off_peak,98.0,3.47,mid_peak,157.0,62.47
2026-08-06T03:00:00+00:00,85.62,1.15,86.77,0.0,0.0,summer,weekday,off_peak,98.0,11.23,ultra_low_overnight,39.0,-47.77
2026-08-06T04:00:00+00:00,50.24,1.65,51.89,0.0,0.0,summer,weekday,off_peak,98.0,46.11,ultra_low_overnight,39.0,-12.89
2026-08-06T05:00:00+00:00,35.57,1.07,36.64,0.0,0.0,summer,weekday,off_peak,98.0,61.36,ultra_low_overnight,39.0,2.36
2026-08-06T06:00:00+00:00,35.86,0.24,36.1,0.0,0.0,summer,weekday,off_peak,98.0,61.9,ultra_low_overnight,39.0,2.9
2026-08-06T07:00:00+00:00,34.8,0.03,34.83,0.0,0.0,summer,weekday,off_peak,98.0,63.17,ultra_low_overnight,39.0,4.17
2026-08-06T08:00:00+00:00,34.25,0.02,34.27,0.0,0.0,summer,weekday,off_peak,98.0,63.73,ultra_low_overnight,39.0,4.73
2026-08-06T09:00:00+00:00,37.9,-0.35,37.55,0.0,0.0,summer,weekday,off_peak,98.0,60.45,ultra_low_overnight,39.0,1.45
2026-08-06T10:00:00+00:00,41.62,-0.3,41.32,1.0,5.5e-05,summer,weekday,off_peak,98.0,56.68,ultra_low_overnight,39.0,-2.32
2026-08-06T11:00:00+00:00,53.06,0.41,53.47,24.0,0.001323,summer,weekday,mid_peak,157.0,103.53,mid_peak,157.0,103.53
2026-08-06T12:00:00+00:00,69.76,0.25,70.01,110.0,0.005928,summer,weekday,mid_peak,157.0,86.99,mid_peak,157.0,86.99
2026-08-06T13:00:00+00:00,66.75,0.19,66.94,151.0,0.008029,summer,weekday,mid_peak,157.0,90.06,mid_peak,157.0,90.06
2026-08-06T14:00:00+00:00,88.03,0.65,88.68,216.0,0.011341,summer,weekday,mid_peak,157.0,68.32,mid_peak,157.0,68.32
2026-08-06T15:00:00+00:00,99.7,1.07,100.77,325.0,0.017051,summer,weekday,on_peak,203.0,102.23,mid_peak,157.0,56.23
2026-08-06T16:00:00+00:00,116.26,1.65,117.91,349.0,0.017249,summer,weekday,on_peak,203.0,85.09,mid_peak,157.0,39.09
2026-08-06T17:00:00+00:00,133.24,-0.27,132.97,322.0,0.015276,summer,weekday,on_peak,203.0,70.03,mid_peak,157.0,24.03
2026-08-06T18:00:00+00:00,126.71,-0.24,126.47,354.0,0.016257,summer,weekday,on_peak,203.0,76.53,mid_peak,157.0,30.53
2026-08-06T19:00:00+00:00,117.94,0.08,118.02,342.0,0.015311,summer,weekday,on_peak,203.0,84.98,mid_peak,157.0,38.98
2026-08-06T20:00:00+00:00,144.75,-0.31,144.44,271.0,0.012269,summer,weekday,on_peak,203.0,58.56,on_peak,391.0,246.56
2026-08-06T21:00:00+00:00,179.83,0.86,180.69,187.0,0.008192,summer,weekday,mid_peak,157.0,-23.69,on_peak,391.0,210.31
2026-08-06T22:00:00+00:00,192.68,0.34,193.02,92.0,0.003961,summer,weekday,mid_peak,157.0,-36.02,on_peak,391.0,197.98
2026-08-06T23:00:00+00:00,153.0,0.72,153.72,21.0,0.000894,summer,weekday,off_peak,98.0,-55.72,on_peak,391.0,237.28
2026-08-07T00:00:00+00:00,132.67,0.77,133.44,0.0,0.0,summer,weekday,off_peak,98.0,-35.44,on_peak,391.0,257.56
2026-08-07T01:00:00+00:00,118.46,1.97,120.43,0.0,0.0,summer,weekday,off_peak,98.0,-22.43,mid_peak,157.0,36.57
2026-08-07T02:00:00+00:00,102.78,4.23,107.01,0.0,0.0,summer,weekday,off_peak,98.0,-9.01,mid_peak,157.0,49.99
2026-08-07T03:00:00+00:00,76.07,4.3,80.37,0.0,0.0,summer,weekday,off_peak,98.0,17.63,ultra_low_overnight,39.0,-41.37
2026-08-07T04:00:00+00:00,54.44,5.7,60.14,0.0,0.0,summer,weekday,off_peak,98.0,37.86,ultra_low_overnight,39.0,-21.14
2026-08-07T05:00:00+00:00,61.41,0.24,61.65,0.0,0.0,summer,weekday,off_peak,98.0,36.35,ultra_low_overnight,39.0,-22.65
2026-08-07T06:00:00+00:00,53.98,0.1,54.08,0.0,0.0,summer,weekday,off_peak,98.0,43.92,ultra_low_overnight,39.0,-15.08
2026-08-07T07:00:00+00:00,50.17,-0.13,50.04,0.0,0.0,summer,weekday,off_peak,98.0,47.96,ultra_low_overnight,39.0,-11.04
2026-08-07T08:00:00+00:00,49.17,0.04,49.21,0.0,0.0,summer,weekday,off_peak,98.0,48.79,ultra_low_overnight,39.0,-10.21
2026-08-07T09:00:00+00:00,49.77,0.05,49.82,0.0,0.0,summer,weekday,off_peak,98.0,48.18,ultra_low_overnight,39.0,-10.82
2026-08-07T10:00:00+00:00,61.63,-0.39,61.24,1.0,5.5e-05,summer,weekday,off_peak,98.0,36.76,ultra_low_overnight,39.0,-22.24
2026-08-07T11:00:00+00:00,67.01,0.29,67.3,17.0,0.000936,summer,weekday,mid_peak,157.0,89.7,mid_peak,157.0,89.7
2026-08-07T12:00:00+00:00,69.65,0.34,69.99,78.0,0.004212,summer,weekday,mid_peak,157.0,87.01,mid_peak,157.0,87.01
2026-08-07T13:00:00+00:00,78.86,1.01,79.87,116.0,0.006209,summer,weekday,mid_peak,157.0,77.13,mid_peak,157.0,77.13
2026-08-07T14:00:00+00:00,96.95,2.33,99.28,146.0,0.007735,summer,weekday,mid_peak,157.0,57.72,mid_peak,157.0,57.72
2026-08-07T15:00:00+00:00,93.05,1.72,94.77,168.0,0.008785,summer,weekday,on_peak,203.0,108.23,mid_peak,157.0,62.23
2026-08-07T16:00:00+00:00,162.04,3.59,165.63,162.0,0.008233,summer,weekday,on_peak,203.0,37.37,mid_peak,157.0,-8.63
2026-08-07T17:00:00+00:00,128.6,1.35,129.95,182.0,0.008823,summer,weekday,on_peak,203.0,73.05,mid_peak,157.0,27.05
2026-08-07T18:00:00+00:00,128.54,1.27,129.81,207.0,0.009778,summer,weekday,on_peak,203.0,73.19,mid_peak,157.0,27.19
2026-08-07T19:00:00+00:00,197.79,3.83,201.62,215.0,0.009909,summer,weekday,on_peak,203.0,1.38,mid_peak,157.0,-44.62
2026-08-07T20:00:00+00:00,146.44,-4.54,141.9,213.0,0.009439,summer,weekday,on_peak,203.0,61.1,on_peak,391.0,249.1
2026-08-07T21:00:00+00:00,172.29,-0.96,171.33,159.0,0.006868,summer,weekday,mid_peak,157.0,-14.33,on_peak,391.0,219.67
2026-08-07T22:00:00+00:00,129.7,3.39,133.09,98.0,0.004207,summer,weekday,mid_peak,157.0,23.91,on_peak,391.0,257.91
2026-08-07T23:00:00+00:00,110.68,9.01,119.69,31.0,0.00135,summer,weekday,off_peak,98.0,-21.69,on_peak,391.0,271.31
2026-08-08T00:00:00+00:00,109.12,1.35,110.47,2.0,9.1e-05,summer,weekday,off_peak,98.0,-12.47,on_peak,391.0,280.53
2026-08-08T01:00:00+00:00,101.65,3.95,105.6,0.0,0.0,summer,weekday,off_peak,98.0,-7.6,mid_peak,157.0,51.4
2026-08-08T02:00:00+00:00,76.67,2.18,78.85,0.0,0.0,summer,weekday,off_peak,98.0,19.15,mid_peak,157.0,78.15
2026-08-08T03:00:00+00:00,73.41,0.96,74.37,0.0,0.0,summer,weekday,off_peak,98.0,23.63,ultra_low_overnight,39.0,-35.37
2026-08-08T04:00:00+00:00,53.7,1.17,54.87,0.0,0.0,summer,weekend_holiday,off_peak,98.0,43.13,ultra_low_overnight,39.0,-15.87
2026-08-08T05:00:00+00:00,49.04,0.47,49.51,0.0,0.0,summer,weekend_holiday,off_peak,98.0,48.49,ultra_low_overnight,39.0,-10.51
2026-08-08T06:00:00+00:00,42.67,0.18,42.85,0.0,0.0,summer,weekend_holiday,off_peak,98.0,55.15,ultra_low_overnight,39.0,-3.85
2026-08-08T07:00:00+00:00,42.0,-0.16,41.84,0.0,0.0,summer,weekend_holiday,off_peak,98.0,56.16,ultra_low_overnight,39.0,-2.84
2026-08-08T08:00:00+00:00,41.51,-0.15,41.36,0.0,0.0,summer,weekend_holiday,off_peak,98.0,56.64,ultra_low_overnight,39.0,-2.36
2026-08-08T09:00:00+00:00,41.05,-0.07,40.98,0.0,0.0,summer,weekend_holiday,off_peak,98.0,57.02,ultra_low_overnight,39.0,-1.98
2026-08-08T10:00:00+00:00,41.53,-0.03,41.5,0.0,0.0,summer,weekend_holiday,off_peak,98.0,56.5,ultra_low_overnight,39.0,-2.5
2026-08-08T11:00:00+00:00,49.3,0.34,49.64,19.0,0.001061,summer,weekend_holiday,off_peak,98.0,48.36,weekend_off_peak,98.0,48.36
2026-08-08T12:00:00+00:00,59.87,0.43,60.3,66.0,0.003649,summer,weekend_holiday,off_peak,98.0,37.7,weekend_off_peak,98.0,37.7
2026-08-08T13:00:00+00:00,66.77,0.86,67.63,133.0,0.007252,summer,weekend_holiday,off_peak,98.0,30.37,weekend_off_peak,98.0,30.37
2026-08-08T14:00:00+00:00,69.19,0.53,69.72,161.0,0.00864,summer,weekend_holiday,off_peak,98.0,28.28,weekend_off_peak,98.0,28.28
2026-08-08T15:00:00+00:00,69.31,0.15,69.46,236.0,0.012251,summer,weekend_holiday,off_peak,98.0,28.54,weekend_off_peak,98.0,28.54
2026-08-08T16:00:00+00:00,87.13,-0.3,86.83,297.0,0.014687,summer,weekend_holiday,off_peak,98.0,11.17,weekend_off_peak,98.0,11.17
2026-08-08T17:00:00+00:00,89.21,-0.32,88.89,330.0,0.015451,summer,weekend_holiday,off_peak,98.0,9.11,weekend_off_peak,98.0,9.11
2026-08-08T18:00:00+00:00,90.63,-0.23,90.4,257.0,0.011956,summer,weekend_holiday,off_peak,98.0,7.6,weekend_off_peak,98.0,7.6
2026-08-08T19:00:00+00:00,93.46,0.6,94.06,227.0,0.010396,summer,weekend_holiday,off_peak,98.0,3.94,weekend_off_peak,98.0,3.94
2026-08-08T20:00:00+00:00,100.38,1.65,102.03,208.0,0.009523,summer,weekend_holiday,off_peak,98.0,-4.03,weekend_off_peak,98.0,-4.03
2026-08-08T21:00:00+00:00,109.92,1.89,111.81,132.0,0.006046,summer,weekend_holiday,off_peak,98.0,-13.81,weekend_off_peak,98.0,-13.81
2026-08-08T22:00:00+00:00,119.52,0.31,119.83,57.0,0.002553,summer,weekend_holiday,off_peak,98.0,-21.83,weekend_off_peak,98.0,-21.83
2026-08-08T23:00:00+00:00,113.04,-0.08,112.96,19.0,0.000857,summer,weekend_holiday,off_peak,98.0,-14.96,weekend_off_peak,98.0,-14.96
2026-08-09T00:00:00+00:00,107.16,0.71,107.87,3.0,0.000142,summer,weekend_holiday,off_peak,98.0,-9.87,weekend_off_peak,98.0,-9.87
2026-08-09T01:00:00+00:00,93.49,0.93,94.42,0.0,0.0,summer,weekend_holiday,off_peak,98.0,3.58,weekend_off_peak,98.0,3.58
2026-08-09T02:00:00+00:00,80.46,1.02,81.48,0.0,0.0,summer,weekend_holiday,off_peak,98.0,16.52,weekend_off_peak,98.0,16.52
2026-08-09T03:00:00+00:00,72.34,0.83,73.17,0.0,0.0,summer,weekend_holiday,off_peak,98.0,24.83,ultra_low_overnight,39.0,-34.17
2026-08-09T04:00:00+00:00,60.62,0.78,61.4,0.0,0.0,summer,weekend_holiday,off_peak,98.0,36.6,ultra_low_overnight,39.0,-22.4
2026-08-09T05:00:00+00:00,42.48,0.22,42.7,0.0,0.0,summer,weekend_holiday,off_peak,98.0,55.3,ultra_low_overnight,39.0,-3.7
2026-08-09T06:00:00+00:00,41.86,0.53,42.39,0.0,0.0,summer,weekend_holiday,off_peak,98.0,55.61,ultra_low_overnight,39.0,-3.39
2026-08-09T07:00:00+00:00,37.98,0.48,38.46,0.0,0.0,summer,weekend_holiday,off_peak,98.0,59.54,ultra_low_overnight,39.0,0.54
2026-08-09T08:00:00+00:00,35.35,0.21,35.56,0.0,0.0,summer,weekend_holiday,off_peak,98.0,62.44,ultra_low_overnight,39.0,3.44
2026-08-09T09:00:00+00:00,33.13,0.07,33.2,0.0,0.0,summer,weekend_holiday,off_peak,98.0,64.8,ultra_low_overnight,39.0,5.8
2026-08-09T10:00:00+00:00,32.77,0.04,32.81,1.0,5.9e-05,summer,weekend_holiday,off_peak,98.0,65.19,ultra_low_overnight,39.0,6.19
2026-08-09T11:00:00+00:00,32.62,-0.02,32.6,36.0,0.002159,summer,weekend_holiday,off_peak,98.0,65.4,weekend_off_peak,98.0,65.4
2026-08-09T12:00:00+00:00,37.41,0.1,37.51,123.0,0.007251,summer,weekend_holiday,off_peak,98.0,60.49,weekend_off_peak,98.0,60.49
2026-08-09T13:00:00+00:00,41.16,-0.07,41.09,227.0,0.012922,summer,weekend_holiday,off_peak,98.0,56.91,weekend_off_peak,98.0,56.91
2026-08-09T14:00:00+00:00,47.76,-0.02,47.74,324.0,0.018069,summer,weekend_holiday,off_peak,98.0,50.26,weekend_off_peak,98.0,50.26
2026-08-09T15:00:00+00:00,63.17,0.18,63.35,370.0,0.020097,summer,weekend_holiday,off_peak,98.0,34.65,weekend_off_peak,98.0,34.65
2026-08-09T16:00:00+00:00,73.84,-0.33,73.51,383.0,0.019992,summer,weekend_holiday,off_peak,98.0,24.49,weekend_off_peak,98.0,24.49
2026-08-09T17:00:00+00:00,69.99,-0.72,69.27,386.0,0.019675,summer,weekend_holiday,off_peak,98.0,28.73,weekend_off_peak,98.0,28.73
2026-08-09T18:00:00+00:00,71.92,0.09,72.01,375.0,0.019145,summer,weekend_holiday,off_peak,98.0,25.99,weekend_off_peak,98.0,25.99
2026-08-09T19:00:00+00:00,79.58,0.19,79.77,334.0,0.016988,summer,weekend_holiday,off_peak,98.0,18.23,weekend_off_peak,98.0,18.23
2026-08-09T20:00:00+00:00,93.33,0.32,93.65,266.0,0.013365,summer,weekend_holiday,off_peak,98.0,4.35,weekend_off_peak,98.0,4.35
2026-08-09T21:00:00+00:00,108.15,0.33,108.48,173.0,0.008379,summer,weekend_holiday,off_peak,98.0,-10.48,weekend_off_peak,98.0,-10.48
2026-08-09T22:00:00+00:00,110.19,0.6,110.79,80.0,0.003867,summer,weekend_holiday,off_peak,98.0,-12.79,weekend_off_peak,98.0,-12.79
2026-08-09T23:00:00+00:00,114.17,1.21,115.38,19.0,0.000933,summer,weekend_holiday,off_peak,98.0,-17.38,weekend_off_peak,98.0,-17.38
2026-08-10T00:00:00+00:00,104.43,1.16,105.59,0.0,0.0,summer,weekend_holiday,off_peak,98.0,-7.59,weekend_off_peak,98.0,-7.59
2026-08-10T01:00:00+00:00,94.49,0.62,95.11,0.0,0.0,summer,weekend_holiday,off_peak,98.0,2.89,weekend_off_peak,98.0,2.89
2026-08-10T02:00:00+00:00,89.3,0.69,89.99,0.0,0.0,summer,weekend_holiday,off_peak,98.0,8.01,weekend_off_peak,98.0,8.01
2026-08-10T03:00:00+00:00,80.22,0.5,80.72,0.0,0.0,summer,weekend_holiday,off_peak,98.0,17.28,ultra_low_overnight,39.0,-41.72
2026-08-10T04:00:00+00:00,52.92,0.58,53.5,0.0,0.0,summer,weekday,off_peak,98.0,44.5,ultra_low_overnight,39.0,-14.5
2026-08-10T05:00:00+00:00,40.61,-0.27,40.34,0.0,0.0,summer,weekday,off_peak,98.0,57.66,ultra_low_overnight,39.0,-1.34
2026-08-10T06:00:00+00:00,39.4,-0.58,38.82,0.0,0.0,summer,weekday,off_peak,98.0,59.18,ultra_low_overnight,39.0,0.18
2026-08-10T07:00:00+00:00,34.23,-0.78,33.45,0.0,0.0,summer,weekday,off_peak,98.0,64.55,ultra_low_overnight,39.0,5.55
2026-08-10T08:00:00+00:00,36.26,-0.56,35.7,0.0,0.0,summer,weekday,off_peak,98.0,62.3,ultra_low_overnight,39.0,3.3
2026-08-10T09:00:00+00:00,36.65,-0.2,36.45,0.0,0.0,summer,weekday,off_peak,98.0,61.55,ultra_low_overnight,39.0,2.55
2026-08-10T10:00:00+00:00,45.66,0.0,45.66,0.0,0.0,summer,weekday,off_peak,98.0,52.34,ultra_low_overnight,39.0,-6.66
2026-08-10T11:00:00+00:00,54.87,0.22,55.09,21.0,0.001136,summer,weekday,mid_peak,157.0,101.91,mid_peak,157.0,101.91
2026-08-10T12:00:00+00:00,66.8,0.26,67.06,72.0,0.003876,summer,weekday,mid_peak,157.0,89.94,mid_peak,157.0,89.94
2026-08-10T13:00:00+00:00,74.21,-0.05,74.16,106.0,0.005726,summer,weekday,mid_peak,157.0,82.84,mid_peak,157.0,82.84
2026-08-10T14:00:00+00:00,81.98,0.34,82.32,163.0,0.008746,summer,weekday,mid_peak,157.0,74.68,mid_peak,157.0,74.68
2026-08-10T15:00:00+00:00,89.88,0.7,90.58,199.0,0.010537,summer,weekday,on_peak,203.0,112.42,mid_peak,157.0,66.42
2026-08-10T16:00:00+00:00,101.19,-0.13,101.06,248.0,0.012781,summer,weekday,on_peak,203.0,101.94,mid_peak,157.0,55.94
2026-08-10T17:00:00+00:00,106.79,-0.56,106.23,325.0,0.015652,summer,weekday,on_peak,203.0,96.77,mid_peak,157.0,50.77
2026-08-10T18:00:00+00:00,111.05,1.08,112.13,325.0,0.015101,summer,weekday,on_peak,203.0,90.87,mid_peak,157.0,44.87
2026-08-10T19:00:00+00:00,110.25,0.64,110.89,274.0,0.012569,summer,weekday,on_peak,203.0,92.11,mid_peak,157.0,46.11
2026-08-10T20:00:00+00:00,139.55,0.18,139.73,258.0,0.011911,summer,weekday,on_peak,203.0,63.27,on_peak,391.0,251.27
2026-08-10T21:00:00+00:00,177.25,0.95,178.2,186.0,0.00845,summer,weekday,mid_peak,157.0,-21.2,on_peak,391.0,212.8
2026-08-10T22:00:00+00:00,178.64,0.09,178.73,88.0,0.003968,summer,weekday,mid_peak,157.0,-21.73,on_peak,391.0,212.27
2026-08-10T23:00:00+00:00,180.67,1.36,182.03,25.0,0.00111,summer,weekday,off_peak,98.0,-84.03,on_peak,391.0,208.97
2026-08-11T00:00:00+00:00,138.27,0.37,138.64,0.0,0.0,summer,weekday,off_peak,98.0,-40.64,on_peak,391.0,252.36
2026-08-11T01:00:00+00:00,114.65,0.21,114.86,0.0,0.0,summer,weekday,off_peak,98.0,-16.86,mid_peak,157.0,42.14
2026-08-11T02:00:00+00:00,100.08,1.59,101.67,0.0,0.0,summer,weekday,off_peak,98.0,-3.67,mid_peak,157.0,55.33
2026-08-11T03:00:00+00:00,80.02,1.42,81.44,0.0,0.0,summer,weekday,off_peak,98.0,16.56,ultra_low_overnight,39.0,-42.44
2026-08-11T04:00:00+00:00,62.59,0.35,62.94,0.0,0.0,summer,weekday,off_peak,98.0,35.06,ultra_low_overnight,39.0,-23.94
2026-08-11T05:00:00+00:00,49.44,0.13,49.57,0.0,0.0,summer,weekday,off_peak,98.0,48.43,ultra_low_overnight,39.0,-10.57
2026-08-11T06:00:00+00:00,44.3,0.01,44.31,0.0,0.0,summer,weekday,off_peak,98.0,53.69,ultra_low_overnight,39.0,-5.31
2026-08-11T07:00:00+00:00,42.49,0.05,42.54,0.0,0.0,summer,weekday,off_peak,98.0,55.46,ultra_low_overnight,39.0,-3.54
2026-08-11T08:00:00+00:00,41.67,-0.1,41.57,0.0,0.0,summer,weekday,off_peak,98.0,56.43,ultra_low_overnight,39.0,-2.57
2026-08-11T09:00:00+00:00,46.44,-0.06,46.38,0.0,0.0,summer,weekday,off_peak,98.0,51.62,ultra_low_overnight,39.0,-7.38
2026-08-11T10:00:00+00:00,52.32,-0.08,52.24,1.0,5.5e-05,summer,weekday,off_peak,98.0,45.76,ultra_low_overnight,39.0,-13.24
2026-08-11T11:00:00+00:00,52.14,0.02,52.16,30.0,0.001649,summer,weekday,mid_peak,157.0,104.84,mid_peak,157.0,104.84
2026-08-11T12:00:00+00:00,87.82,0.39,88.21,111.0,0.006098,summer,weekday,mid_peak,157.0,68.79,mid_peak,157.0,68.79
2026-08-11T13:00:00+00:00,81.88,0.02,81.9,193.0,0.010336,summer,weekday,mid_peak,157.0,75.1,mid_peak,157.0,75.1
2026-08-11T14:00:00+00:00,80.72,0.36,81.08,252.0,0.013138,summer,weekday,mid_peak,157.0,75.92,mid_peak,157.0,75.92
2026-08-11T15:00:00+00:00,86.35,0.32,86.67,341.0,0.017595,summer,weekday,on_peak,203.0,116.33,mid_peak,157.0,70.33
2026-08-11T16:00:00+00:00,87.57,0.12,87.69,361.0,0.018567,summer,weekday,on_peak,203.0,115.31,mid_peak,157.0,69.31
2026-08-11T17:00:00+00:00,100.92,0.2,101.12,330.0,0.016488,summer,weekday,on_peak,203.0,101.88,mid_peak,157.0,55.88
2026-08-11T18:00:00+00:00,106.49,0.62,107.11,292.0,0.014167,summer,weekday,on_peak,203.0,95.89,mid_peak,157.0,49.89
2026-08-11T19:00:00+00:00,111.13,0.58,111.71,277.0,0.013453,summer,weekday,on_peak,203.0,91.29,mid_peak,157.0,45.29
2026-08-11T20:00:00+00:00,110.08,0.05,110.13,195.0,0.009454,summer,weekday,on_peak,203.0,92.87,on_peak,391.0,280.87
2026-08-11T21:00:00+00:00,115.86,-0.24,115.62,154.0,0.007312,summer,weekday,mid_peak,157.0,41.38,on_peak,391.0,275.38
2026-08-11T22:00:00+00:00,118.89,0.09,118.98,82.0,0.003929,summer,weekday,mid_peak,157.0,38.02,on_peak,391.0,272.02
2026-08-11T23:00:00+00:00,124.43,0.67,125.1,26.0,0.001235,summer,weekday,off_peak,98.0,-27.1,on_peak,391.0,265.9
2026-08-12T00:00:00+00:00,119.68,1.34,121.02,0.0,0.0,summer,weekday,off_peak,98.0,-23.02,on_peak,391.0,269.98
2026-08-12T01:00:00+00:00,116.58,1.41,117.99,0.0,0.0,summer,weekday,off_peak,98.0,-19.99,mid_peak,157.0,39.01
2026-08-12T02:00:00+00:00,104.93,1.11,106.04,0.0,0.0,summer,weekday,off_peak,98.0,-8.04,mid_peak,157.0,50.96
2026-08-12T03:00:00+00:00,73.54,0.59,74.13,0.0,0.0,summer,weekday,off_peak,98.0,23.87,ultra_low_overnight,39.0,-35.13
2026-08-12T04:00:00+00:00,56.4,0.86,57.26,0.0,0.0,summer,weekday,off_peak,98.0,40.74,ultra_low_overnight,39.0,-18.26
2026-08-12T05:00:00+00:00,54.85,-0.08,54.77,0.0,0.0,summer,weekday,off_peak,98.0,43.23,ultra_low_overnight,39.0,-15.77
2026-08-12T06:00:00+00:00,48.4,-0.42,47.98,0.0,0.0,summer,weekday,off_peak,98.0,50.02,ultra_low_overnight,39.0,-8.98
2026-08-12T07:00:00+00:00,45.64,0.28,45.92,0.0,0.0,summer,weekday,off_peak,98.0,52.08,ultra_low_overnight,39.0,-6.92
2026-08-12T08:00:00+00:00,45.45,0.07,45.52,0.0,0.0,summer,weekday,off_peak,98.0,52.48,ultra_low_overnight,39.0,-6.52
2026-08-12T09:00:00+00:00,45.89,0.45,46.34,0.0,0.0,summer,weekday,off_peak,98.0,51.66,ultra_low_overnight,39.0,-7.34
2026-08-12T10:00:00+00:00,51.15,0.24,51.39,1.0,5.6e-05,summer,weekday,off_peak,98.0,46.61,ultra_low_overnight,39.0,-12.39
2026-08-12T11:00:00+00:00,54.69,0.7,55.39,34.0,0.001905,summer,weekday,mid_peak,157.0,101.61,mid_peak,157.0,101.61
2026-08-12T12:00:00+00:00,70.63,0.98,71.61,106.0,0.005853,summer,weekday,mid_peak,157.0,85.39,mid_peak,157.0,85.39
2026-08-12T13:00:00+00:00,79.69,0.48,80.17,163.0,0.008779,summer,weekday,mid_peak,157.0,76.83,mid_peak,157.0,76.83
2026-08-12T14:00:00+00:00,83.45,0.55,84.0,245.0,0.012858,summer,weekday,mid_peak,157.0,73.0,mid_peak,157.0,73.0
2026-08-12T15:00:00+00:00,86.37,-0.26,86.11,279.0,0.014193,summer,weekday,on_peak,203.0,116.89,mid_peak,157.0,70.89
2026-08-12T16:00:00+00:00,87.42,-0.1,87.32,272.0,0.013733,summer,weekday,on_peak,203.0,115.68,mid_peak,157.0,69.68
2026-08-12T17:00:00+00:00,93.78,1.07,94.85,260.0,0.013141,summer,weekday,on_peak,203.0,108.15,mid_peak,157.0,62.15
2026-08-12T18:00:00+00:00,109.94,5.03,114.97,249.0,0.01273,summer,weekday,on_peak,203.0,88.03,mid_peak,157.0,42.03
2026-08-12T19:00:00+00:00,108.51,5.36,113.87,250.0,0.012542,summer,weekday,on_peak,203.0,89.13,mid_peak,157.0,43.13
2026-08-12T20:00:00+00:00,112.08,5.36,117.44,155.0,0.007577,summer,weekday,on_peak,203.0,85.56,on_peak,391.0,273.56
2026-08-12T21:00:00+00:00,111.77,4.33,116.1,109.0,0.005086,summer,weekday,mid_peak,157.0,40.9,on_peak,391.0,274.9
2026-08-12T22:00:00+00:00,119.22,4.61,123.83,70.0,0.003257,summer,weekday,mid_peak,157.0,33.17,on_peak,391.0,267.17
2026-08-12T23:00:00+00:00,119.58,3.32,122.9,18.0,0.000826,summer,weekday,off_peak,98.0,-24.9,on_peak,391.0,268.1
2026-08-13T00:00:00+00:00,116.9,3.33,120.23,0.0,0.0,summer,weekday,off_peak,98.0,-22.23,on_peak,391.0,270.77
2026-08-13T01:00:00+00:00,113.71,4.16,117.87,0.0,0.0,summer,weekday,off_peak,98.0,-19.87,mid_peak,157.0,39.13
2026-08-13T02:00:00+00:00,102.05,3.35,105.4,0.0,0.0,summer,weekday,off_peak,98.0,-7.4,mid_peak,157.0,51.6
2026-08-13T03:00:00+00:00,80.99,2.17,83.16,0.0,0.0,summer,weekday,off_peak,98.0,14.84,ultra_low_overnight,39.0,-44.16
2026-08-13T04:00:00+00:00,58.72,0.39,59.11,0.0,0.0,summer,weekday,off_peak,98.0,38.89,ultra_low_overnight,39.0,-20.11
2026-08-13T05:00:00+00:00,50.53,0.48,51.01,0.0,0.0,summer,weekday,off_peak,98.0,46.99,ultra_low_overnight,39.0,-12.01
2026-08-13T06:00:00+00:00,42.65,0.41,43.06,0.0,0.0,summer,weekday,off_peak,98.0,54.94,ultra_low_overnight,39.0,-4.06
2026-08-13T07:00:00+00:00,35.45,-0.02,35.43,0.0,0.0,summer,weekday,off_peak,98.0,62.57,ultra_low_overnight,39.0,3.57
2026-08-13T08:00:00+00:00,36.8,0.04,36.84,0.0,0.0,summer,weekday,off_peak,98.0,61.16,ultra_low_overnight,39.0,2.16
2026-08-13T09:00:00+00:00,35.35,0.06,35.41,0.0,0.0,summer,weekday,off_peak,98.0,62.59,ultra_low_overnight,39.0,3.59
2026-08-13T10:00:00+00:00,48.54,0.6,49.14,0.0,0.0,summer,weekday,off_peak,98.0,48.86,ultra_low_overnight,39.0,-10.14
2026-08-13T11:00:00+00:00,49.3,0.23,49.53,35.0,0.001927,summer,weekday,mid_peak,157.0,107.47,mid_peak,157.0,107.47
2026-08-13T12:00:00+00:00,54.82,0.35,55.17,104.0,0.005618,summer,weekday,mid_peak,157.0,101.83,mid_peak,157.0,101.83
2026-08-13T13:00:00+00:00,76.27,0.57,76.84,210.0,0.011174,summer,weekday,mid_peak,157.0,80.16,mid_peak,157.0,80.16
2026-08-13T14:00:00+00:00,77.9,0.63,78.53,294.0,0.015419,summer,weekday,mid_peak,157.0,78.47,mid_peak,157.0,78.47
2026-08-13T15:00:00+00:00,82.66,0.95,83.61,333.0,0.017312,summer,weekday,on_peak,203.0,119.39,mid_peak,157.0,73.39
2026-08-13T16:00:00+00:00,87.73,0.56,88.29,356.0,0.018028,summer,weekday,on_peak,203.0,114.71,mid_peak,157.0,68.71
2026-08-13T17:00:00+00:00,97.32,0.23,97.55,327.0,0.016257,summer,weekday,on_peak,203.0,105.45,mid_peak,157.0,59.45
2026-08-13T18:00:00+00:00,100.72,0.3,101.02,252.0,0.012436,summer,weekday,on_peak,203.0,101.98,mid_peak,157.0,55.98
2026-08-13T19:00:00+00:00,110.47,0.37,110.84,262.0,0.012614,summer,weekday,on_peak,203.0,92.16,mid_peak,157.0,46.16
2026-08-13T20:00:00+00:00,110.48,0.36,110.84,230.0,0.010781,summer,weekday,on_peak,203.0,92.16,on_peak,391.0,280.16
2026-08-13T21:00:00+00:00,114.67,0.34,115.01,143.0,0.006619,summer,weekday,mid_peak,157.0,41.99,on_peak,391.0,275.99
2026-08-13T22:00:00+00:00,120.29,0.79,121.08,76.0,0.003543,summer,weekday,mid_peak,157.0,35.92,on_peak,391.0,269.92
2026-08-13T23:00:00+00:00,134.41,1.26,135.67,20.0,0.000934,summer,weekday,off_peak,98.0,-37.67,on_peak,391.0,255.33
2026-08-14T00:00:00+00:00,117.34,1.75,119.09,0.0,0.0,summer,weekday,off_peak,98.0,-21.09,on_peak,391.0,271.91
2026-08-14T01:00:00+00:00,109.67,1.06,110.73,0.0,0.0,summer,weekday,off_peak,98.0,-12.73,mid_peak,157.0,46.27
2026-08-14T02:00:00+00:00,96.77,1.22,97.99,0.0,0.0,summer,weekday,off_peak,98.0,0.01,mid_peak,157.0,59.01
2026-08-14T03:00:00+00:00,88.57,1.27,89.84,0.0,0.0,summer,weekday,off_peak,98.0,8.16,ultra_low_overnight,39.0,-50.84
2026-08-14T04:00:00+00:00,65.77,0.07,65.84,0.0,0.0,summer,weekday,off_peak,98.0,32.16,ultra_low_overnight,39.0,-26.84
2026-08-14T05:00:00+00:00,44.86,-0.32,44.54,0.0,0.0,summer,weekday,off_peak,98.0,53.46,ultra_low_overnight,39.0,-5.54
2026-08-14T06:00:00+00:00,36.0,-0.31,35.69,0.0,0.0,summer,weekday,off_peak,98.0,62.31,ultra_low_overnight,39.0,3.31
2026-08-14T07:00:00+00:00,34.11,-0.36,33.75,0.0,0.0,summer,weekday,off_peak,98.0,64.25,ultra_low_overnight,39.0,5.25
2026-08-14T08:00:00+00:00,34.87,-0.36,34.51,0.0,0.0,summer,weekday,off_peak,98.0,63.49,ultra_low_overnight,39.0,4.49
2026-08-14T09:00:00+00:00,34.36,-0.38,33.98,0.0,0.0,summer,weekday,off_peak,98.0,64.02,ultra_low_overnight,39.0,5.02
2026-08-14T10:00:00+00:00,41.02,-0.04,40.98,1.0,5.6e-05,summer,weekday,off_peak,98.0,57.02,ultra_low_overnight,39.0,-1.98
2026-08-14T11:00:00+00:00,40.91,0.18,41.09,31.0,0.001729,summer,weekday,mid_peak,157.0,115.91,mid_peak,157.0,115.91
2026-08-14T12:00:00+00:00,48.89,0.16,49.05,120.0,0.00662,summer,weekday,mid_peak,157.0,107.95,mid_peak,157.0,107.95
2026-08-14T13:00:00+00:00,56.93,0.27,57.2,231.0,0.012485,summer,weekday,mid_peak,157.0,99.8,mid_peak,157.0,99.8
2026-08-14T14:00:00+00:00,63.68,0.17,63.85,309.0,0.01595,summer,weekday,mid_peak,157.0,93.15,mid_peak,157.0,93.15
2026-08-14T15:00:00+00:00,72.31,0.4,72.71,338.0,0.017091,summer,weekday,on_peak,203.0,130.29,mid_peak,157.0,84.29
2026-08-14T16:00:00+00:00,78.78,1.56,80.34,315.0,0.015453,summer,weekday,on_peak,203.0,122.66,mid_peak,157.0,76.66
2026-08-14T17:00:00+00:00,86.41,0.33,86.74,283.0,0.013858,summer,weekday,on_peak,203.0,116.26,mid_peak,157.0,70.26
2026-08-14T18:00:00+00:00,89.8,0.17,89.97,253.0,0.012396,summer,weekday,on_peak,203.0,113.03,mid_peak,157.0,67.03
2026-08-14T19:00:00+00:00,91.07,0.25,91.32,286.0,0.014314,summer,weekday,on_peak,203.0,111.68,mid_peak,157.0,65.68
2026-08-14T20:00:00+00:00,91.11,0.22,91.33,246.0,0.012438,summer,weekday,on_peak,203.0,111.67,on_peak,391.0,299.67
2026-08-14T21:00:00+00:00,101.83,0.2,102.03,175.0,0.008572,summer,weekday,mid_peak,157.0,54.97,on_peak,391.0,288.97
2026-08-14T22:00:00+00:00,105.42,0.14,105.56,73.0,0.003527,summer,weekday,mid_peak,157.0,51.44,on_peak,391.0,285.44
2026-08-14T23:00:00+00:00,111.22,0.31,111.53,20.0,0.000956,summer,weekday,off_peak,98.0,-13.53,on_peak,391.0,279.47
2026-08-15T00:00:00+00:00,92.48,0.28,92.76,1.0,4.9e-05,summer,weekday,off_peak,98.0,5.24,on_peak,391.0,298.24
2026-08-15T01:00:00+00:00,91.19,0.42,91.61,0.0,0.0,summer,weekday,off_peak,98.0,6.39,mid_peak,157.0,65.39
2026-08-15T02:00:00+00:00,82.72,1.16,83.88,0.0,0.0,summer,weekday,off_peak,98.0,14.12,mid_peak,157.0,73.12
2026-08-15T03:00:00+00:00,72.21,0.82,73.03,0.0,0.0,summer,weekday,off_peak,98.0,24.97,ultra_low_overnight,39.0,-34.03
2026-08-15T04:00:00+00:00,48.87,0.89,49.76,0.0,0.0,summer,weekend_holiday,off_peak,98.0,48.24,ultra_low_overnight,39.0,-10.76
2026-08-15T05:00:00+00:00,46.93,0.13,47.06,0.0,0.0,summer,weekend_holiday,off_peak,98.0,50.94,ultra_low_overnight,39.0,-8.06
2026-08-15T06:00:00+00:00,43.53,0.13,43.66,0.0,0.0,summer,weekend_holiday,off_peak,98.0,54.34,ultra_low_overnight,39.0,-4.66
2026-08-15T07:00:00+00:00,39.63,-0.03,39.6,0.0,0.0,summer,weekend_holiday,off_peak,98.0,58.4,ultra_low_overnight,39.0,-0.6
2026-08-15T08:00:00+00:00,36.25,0.02,36.27,0.0,0.0,summer,weekend_holiday,off_peak,98.0,61.73,ultra_low_overnight,39.0,2.73
2026-08-15T09:00:00+00:00,36.98,0.05,37.03,0.0,0.0,summer,weekend_holiday,off_peak,98.0,60.97,ultra_low_overnight,39.0,1.97
2026-08-15T10:00:00+00:00,37.51,-0.08,37.43,0.0,0.0,summer,weekend_holiday,off_peak,98.0,60.57,ultra_low_overnight,39.0,1.57
2026-08-15T11:00:00+00:00,35.05,-0.04,35.01,25.0,0.001417,summer,weekend_holiday,off_peak,98.0,62.99,weekend_off_peak,98.0,62.99
2026-08-15T12:00:00+00:00,37.46,0.01,37.47,113.0,0.006467,summer,weekend_holiday,off_peak,98.0,60.53,weekend_off_peak,98.0,60.53
2026-08-15T13:00:00+00:00,41.59,0.01,41.6,218.0,0.012064,summer,weekend_holiday,off_peak,98.0,56.4,weekend_off_peak,98.0,56.4
2026-08-15T14:00:00+00:00,46.4,-0.03,46.37,307.0,0.016577,summer,weekend_holiday,off_peak,98.0,51.63,weekend_off_peak,98.0,51.63
2026-08-15T15:00:00+00:00,51.52,0.04,51.56,345.0,0.018051,summer,weekend_holiday,off_peak,98.0,46.44,weekend_off_peak,98.0,46.44
2026-08-15T16:00:00+00:00,63.81,-0.65,63.16,301.0,0.015557,summer,weekend_holiday,off_peak,98.0,34.84,weekend_off_peak,98.0,34.84
2026-08-15T17:00:00+00:00,70.21,-0.82,69.39,329.0,0.016839,summer,weekend_holiday,off_peak,98.0,28.61,weekend_off_peak,98.0,28.61
2026-08-15T18:00:00+00:00,81.97,-0.97,81.0,326.0,0.016568,summer,weekend_holiday,off_peak,98.0,17.0,weekend_off_peak,98.0,17.0
2026-08-15T19:00:00+00:00,84.93,-0.26,84.67,295.0,0.014832,summer,weekend_holiday,off_peak,98.0,13.33,weekend_off_peak,98.0,13.33
2026-08-15T20:00:00+00:00,89.11,0.05,89.16,280.0,0.013894,summer,weekend_holiday,off_peak,98.0,8.84,weekend_off_peak,98.0,8.84
2026-08-15T21:00:00+00:00,87.7,-0.12,87.58,182.0,0.008844,summer,weekend_holiday,off_peak,98.0,10.42,weekend_off_peak,98.0,10.42
2026-08-15T22:00:00+00:00,89.09,-0.12,88.97,82.0,0.00401,summer,weekend_holiday,off_peak,98.0,9.03,weekend_off_peak,98.0,9.03
2026-08-15T23:00:00+00:00,92.02,-0.07,91.95,18.0,0.000885,summer,weekend_holiday,off_peak,98.0,6.05,weekend_off_peak,98.0,6.05
2026-08-16T00:00:00+00:00,86.83,0.4,87.23,0.0,0.0,summer,weekend_holiday,off_peak,98.0,10.77,weekend_off_peak,98.0,10.77
2026-08-16T01:00:00+00:00,70.95,0.58,71.53,0.0,0.0,summer,weekend_holiday,off_peak,98.0,26.47,weekend_off_peak,98.0,26.47
2026-08-16T02:00:00+00:00,63.4,0.91,64.31,0.0,0.0,summer,weekend_holiday,off_peak,98.0,33.69,weekend_off_peak,98.0,33.69
2026-08-16T03:00:00+00:00,43.83,0.3,44.13,0.0,0.0,summer,weekend_holiday,off_peak,98.0,53.87,ultra_low_overnight,39.0,-5.13
2026-08-16T04:00:00+00:00,42.79,0.18,42.97,0.0,0.0,summer,weekend_holiday,off_peak,98.0,55.03,ultra_low_overnight,39.0,-3.97
2026-08-16T05:00:00+00:00,41.27,0.47,41.74,0.0,0.0,summer,weekend_holiday,off_peak,98.0,56.26,ultra_low_overnight,39.0,-2.74
2026-08-16T06:00:00+00:00,39.23,0.51,39.74,0.0,0.0,summer,weekend_holiday,off_peak,98.0,58.26,ultra_low_overnight,39.0,-0.74
2026-08-16T07:00:00+00:00,36.42,0.49,36.91,0.0,0.0,summer,weekend_holiday,off_peak,98.0,61.09,ultra_low_overnight,39.0,2.09
2026-08-16T08:00:00+00:00,34.08,0.21,34.29,0.0,0.0,summer,weekend_holiday,off_peak,98.0,63.71,ultra_low_overnight,39.0,4.71
2026-08-16T09:00:00+00:00,33.35,0.34,33.69,0.0,0.0,summer,weekend_holiday,off_peak,98.0,64.31,ultra_low_overnight,39.0,5.31
2026-08-16T10:00:00+00:00,33.4,0.51,33.91,1.0,6e-05,summer,weekend_holiday,off_peak,98.0,64.09,ultra_low_overnight,39.0,5.09
2026-08-16T11:00:00+00:00,32.1,0.74,32.84,17.0,0.001038,summer,weekend_holiday,off_peak,98.0,65.16,weekend_off_peak,98.0,65.16
2026-08-16T12:00:00+00:00,34.42,0.3,34.72,82.0,0.004841,summer,weekend_holiday,off_peak,98.0,63.28,weekend_off_peak,98.0,63.28
2026-08-16T13:00:00+00:00,38.36,0.29,38.65,179.0,0.010247,summer,weekend_holiday,off_peak,98.0,59.35,weekend_off_peak,98.0,59.35
2026-08-16T14:00:00+00:00,42.24,0.4,42.64,261.0,0.014558,summer,weekend_holiday,off_peak,98.0,55.36,weekend_off_peak,98.0,55.36
2026-08-16T15:00:00+00:00,50.72,0.21,50.93,256.0,0.013732,summer,weekend_holiday,off_peak,98.0,47.07,weekend_off_peak,98.0,47.07
2026-08-16T16:00:00+00:00,64.22,0.33,64.55,256.0,0.013409,summer,weekend_holiday,off_peak,98.0,33.45,weekend_off_peak,98.0,33.45
2026-08-16T17:00:00+00:00,75.06,0.77,75.83,293.0,0.015049,summer,weekend_holiday,off_peak,98.0,22.17,weekend_off_peak,98.0,22.17
2026-08-16T18:00:00+00:00,80.18,0.61,80.79,272.0,0.013973,summer,weekend_holiday,off_peak,98.0,17.21,weekend_off_peak,98.0,17.21
2026-08-16T19:00:00+00:00,81.25,0.35,81.6,207.0,0.010564,summer,weekend_holiday,off_peak,98.0,16.4,weekend_off_peak,98.0,16.4
2026-08-16T20:00:00+00:00,88.15,0.45,88.6,143.0,0.007103,summer,weekend_holiday,off_peak,98.0,9.4,weekend_off_peak,98.0,9.4
2026-08-16T21:00:00+00:00,88.81,0.03,88.84,107.0,0.00521,summer,weekend_holiday,off_peak,98.0,9.16,weekend_off_peak,98.0,9.16
2026-08-16T22:00:00+00:00,91.02,0.12,91.14,57.0,0.002817,summer,weekend_holiday,off_peak,98.0,6.86,weekend_off_peak,98.0,6.86
2026-08-16T23:00:00+00:00,98.14,0.42,98.56,14.0,0.000695,summer,weekend_holiday,off_peak,98.0,-0.56,weekend_off_peak,98.0,-0.56
2026-08-17T00:00:00+00:00,93.04,1.71,94.75,0.0,0.0,summer,weekend_holiday,off_peak,98.0,3.25,weekend_off_peak,98.0,3.25
2026-08-17T01:00:00+00:00,86.84,3.63,90.47,0.0,0.0,summer,weekend_holiday,off_peak,98.0,7.53,weekend_off_peak,98.0,7.53
2026-08-17T02:00:00+00:00,74.77,4.59,79.36,0.0,0.0,summer,weekend_holiday,off_peak,98.0,18.64,weekend_off_peak,98.0,18.64
2026-08-17T03:00:00+00:00,58.35,1.78,60.13,0.0,0.0,summer,weekend_holiday,off_peak,98.0,37.87,ultra_low_overnight,39.0,-21.13
2026-08-17T04:00:00+00:00,45.68,0.47,46.15,0.0,0.0,summer,weekday,off_peak,98.0,51.85,ultra_low_overnight,39.0,-7.15
2026-08-17T05:00:00+00:00,35.45,0.03,35.48,0.0,0.0,summer,weekday,off_peak,98.0,62.52,ultra_low_overnight,39.0,3.52
2026-08-17T06:00:00+00:00,38.19,-0.1,38.09,0.0,0.0,summer,weekday,off_peak,98.0,59.91,ultra_low_overnight,39.0,0.91
2026-08-17T07:00:00+00:00,35.48,-0.07,35.41,0.0,0.0,summer,weekday,off_peak,98.0,62.59,ultra_low_overnight,39.0,3.59
2026-08-17T08:00:00+00:00,35.03,-0.04,34.99,0.0,0.0,summer,weekday,off_peak,98.0,63.01,ultra_low_overnight,39.0,4.01
2026-08-17T09:00:00+00:00,41.9,0.15,42.05,0.0,0.0,summer,weekday,off_peak,98.0,55.95,ultra_low_overnight,39.0,-3.05
2026-08-17T10:00:00+00:00,55.16,-0.8,54.36,0.0,0.0,summer,weekday,off_peak,98.0,43.64,ultra_low_overnight,39.0,-15.36
2026-08-17T11:00:00+00:00,67.79,-1.0,66.79,24.0,0.001264,summer,weekday,mid_peak,157.0,90.21,mid_peak,157.0,90.21
2026-08-17T12:00:00+00:00,64.61,-0.08,64.53,95.0,0.004957,summer,weekday,mid_peak,157.0,92.47,mid_peak,157.0,92.47
2026-08-17T13:00:00+00:00,64.48,0.38,64.86,161.0,0.008344,summer,weekday,mid_peak,157.0,92.14,mid_peak,157.0,92.14
2026-08-17T14:00:00+00:00,66.64,1.57,68.21,196.0,0.010057,summer,weekday,mid_peak,157.0,88.79,mid_peak,157.0,88.79
2026-08-17T15:00:00+00:00,67.94,0.21,68.15,271.0,0.013728,summer,weekday,on_peak,203.0,134.85,mid_peak,157.0,88.85
2026-08-17T16:00:00+00:00,86.07,-0.28,85.79,319.0,0.015838,summer,weekday,on_peak,203.0,117.21,mid_peak,157.0,71.21
2026-08-17T17:00:00+00:00,92.87,0.8,93.67,311.0,0.015551,summer,weekday,on_peak,203.0,109.33,mid_peak,157.0,63.33
2026-08-17T18:00:00+00:00,103.6,1.57,105.17,300.0,0.015069,summer,weekday,on_peak,203.0,97.83,mid_peak,157.0,51.83
2026-08-17T19:00:00+00:00,111.05,2.14,113.19,240.0,0.011892,summer,weekday,on_peak,203.0,89.81,mid_peak,157.0,43.81
2026-08-17T20:00:00+00:00,111.19,1.28,112.47,192.0,0.009138,summer,weekday,on_peak,203.0,90.53,on_peak,391.0,278.53
2026-08-17T21:00:00+00:00,122.91,0.24,123.15,175.0,0.007962,summer,weekday,mid_peak,157.0,33.85,on_peak,391.0,267.85
2026-08-17T22:00:00+00:00,127.22,0.24,127.46,84.0,0.003768,summer,weekday,mid_peak,157.0,29.54,on_peak,391.0,263.54
2026-08-17T23:00:00+00:00,172.72,1.29,174.01,20.0,0.000915,summer,weekday,off_peak,98.0,-76.01,on_peak,391.0,216.99
2026-08-18T00:00:00+00:00,140.72,1.92,142.64,0.0,0.0,summer,weekday,off_peak,98.0,-44.64,on_peak,391.0,248.36
2026-08-18T01:00:00+00:00,99.31,1.75,101.06,0.0,0.0,summer,weekday,off_peak,98.0,-3.06,mid_peak,157.0,55.94
2026-08-18T02:00:00+00:00,88.91,1.22,90.13,0.0,0.0,summer,weekday,off_peak,98.0,7.87,mid_peak,157.0,66.87
2026-08-18T03:00:00+00:00,68.25,1.02,69.27,0.0,0.0,summer,weekday,off_peak,98.0,28.73,ultra_low_overnight,39.0,-30.27
2026-08-18T04:00:00+00:00,54.87,0.61,55.48,0.0,0.0,summer,weekday,off_peak,98.0,42.52,ultra_low_overnight,39.0,-16.48
2026-08-18T05:00:00+00:00,46.49,0.42,46.91,0.0,0.0,summer,weekday,off_peak,98.0,51.09,ultra_low_overnight,39.0,-7.91
2026-08-18T06:00:00+00:00,41.6,0.36,41.96,0.0,0.0,summer,weekday,off_peak,98.0,56.04,ultra_low_overnight,39.0,-2.96
2026-08-18T07:00:00+00:00,38.06,0.19,38.25,0.0,0.0,summer,weekday,off_peak,98.0,59.75,ultra_low_overnight,39.0,0.75
2026-08-18T08:00:00+00:00,37.07,0.14,37.21,0.0,0.0,summer,weekday,off_peak,98.0,60.79,ultra_low_overnight,39.0,1.79
2026-08-18T09:00:00+00:00,41.26,0.2,41.46,0.0,0.0,summer,weekday,off_peak,98.0,56.54,ultra_low_overnight,39.0,-2.46
2026-08-18T10:00:00+00:00,51.6,0.53,52.13,1.0,5.7e-05,summer,weekday,off_peak,98.0,45.87,ultra_low_overnight,39.0,-13.13
2026-08-18T11:00:00+00:00,66.49,1.29,67.78,29.0,0.001612,summer,weekday,mid_peak,157.0,89.22,mid_peak,157.0,89.22
2026-08-18T12:00:00+00:00,52.89,0.9,53.79,102.0,0.005604,summer,weekday,mid_peak,157.0,103.21,mid_peak,157.0,103.21
2026-08-18T13:00:00+00:00,63.68,1.3,64.98,178.0,0.009571,summer,weekday,mid_peak,157.0,92.02,mid_peak,157.0,92.02
2026-08-18T14:00:00+00:00,69.73,1.69,71.42,278.0,0.014673,summer,weekday,mid_peak,157.0,85.58,mid_peak,157.0,85.58
2026-08-18T15:00:00+00:00,76.1,2.36,78.46,267.0,0.013884,summer,weekday,on_peak,203.0,124.54,mid_peak,157.0,78.54
2026-08-18T16:00:00+00:00,82.65,0.55,83.2,278.0,0.013922,summer,weekday,on_peak,203.0,119.8,mid_peak,157.0,73.8
2026-08-18T17:00:00+00:00,88.16,0.01,88.17,271.0,0.01316,summer,weekday,on_peak,203.0,114.83,mid_peak,157.0,68.83
2026-08-18T18:00:00+00:00,89.28,1.45,90.73,304.0,0.014657,summer,weekday,on_peak,203.0,112.27,mid_peak,157.0,66.27
2026-08-18T19:00:00+00:00,91.88,3.76,95.64,232.0,0.011486,summer,weekday,on_peak,203.0,107.36,mid_peak,157.0,61.36
2026-08-18T20:00:00+00:00,103.42,3.73,107.15,227.0,0.011061,summer,weekday,on_peak,203.0,95.85,on_peak,391.0,283.85
2026-08-18T21:00:00+00:00,129.82,4.49,134.31,180.0,0.008471,summer,weekday,mid_peak,157.0,22.69,on_peak,391.0,256.69
2026-08-18T22:00:00+00:00,126.56,3.46,130.02,69.0,0.003198,summer,weekday,mid_peak,157.0,26.98,on_peak,391.0,260.98
2026-08-18T23:00:00+00:00,131.16,3.27,134.43,20.0,0.000914,summer,weekday,off_peak,98.0,-36.43,on_peak,391.0,256.57
2026-08-19T00:00:00+00:00,108.1,2.66,110.76,0.0,0.0,summer,weekday,off_peak,98.0,-12.76,on_peak,391.0,280.24
2026-08-19T01:00:00+00:00,109.23,1.4,110.63,0.0,0.0,summer,weekday,off_peak,98.0,-12.63,mid_peak,157.0,46.37
2026-08-19T02:00:00+00:00,80.64,0.57,81.21,0.0,0.0,summer,weekday,off_peak,98.0,16.79,mid_peak,157.0,75.79
2026-08-19T03:00:00+00:00,72.95,0.59,73.54,0.0,0.0,summer,weekday,off_peak,98.0,24.46,ultra_low_overnight,39.0,-34.54
2026-08-19T04:00:00+00:00,49.84,0.12,49.96,0.0,0.0,summer,weekday,off_peak,98.0,48.04,ultra_low_overnight,39.0,-10.96
2026-08-19T05:00:00+00:00,44.43,-0.02,44.41,0.0,0.0,summer,weekday,off_peak,98.0,53.59,ultra_low_overnight,39.0,-5.41
2026-08-19T06:00:00+00:00,39.31,-0.12,39.19,0.0,0.0,summer,weekday,off_peak,98.0,58.81,ultra_low_overnight,39.0,-0.19
2026-08-19T07:00:00+00:00,37.26,-0.13,37.13,0.0,0.0,summer,weekday,off_peak,98.0,60.87,ultra_low_overnight,39.0,1.87
2026-08-19T08:00:00+00:00,37.08,-0.07,37.01,0.0,0.0,summer,weekday,off_peak,98.0,60.99,ultra_low_overnight,39.0,1.99
2026-08-19T09:00:00+00:00,38.31,0.04,38.35,0.0,0.0,summer,weekday,off_peak,98.0,59.65,ultra_low_overnight,39.0,0.65
2026-08-19T10:00:00+00:00,50.07,0.4,50.47,0.0,0.0,summer,weekday,off_peak,98.0,47.53,ultra_low_overnight,39.0,-11.47
2026-08-19T11:00:00+00:00,55.3,0.42,55.72,9.0,0.000508,summer,weekday,mid_peak,157.0,101.28,mid_peak,157.0,101.28
2026-08-19T12:00:00+00:00,52.14,0.07,52.21,55.0,0.002936,summer,weekday,mid_peak,157.0,104.79,mid_peak,157.0,104.79
2026-08-19T13:00:00+00:00,52.11,0.22,52.33,131.0,0.006774,summer,weekday,mid_peak,157.0,104.67,mid_peak,157.0,104.67
2026-08-19T14:00:00+00:00,63.55,0.21,63.76,204.0,0.010333,summer,weekday,mid_peak,157.0,93.24,mid_peak,157.0,93.24
2026-08-19T15:00:00+00:00,74.42,0.0,74.42,302.0,0.015015,summer,weekday,on_peak,203.0,128.58,mid_peak,157.0,82.58
2026-08-19T16:00:00+00:00,76.41,-0.15,76.26,322.0,0.015874,summer,weekday,on_peak,203.0,126.74,mid_peak,157.0,80.74
2026-08-19T17:00:00+00:00,83.98,0.04,84.02,341.0,0.016466,summer,weekday,on_peak,203.0,118.98,mid_peak,157.0,72.98
2026-08-19T18:00:00+00:00,83.87,0.43,84.3,314.0,0.014897,summer,weekday,on_peak,203.0,118.7,mid_peak,157.0,72.7
2026-08-19T19:00:00+00:00,84.41,-0.06,84.35,273.0,0.012819,summer,weekday,on_peak,203.0,118.65,mid_peak,157.0,72.65
2026-08-19T20:00:00+00:00,86.54,0.37,86.91,246.0,0.011468,summer,weekday,on_peak,203.0,116.09,on_peak,391.0,304.09
2026-08-19T21:00:00+00:00,93.27,-0.04,93.23,179.0,0.008423,summer,weekday,mid_peak,157.0,63.77,on_peak,391.0,297.77
2026-08-19T22:00:00+00:00,92.57,0.05,92.62,89.0,0.004258,summer,weekday,mid_peak,157.0,64.38,on_peak,391.0,298.38
2026-08-19T23:00:00+00:00,105.1,0.35,105.45,17.0,0.000827,summer,weekday,off_peak,98.0,-7.45,on_peak,391.0,285.55
2026-08-20T00:00:00+00:00,101.58,0.16,101.74,0.0,0.0,summer,weekday,off_peak,98.0,-3.74,on_peak,391.0,289.26
2026-08-20T01:00:00+00:00,92.82,0.86,93.68,0.0,0.0,summer,weekday,off_peak,98.0,4.32,mid_peak,157.0,63.32
2026-08-20T02:00:00+00:00,83.44,1.04,84.48,0.0,0.0,summer,weekday,off_peak,98.0,13.52,mid_peak,157.0,72.52
2026-08-20T03:00:00+00:00,60.61,1.07,61.68,0.0,0.0,summer,weekday,off_peak,98.0,36.32,ultra_low_overnight,39.0,-22.68
2026-08-20T04:00:00+00:00,42.63,0.15,42.78,0.0,0.0,summer,weekday,off_peak,98.0,55.22,ultra_low_overnight,39.0,-3.78
2026-08-20T05:00:00+00:00,38.41,0.09,38.5,0.0,0.0,summer,weekday,off_peak,98.0,59.5,ultra_low_overnight,39.0,0.5
2026-08-20T06:00:00+00:00,36.45,0.17,36.62,0.0,0.0,summer,weekday,off_peak,98.0,61.38,ultra_low_overnight,39.0,2.38
2026-08-20T07:00:00+00:00,34.06,0.04,34.1,0.0,0.0,summer,weekday,off_peak,98.0,63.9,ultra_low_overnight,39.0,4.9
2026-08-20T08:00:00+00:00,33.88,0.07,33.95,0.0,0.0,summer,weekday,off_peak,98.0,64.05,ultra_low_overnight,39.0,5.05
2026-08-20T09:00:00+00:00,37.44,0.24,37.68,0.0,0.0,summer,weekday,off_peak,98.0,60.32,ultra_low_overnight,39.0,1.32
2026-08-20T10:00:00+00:00,46.9,0.53,47.43,2.0,0.000114,summer,weekday,off_peak,98.0,50.57,ultra_low_overnight,39.0,-8.43
2026-08-20T11:00:00+00:00,47.02,0.34,47.36,28.0,0.001552,summer,weekday,mid_peak,157.0,109.64,mid_peak,157.0,109.64
2026-08-20T12:00:00+00:00,43.07,0.07,43.14,81.0,0.004391,summer,weekday,mid_peak,157.0,113.86,mid_peak,157.0,113.86
2026-08-20T13:00:00+00:00,39.4,0.05,39.45,137.0,0.007513,summer,weekday,mid_peak,157.0,117.55,mid_peak,157.0,117.55
2026-08-20T14:00:00+00:00,49.16,0.34,49.5,188.0,0.01027,summer,weekday,mid_peak,157.0,107.5,mid_peak,157.0,107.5
2026-08-20T15:00:00+00:00,49.33,0.33,49.66,245.0,0.013207,summer,weekday,on_peak,203.0,153.34,mid_peak,157.0,107.34
2026-08-20T16:00:00+00:00,52.56,0.44,53.0,345.0,0.018239,summer,weekday,on_peak,203.0,150.0,mid_peak,157.0,104.0
2026-08-20T17:00:00+00:00,60.57,-0.09,60.48,387.0,0.019806,summer,weekday,on_peak,203.0,142.52,mid_peak,157.0,96.52
2026-08-20T18:00:00+00:00,68.34,-0.11,68.23,364.0,0.018487,summer,weekday,on_peak,203.0,134.77,mid_peak,157.0,88.77
2026-08-20T19:00:00+00:00,60.16,-0.01,60.15,325.0,0.016074,summer,weekday,on_peak,203.0,142.85,mid_peak,157.0,96.85
2026-08-20T20:00:00+00:00,78.63,0.98,79.61,298.0,0.014705,summer,weekday,on_peak,203.0,123.39,on_peak,391.0,311.39
2026-08-20T21:00:00+00:00,89.08,0.49,89.57,197.0,0.009477,summer,weekday,mid_peak,157.0,67.43,on_peak,391.0,301.43
2026-08-20T22:00:00+00:00,88.97,-0.01,88.96,91.0,0.004323,summer,weekday,mid_peak,157.0,68.04,on_peak,391.0,302.04
2026-08-20T23:00:00+00:00,95.51,-1.3,94.21,15.0,0.000712,summer,weekday,off_peak,98.0,3.79,on_peak,391.0,296.79
2026-08-21T00:00:00+00:00,92.06,-0.14,91.92,0.0,0.0,summer,weekday,off_peak,98.0,6.08,on_peak,391.0,299.08
2026-08-21T01:00:00+00:00,84.92,0.76,85.68,0.0,0.0,summer,weekday,off_peak,98.0,12.32,mid_peak,157.0,71.32
2026-08-21T02:00:00+00:00,63.84,0.55,64.39,0.0,0.0,summer,weekday,off_peak,98.0,33.61,mid_peak,157.0,92.61
2026-08-21T03:00:00+00:00,56.95,0.36,57.31,0.0,0.0,summer,weekday,off_peak,98.0,40.69,ultra_low_overnight,39.0,-18.31
2026-08-21T04:00:00+00:00,42.67,0.03,42.7,0.0,0.0,summer,weekday,off_peak,98.0,55.3,ultra_low_overnight,39.0,-3.7
2026-08-21T05:00:00+00:00,38.46,0.08,38.54,0.0,0.0,summer,weekday,off_peak,98.0,59.46,ultra_low_overnight,39.0,0.46
2026-08-21T06:00:00+00:00,35.78,-0.05,35.73,0.0,0.0,summer,weekday,off_peak,98.0,62.27,ultra_low_overnight,39.0,3.27
2026-08-21T07:00:00+00:00,34.12,-0.06,34.06,0.0,0.0,summer,weekday,off_peak,98.0,63.94,ultra_low_overnight,39.0,4.94
2026-08-21T08:00:00+00:00,33.42,-0.05,33.37,0.0,0.0,summer,weekday,off_peak,98.0,64.63,ultra_low_overnight,39.0,5.63
2026-08-21T09:00:00+00:00,35.08,-0.06,35.02,0.0,0.0,summer,weekday,off_peak,98.0,62.98,ultra_low_overnight,39.0,3.98
2026-08-21T10:00:00+00:00,36.17,0.01,36.18,0.0,0.0,summer,weekday,off_peak,98.0,61.82,ultra_low_overnight,39.0,2.82
2026-08-21T11:00:00+00:00,42.6,-0.29,42.31,34.0,0.00189,summer,weekday,mid_peak,157.0,114.69,mid_peak,157.0,114.69
2026-08-21T12:00:00+00:00,42.42,0.01,42.43,123.0,0.006827,summer,weekday,mid_peak,157.0,114.57,mid_peak,157.0,114.57
2026-08-21T13:00:00+00:00,43.93,-0.26,43.67,223.0,0.012157,summer,weekday,mid_peak,157.0,113.33,mid_peak,157.0,113.33
2026-08-21T14:00:00+00:00,49.43,-0.66,48.77,290.0,0.015596,summer,weekday,mid_peak,157.0,108.23,mid_peak,157.0,108.23
2026-08-21T15:00:00+00:00,50.83,-0.53,50.3,338.0,0.017906,summer,weekday,on_peak,203.0,152.7,mid_peak,157.0,106.7
2026-08-21T16:00:00+00:00,51.81,-0.71,51.1,347.0,0.018253,summer,weekday,on_peak,203.0,151.9,mid_peak,157.0,105.9
2026-08-21T17:00:00+00:00,66.54,-0.36,66.18,339.0,0.018028,summer,weekday,on_peak,203.0,136.82,mid_peak,157.0,90.82
2026-08-21T18:00:00+00:00,67.99,-0.42,67.57,355.0,0.018868,summer,weekday,on_peak,203.0,135.43,mid_peak,157.0,89.43
2026-08-21T19:00:00+00:00,70.04,-0.16,69.88,323.0,0.016751,summer,weekday,on_peak,203.0,133.12,mid_peak,157.0,87.12
2026-08-21T20:00:00+00:00,79.03,0.04,79.07,276.0,0.014315,summer,weekday,on_peak,203.0,123.93,on_peak,391.0,311.93
2026-08-21T21:00:00+00:00,87.94,0.22,88.16,187.0,0.009291,summer,weekday,mid_peak,157.0,68.84,on_peak,391.0,302.84
2026-08-21T22:00:00+00:00,88.13,0.07,88.2,73.0,0.00355,summer,weekday,mid_peak,157.0,68.8,on_peak,391.0,302.8
2026-08-21T23:00:00+00:00,90.03,0.7,90.73,13.0,0.000634,summer,weekday,off_peak,98.0,7.27,on_peak,391.0,300.27
2026-08-22T00:00:00+00:00,88.48,0.86,89.34,0.0,0.0,summer,weekday,off_peak,98.0,8.66,on_peak,391.0,301.66
2026-08-22T01:00:00+00:00,66.93,-0.02,66.91,0.0,0.0,summer,weekday,off_peak,98.0,31.09,mid_peak,157.0,90.09
2026-08-22T02:00:00+00:00,49.04,0.11,49.15,0.0,0.0,summer,weekday,off_peak,98.0,48.85,mid_peak,157.0,107.85
2026-08-22T03:00:00+00:00,43.95,0.4,44.35,0.0,0.0,summer,weekday,off_peak,98.0,53.65,ultra_low_overnight,39.0,-5.35
2026-08-22T04:00:00+00:00,43.64,0.16,43.8,0.0,0.0,summer,weekend_holiday,off_peak,98.0,54.2,ultra_low_overnight,39.0,-4.8
2026-08-22T05:00:00+00:00,40.66,0.17,40.83,0.0,0.0,summer,weekend_holiday,off_peak,98.0,57.17,ultra_low_overnight,39.0,-1.83
2026-08-22T06:00:00+00:00,38.62,0.14,38.76,0.0,0.0,summer,weekend_holiday,off_peak,98.0,59.24,ultra_low_overnight,39.0,0.24
2026-08-22T07:00:00+00:00,37.48,0.08,37.56,0.0,0.0,summer,weekend_holiday,off_peak,98.0,60.44,ultra_low_overnight,39.0,1.44
2026-08-22T08:00:00+00:00,35.78,0.03,35.81,0.0,0.0,summer,weekend_holiday,off_peak,98.0,62.19,ultra_low_overnight,39.0,3.19
2026-08-22T09:00:00+00:00,35.28,0.02,35.3,0.0,0.0,summer,weekend_holiday,off_peak,98.0,62.7,ultra_low_overnight,39.0,3.7
2026-08-22T10:00:00+00:00,33.19,0.01,33.2,1.0,5.8e-05,summer,weekend_holiday,off_peak,98.0,64.8,ultra_low_overnight,39.0,5.8
2026-08-22T11:00:00+00:00,32.23,-0.05,32.18,22.0,0.001305,summer,weekend_holiday,off_peak,98.0,65.82,weekend_off_peak,98.0,65.82
2026-08-22T12:00:00+00:00,37.13,0.28,37.41,76.0,0.004465,summer,weekend_holiday,off_peak,98.0,60.59,weekend_off_peak,98.0,60.59
2026-08-22T13:00:00+00:00,39.67,0.22,39.89,153.0,0.008842,summer,weekend_holiday,off_peak,98.0,58.11,weekend_off_peak,98.0,58.11
2026-08-22T14:00:00+00:00,44.96,0.45,45.41,249.0,0.014055,summer,weekend_holiday,off_peak,98.0,52.59,weekend_off_peak,98.0,52.59
2026-08-22T15:00:00+00:00,50.64,1.04,51.68,259.0,0.014574,summer,weekend_holiday,off_peak,98.0,46.32,weekend_off_peak,98.0,46.32
2026-08-22T16:00:00+00:00,52.92,0.93,53.85,254.0,0.014069,summer,weekend_holiday,off_peak,98.0,44.15,weekend_off_peak,98.0,44.15
2026-08-22T17:00:00+00:00,57.74,-0.74,57.0,264.0,0.013963,summer,weekend_holiday,off_peak,98.0,41.0,weekend_off_peak,98.0,41.0
2026-08-22T18:00:00+00:00,64.27,-0.5,63.77,210.0,0.010805,summer,weekend_holiday,off_peak,98.0,34.23,weekend_off_peak,98.0,34.23
2026-08-22T19:00:00+00:00,69.99,-0.1,69.89,189.0,0.009689,summer,weekend_holiday,off_peak,98.0,28.11,weekend_off_peak,98.0,28.11
2026-08-22T20:00:00+00:00,74.54,0.13,74.67,142.0,0.007236,summer,weekend_holiday,off_peak,98.0,23.33,weekend_off_peak,98.0,23.33
2026-08-22T21:00:00+00:00,83.92,1.04,84.96,102.0,0.005202,summer,weekend_holiday,off_peak,98.0,13.04,weekend_off_peak,98.0,13.04
2026-08-22T22:00:00+00:00,86.62,2.0,88.62,44.0,0.002251,summer,weekend_holiday,off_peak,98.0,9.38,weekend_off_peak,98.0,9.38
2026-08-22T23:00:00+00:00,86.89,1.09,87.98,10.0,0.000508,summer,weekend_holiday,off_peak,98.0,10.02,weekend_off_peak,98.0,10.02
2026-08-23T00:00:00+00:00,75.87,-0.08,75.79,0.0,0.0,summer,weekend_holiday,off_peak,98.0,22.21,weekend_off_peak,98.0,22.21
2026-08-23T01:00:00+00:00,65.84,-0.11,65.73,0.0,0.0,summer,weekend_holiday,off_peak,98.0,32.27,weekend_off_peak,98.0,32.27
2026-08-23T02:00:00+00:00,50.36,0.04,50.4,0.0,0.0,summer,weekend_holiday,off_peak,98.0,47.6,weekend_off_peak,98.0,47.6
2026-08-23T03:00:00+00:00,43.74,0.38,44.12,0.0,0.0,summer,weekend_holiday,off_peak,98.0,53.88,ultra_low_overnight,39.0,-5.12
2026-08-23T04:00:00+00:00,43.11,0.21,43.32,0.0,0.0,summer,weekend_holiday,off_peak,98.0,54.68,ultra_low_overnight,39.0,-4.32
2026-08-23T05:00:00+00:00,40.98,0.1,41.08,0.0,0.0,summer,weekend_holiday,off_peak,98.0,56.92,ultra_low_overnight,39.0,-2.08
2026-08-23T06:00:00+00:00,37.04,0.13,37.17,0.0,0.0,summer,weekend_holiday,off_peak,98.0,60.83,ultra_low_overnight,39.0,1.83
2026-08-23T07:00:00+00:00,34.33,0.07,34.4,0.0,0.0,summer,weekend_holiday,off_peak,98.0,63.6,ultra_low_overnight,39.0,4.6
2026-08-23T08:00:00+00:00,33.67,0.04,33.71,0.0,0.0,summer,weekend_holiday,off_peak,98.0,64.29,ultra_low_overnight,39.0,5.29
2026-08-23T09:00:00+00:00,32.38,-0.01,32.37,0.0,0.0,summer,weekend_holiday,off_peak,98.0,65.63,ultra_low_overnight,39.0,6.63
2026-08-23T10:00:00+00:00,32.62,0.23,32.85,0.0,0.0,summer,weekend_holiday,off_peak,98.0,65.15,ultra_low_overnight,39.0,6.15
2026-08-23T11:00:00+00:00,33.76,0.11,33.87,5.0,0.000298,summer,weekend_holiday,off_peak,98.0,64.13,weekend_off_peak,98.0,64.13
2026-08-23T12:00:00+00:00,35.04,0.08,35.12,49.0,0.002818,summer,weekend_holiday,off_peak,98.0,62.88,weekend_off_peak,98.0,62.88
2026-08-23T13:00:00+00:00,32.93,0.13,33.06,110.0,0.006183,summer,weekend_holiday,off_peak,98.0,64.94,weekend_off_peak,98.0,64.94
2026-08-23T14:00:00+00:00,34.24,0.37,34.61,144.0,0.008086,summer,weekend_holiday,off_peak,98.0,63.39,weekend_off_peak,98.0,63.39
2026-08-23T15:00:00+00:00,34.72,0.42,35.14,202.0,0.011214,summer,weekend_holiday,off_peak,98.0,62.86,weekend_off_peak,98.0,62.86
2026-08-23T16:00:00+00:00,36.82,0.63,37.45,204.0,0.011299,summer,weekend_holiday,off_peak,98.0,60.55,weekend_off_peak,98.0,60.55
2026-08-23T17:00:00+00:00,39.91,1.06,40.97,219.0,0.012358,summer,weekend_holiday,off_peak,98.0,57.03,weekend_off_peak,98.0,57.03
2026-08-23T18:00:00+00:00,34.79,1.08,35.87,222.0,0.012333,summer,weekend_holiday,off_peak,98.0,62.13,weekend_off_peak,98.0,62.13
2026-08-23T19:00:00+00:00,38.58,1.02,39.6,204.0,0.011092,summer,weekend_holiday,off_peak,98.0,58.4,weekend_off_peak,98.0,58.4
2026-08-23T20:00:00+00:00,37.99,1.03,39.02,202.0,0.010814,summer,weekend_holiday,off_peak,98.0,58.98,weekend_off_peak,98.0,58.98
2026-08-23T21:00:00+00:00,46.8,0.76,47.56,124.0,0.006475,summer,weekend_holiday,off_peak,98.0,50.44,weekend_off_peak,98.0,50.44
2026-08-23T22:00:00+00:00,48.49,0.73,49.22,52.0,0.002655,summer,weekend_holiday,off_peak,98.0,48.78,weekend_off_peak,98.0,48.78
2026-08-23T23:00:00+00:00,59.91,0.85,60.76,6.0,0.000306,summer,weekend_holiday,off_peak,98.0,37.24,weekend_off_peak,98.0,37.24
2026-08-24T00:00:00+00:00,57.11,0.62,57.73,0.0,0.0,summer,weekend_holiday,off_peak,98.0,40.27,weekend_off_peak,98.0,40.27
2026-08-24T01:00:00+00:00,59.49,0.8,60.29,0.0,0.0,summer,weekend_holiday,off_peak,98.0,37.71,weekend_off_peak,98.0,37.71
2026-08-24T02:00:00+00:00,47.8,0.43,48.23,0.0,0.0,summer,weekend_holiday,off_peak,98.0,49.77,weekend_off_peak,98.0,49.77
2026-08-24T03:00:00+00:00,40.9,0.6,41.5,0.0,0.0,summer,weekend_holiday,off_peak,98.0,56.5,ultra_low_overnight,39.0,-2.5
2026-08-24T04:00:00+00:00,40.86,0.24,41.1,0.0,0.0,summer,weekday,off_peak,98.0,56.9,ultra_low_overnight,39.0,-2.1
2026-08-24T05:00:00+00:00,31.97,0.03,32.0,0.0,0.0,summer,weekday,off_peak,98.0,66.0,ultra_low_overnight,39.0,7.0
2026-08-24T06:00:00+00:00,31.4,0.07,31.47,0.0,0.0,summer,weekday,off_peak,98.0,66.53,ultra_low_overnight,39.0,7.53
2026-08-24T07:00:00+00:00,31.39,0.1,31.49,0.0,0.0,summer,weekday,off_peak,98.0,66.51,ultra_low_overnight,39.0,7.51
2026-08-24T08:00:00+00:00,32.04,0.09,32.13,0.0,0.0,summer,weekday,off_peak,98.0,65.87,ultra_low_overnight,39.0,6.87
2026-08-24T09:00:00+00:00,32.21,0.15,32.36,0.0,0.0,summer,weekday,off_peak,98.0,65.64,ultra_low_overnight,39.0,6.64
2026-08-24T10:00:00+00:00,37.14,0.51,37.65,1.0,6e-05,summer,weekday,off_peak,98.0,60.35,ultra_low_overnight,39.0,1.35
2026-08-24T11:00:00+00:00,42.16,0.46,42.62,13.0,0.000757,summer,weekday,mid_peak,157.0,114.38,mid_peak,157.0,114.38
2026-08-24T12:00:00+00:00,42.01,0.18,42.19,51.0,0.002915,summer,weekday,mid_peak,157.0,114.81,mid_peak,157.0,114.81
2026-08-24T13:00:00+00:00,37.43,0.07,37.5,134.0,0.007447,summer,weekday,mid_peak,157.0,119.5,mid_peak,157.0,119.5
2026-08-24T14:00:00+00:00,38.38,0.14,38.52,188.0,0.010471,summer,weekday,mid_peak,157.0,118.48,mid_peak,157.0,118.48
2026-08-24T15:00:00+00:00,37.63,0.3,37.93,175.0,0.009689,summer,weekday,on_peak,203.0,165.07,mid_peak,157.0,119.07
2026-08-24T16:00:00+00:00,38.3,0.58,38.88,210.0,0.01145,summer,weekday,on_peak,203.0,164.12,mid_peak,157.0,118.12
2026-08-24T17:00:00+00:00,37.38,0.16,37.54,218.0,0.011754,summer,weekday,on_peak,203.0,165.46,mid_peak,157.0,119.46
2026-08-24T18:00:00+00:00,38.17,0.24,38.41,173.0,0.009208,summer,weekday,on_peak,203.0,164.59,mid_peak,157.0,118.59
2026-08-24T19:00:00+00:00,43.92,0.41,44.33,151.0,0.007923,summer,weekday,on_peak,203.0,158.67,mid_peak,157.0,112.67
2026-08-24T20:00:00+00:00,51.87,0.4,52.27,119.0,0.006101,summer,weekday,on_peak,203.0,150.73,on_peak,391.0,338.73
2026-08-24T21:00:00+00:00,70.73,0.67,71.4,85.0,0.004283,summer,weekday,mid_peak,157.0,85.6,on_peak,391.0,319.6
2026-08-24T22:00:00+00:00,74.13,0.57,74.7,36.0,0.001793,summer,weekday,mid_peak,157.0,82.3,on_peak,391.0,316.3
2026-08-24T23:00:00+00:00,84.74,0.68,85.42,9.0,0.000457,summer,weekday,off_peak,98.0,12.58,on_peak,391.0,305.58
2026-08-25T00:00:00+00:00,83.53,0.17,83.7,0.0,0.0,summer,weekday,off_peak,98.0,14.3,on_peak,391.0,307.3
2026-08-25T01:00:00+00:00,69.01,0.12,69.13,0.0,0.0,summer,weekday,off_peak,98.0,28.87,mid_peak,157.0,87.87
2026-08-25T02:00:00+00:00,49.51,0.11,49.62,0.0,0.0,summer,weekday,off_peak,98.0,48.38,mid_peak,157.0,107.38
2026-08-25T03:00:00+00:00,40.98,-0.06,40.92,0.0,0.0,summer,weekday,off_peak,98.0,57.08,ultra_low_overnight,39.0,-1.92
2026-08-25T04:00:00+00:00,41.51,-0.42,41.09,0.0,0.0,summer,weekday,off_peak,98.0,56.91,ultra_low_overnight,39.0,-2.09
2026-08-25T05:00:00+00:00,34.89,0.03,34.92,0.0,0.0,summer,weekday,off_peak,98.0,63.08,ultra_low_overnight,39.0,4.08
2026-08-25T06:00:00+00:00,33.54,0.06,33.6,0.0,0.0,summer,weekday,off_peak,98.0,64.4,ultra_low_overnight,39.0,5.4
2026-08-25T07:00:00+00:00,33.17,0.0,33.17,0.0,0.0,summer,weekday,off_peak,98.0,64.83,ultra_low_overnight,39.0,5.83
2026-08-25T08:00:00+00:00,33.29,-0.01,33.28,0.0,0.0,summer,weekday,off_peak,98.0,64.72,ultra_low_overnight,39.0,5.72
2026-08-25T09:00:00+00:00,35.59,-0.07,35.52,0.0,0.0,summer,weekday,off_peak,98.0,62.48,ultra_low_overnight,39.0,3.48
2026-08-25T10:00:00+00:00,37.3,0.03,37.33,0.0,0.0,summer,weekday,off_peak,98.0,60.67,ultra_low_overnight,39.0,1.67
2026-08-25T11:00:00+00:00,41.44,0.04,41.48,17.0,0.000957,summer,weekday,mid_peak,157.0,115.52,mid_peak,157.0,115.52
2026-08-25T12:00:00+00:00,41.46,0.16,41.62,78.0,0.004381,summer,weekday,mid_peak,157.0,115.38,mid_peak,157.0,115.38
2026-08-25T13:00:00+00:00,37.6,0.35,37.95,183.0,0.010115,summer,weekday,mid_peak,157.0,119.05,mid_peak,157.0,119.05
2026-08-25T14:00:00+00:00,37.64,0.08,37.72,256.0,0.014037,summer,weekday,mid_peak,157.0,119.28,mid_peak,157.0,119.28
2026-08-25T15:00:00+00:00,37.74,0.38,38.12,287.0,0.015431,summer,weekday,on_peak,203.0,164.88,mid_peak,157.0,118.88
2026-08-25T16:00:00+00:00,42.89,-0.04,42.85,331.0,0.017724,summer,weekday,on_peak,203.0,160.15,mid_peak,157.0,114.15
2026-08-25T17:00:00+00:00,47.48,0.02,47.5,322.0,0.017095,summer,weekday,on_peak,203.0,155.5,mid_peak,157.0,109.5
2026-08-25T18:00:00+00:00,47.97,-0.09,47.88,318.0,0.016663,summer,weekday,on_peak,203.0,155.12,mid_peak,157.0,109.12
2026-08-25T19:00:00+00:00,51.29,0.1,51.39,330.0,0.017138,summer,weekday,on_peak,203.0,151.61,mid_peak,157.0,105.61
2026-08-25T20:00:00+00:00,62.59,0.38,62.97,251.0,0.012755,summer,weekday,on_peak,203.0,140.03,on_peak,391.0,328.03
2026-08-25T21:00:00+00:00,84.6,0.85,85.45,182.0,0.008975,summer,weekday,mid_peak,157.0,71.55,on_peak,391.0,305.55
2026-08-25T22:00:00+00:00,89.7,0.88,90.58,74.0,0.003609,summer,weekday,mid_peak,157.0,66.42,on_peak,391.0,300.42
2026-08-25T23:00:00+00:00,100.63,1.08,101.71,14.0,0.000682,summer,weekday,off_peak,98.0,-3.71,on_peak,391.0,289.29
2026-08-26T00:00:00+00:00,89.96,0.7,90.66,0.0,0.0,summer,weekday,off_peak,98.0,7.34,on_peak,391.0,300.34
2026-08-26T01:00:00+00:00,75.06,0.2,75.26,0.0,0.0,summer,weekday,off_peak,98.0,22.74,mid_peak,157.0,81.74
2026-08-26T02:00:00+00:00,51.46,0.22,51.68,0.0,0.0,summer,weekday,off_peak,98.0,46.32,mid_peak,157.0,105.32
2026-08-26T03:00:00+00:00,48.04,0.22,48.26,0.0,0.0,summer,weekday,off_peak,98.0,49.74,ultra_low_overnight,39.0,-9.26
2026-08-26T04:00:00+00:00,43.11,-0.05,43.06,0.0,0.0,summer,weekday,off_peak,98.0,54.94,ultra_low_overnight,39.0,-4.06
2026-08-26T05:00:00+00:00,37.03,0.27,37.3,0.0,0.0,summer,weekday,off_peak,98.0,60.7,ultra_low_overnight,39.0,1.7
2026-08-26T06:00:00+00:00,32.8,0.07,32.87,0.0,0.0,summer,weekday,off_peak,98.0,65.13,ultra_low_overnight,39.0,6.13
2026-08-26T07:00:00+00:00,32.03,0.2,32.23,0.0,0.0,summer,weekday,off_peak,98.0,65.77,ultra_low_overnight,39.0,6.77
2026-08-26T08:00:00+00:00,31.75,0.24,31.99,0.0,0.0,summer,weekday,off_peak,98.0,66.01,ultra_low_overnight,39.0,7.01
2026-08-26T09:00:00+00:00,32.4,0.15,32.55,0.0,0.0,summer,weekday,off_peak,98.0,65.45,ultra_low_overnight,39.0,6.45
2026-08-26T10:00:00+00:00,33.85,0.19,34.04,2.0,0.000115,summer,weekday,off_peak,98.0,63.96,ultra_low_overnight,39.0,4.96
2026-08-26T11:00:00+00:00,36.25,0.16,36.41,31.0,0.001753,summer,weekday,mid_peak,157.0,120.59,mid_peak,157.0,120.59
2026-08-26T12:00:00+00:00,35.93,0.14,36.07,118.0,0.006562,summer,weekday,mid_peak,157.0,120.93,mid_peak,157.0,120.93
2026-08-26T13:00:00+00:00,37.26,-0.08,37.18,234.0,0.012527,summer,weekday,mid_peak,157.0,119.82,mid_peak,157.0,119.82
2026-08-26T14:00:00+00:00,39.11,-0.14,38.97,315.0,0.016369,summer,weekday,mid_peak,157.0,118.03,mid_peak,157.0,118.03
2026-08-26T15:00:00+00:00,37.1,-0.12,36.98,321.0,0.016232,summer,weekday,on_peak,203.0,166.02,mid_peak,157.0,120.02
2026-08-26T16:00:00+00:00,41.61,0.1,41.71,337.0,0.016965,summer,weekday,on_peak,203.0,161.29,mid_peak,157.0,115.29
2026-08-26T17:00:00+00:00,43.31,0.14,43.45,295.0,0.014579,summer,weekday,on_peak,203.0,159.55,mid_peak,157.0,113.55
2026-08-26T18:00:00+00:00,47.3,0.27,47.57,285.0,0.014026,summer,weekday,on_peak,203.0,155.43,mid_peak,157.0,109.43
2026-08-26T19:00:00+00:00,53.41,0.29,53.7,248.0,0.012106,summer,weekday,on_peak,203.0,149.3,mid_peak,157.0,103.3
2026-08-26T20:00:00+00:00,68.52,0.94,69.46,203.0,0.009853,summer,weekday,on_peak,203.0,133.54,on_peak,391.0,321.54
2026-08-26T21:00:00+00:00,86.68,0.87,87.55,157.0,0.007449,summer,weekday,mid_peak,157.0,69.45,on_peak,391.0,303.45
2026-08-26T22:00:00+00:00,87.61,0.28,87.89,65.0,0.003012,summer,weekday,mid_peak,157.0,69.11,on_peak,391.0,303.11
2026-08-26T23:00:00+00:00,91.56,0.84,92.4,9.0,0.000424,summer,weekday,off_peak,98.0,5.6,on_peak,391.0,298.6
2026-08-27T00:00:00+00:00,88.4,0.41,88.81,0.0,0.0,summer,weekday,off_peak,98.0,9.19,on_peak,391.0,302.19
2026-08-27T01:00:00+00:00,61.62,0.47,62.09,0.0,0.0,summer,weekday,off_peak,98.0,35.91,mid_peak,157.0,94.91
2026-08-27T02:00:00+00:00,48.51,0.35,48.86,0.0,0.0,summer,weekday,off_peak,98.0,49.14,mid_peak,157.0,108.14
2026-08-27T03:00:00+00:00,40.41,0.25,40.66,0.0,0.0,summer,weekday,off_peak,98.0,57.34,ultra_low_overnight,39.0,-1.66
2026-08-27T04:00:00+00:00,40.52,0.16,40.68,0.0,0.0,summer,weekday,off_peak,98.0,57.32,ultra_low_overnight,39.0,-1.68
2026-08-27T05:00:00+00:00,35.91,0.11,36.02,0.0,0.0,summer,weekday,off_peak,98.0,61.98,ultra_low_overnight,39.0,2.98
2026-08-27T06:00:00+00:00,32.48,0.12,32.6,0.0,0.0,summer,weekday,off_peak,98.0,65.4,ultra_low_overnight,39.0,6.4
2026-08-27T07:00:00+00:00,31.79,0.09,31.88,0.0,0.0,summer,weekday,off_peak,98.0,66.12,ultra_low_overnight,39.0,7.12
2026-08-27T08:00:00+00:00,31.51,0.09,31.6,0.0,0.0,summer,weekday,off_peak,98.0,66.4,ultra_low_overnight,39.0,7.4
2026-08-27T09:00:00+00:00,31.91,0.08,31.99,0.0,0.0,summer,weekday,off_peak,98.0,66.01,ultra_low_overnight,39.0,7.01
2026-08-27T10:00:00+00:00,33.93,0.08,34.01,1.0,5.4e-05,summer,weekday,off_peak,98.0,63.99,ultra_low_overnight,39.0,4.99
2026-08-27T11:00:00+00:00,39.64,0.27,39.91,17.0,0.000905,summer,weekday,mid_peak,157.0,117.09,mid_peak,157.0,117.09
2026-08-27T12:00:00+00:00,43.44,0.44,43.88,70.0,0.003663,summer,weekday,mid_peak,157.0,113.12,mid_peak,157.0,113.12
2026-08-27T13:00:00+00:00,46.22,0.06,46.28,131.0,0.006838,summer,weekday,mid_peak,157.0,110.72,mid_peak,157.0,110.72
2026-08-27T14:00:00+00:00,47.49,0.2,47.69,189.0,0.009803,summer,weekday,mid_peak,157.0,109.31,mid_peak,157.0,109.31
2026-08-27T15:00:00+00:00,50.07,0.31,50.38,242.0,0.012415,summer,weekday,on_peak,203.0,152.62,mid_peak,157.0,106.62
2026-08-27T16:00:00+00:00,54.05,0.19,54.24,262.0,0.013149,summer,weekday,on_peak,203.0,148.76,mid_peak,157.0,102.76
2026-08-27T17:00:00+00:00,59.94,-0.01,59.93,269.0,0.013501,summer,weekday,on_peak,203.0,143.07,mid_peak,157.0,97.07
2026-08-27T18:00:00+00:00,60.83,-0.01,60.82,273.0,0.013516,summer,weekday,on_peak,203.0,142.18,mid_peak,157.0,96.18
2026-08-27T19:00:00+00:00,66.73,0.09,66.82,275.0,0.013478,summer,weekday,on_peak,203.0,136.18,mid_peak,157.0,90.18
2026-08-27T20:00:00+00:00,77.02,0.11,77.13,222.0,0.010711,summer,weekday,on_peak,203.0,125.87,on_peak,391.0,313.87
2026-08-27T21:00:00+00:00,85.24,0.36,85.6,150.0,0.007171,summer,weekday,mid_peak,157.0,71.4,on_peak,391.0,305.4
2026-08-27T22:00:00+00:00,89.31,0.29,89.6,71.0,0.003401,summer,weekday,mid_peak,157.0,67.4,on_peak,391.0,301.4
2026-08-27T23:00:00+00:00,121.06,0.55,121.61,11.0,0.000527,summer,weekday,off_peak,98.0,-23.61,on_peak,391.0,269.39
2026-08-28T00:00:00+00:00,99.63,0.7,100.33,0.0,0.0,summer,weekday,off_peak,98.0,-2.33,on_peak,391.0,290.67
2026-08-28T01:00:00+00:00,76.2,0.59,76.79,0.0,0.0,summer,weekday,off_peak,98.0,21.21,mid_peak,157.0,80.21
2026-08-28T02:00:00+00:00,68.17,0.74,68.91,0.0,0.0,summer,weekday,off_peak,98.0,29.09,mid_peak,157.0,88.09
2026-08-28T03:00:00+00:00,47.94,0.44,48.38,0.0,0.0,summer,weekday,off_peak,98.0,49.62,ultra_low_overnight,39.0,-9.38
2026-08-28T04:00:00+00:00,39.84,0.19,40.03,0.0,0.0,summer,weekday,off_peak,98.0,57.97,ultra_low_overnight,39.0,-1.03
2026-08-28T05:00:00+00:00,35.88,0.05,35.93,0.0,0.0,summer,weekday,off_peak,98.0,62.07,ultra_low_overnight,39.0,3.07
2026-08-28T06:00:00+00:00,34.86,0.06,34.92,0.0,0.0,summer,weekday,off_peak,98.0,63.08,ultra_low_overnight,39.0,4.08
2026-08-28T07:00:00+00:00,32.94,0.07,33.01,0.0,0.0,summer,weekday,off_peak,98.0,64.99,ultra_low_overnight,39.0,5.99
2026-08-28T08:00:00+00:00,33.06,0.07,33.13,0.0,0.0,summer,weekday,off_peak,98.0,64.87,ultra_low_overnight,39.0,5.87
2026-08-28T09:00:00+00:00,36.72,0.09,36.81,0.0,0.0,summer,weekday,off_peak,98.0,61.19,ultra_low_overnight,39.0,2.19
2026-08-28T10:00:00+00:00,36.49,0.07,36.56,0.0,0.0,summer,weekday,off_peak,98.0,61.44,ultra_low_overnight,39.0,2.44
2026-08-28T11:00:00+00:00,46.41,0.28,46.69,21.0,0.001168,summer,weekday,mid_peak,157.0,110.31,mid_peak,157.0,110.31
2026-08-28T12:00:00+00:00,45.97,0.21,46.18,105.0,0.005794,summer,weekday,mid_peak,157.0,110.82,mid_peak,157.0,110.82
2026-08-28T13:00:00+00:00,46.32,0.47,46.79,209.0,0.011457,summer,weekday,mid_peak,157.0,110.21,mid_peak,157.0,110.21
2026-08-28T14:00:00+00:00,47.3,0.34,47.64,307.0,0.016543,summer,weekday,mid_peak,157.0,109.36,mid_peak,157.0,109.36
2026-08-28T15:00:00+00:00,46.13,0.27,46.4,355.0,0.018972,summer,weekday,on_peak,203.0,156.6,mid_peak,157.0,110.6
2026-08-28T16:00:00+00:00,50.55,0.29,50.84,361.0,0.01888,summer,weekday,on_peak,203.0,152.16,mid_peak,157.0,106.16
2026-08-28T17:00:00+00:00,55.24,0.49,55.73,292.0,0.015133,summer,weekday,on_peak,203.0,147.27,mid_peak,157.0,101.27
2026-08-28T18:00:00+00:00,54.74,0.52,55.26,286.0,0.014602,summer,weekday,on_peak,203.0,147.74,mid_peak,157.0,101.74
2026-08-28T19:00:00+00:00,50.27,0.33,50.6,283.0,0.014234,summer,weekday,on_peak,203.0,152.4,mid_peak,157.0,106.4
2026-08-28T20:00:00+00:00,53.63,0.14,53.77,239.0,0.011965,summer,weekday,on_peak,203.0,149.23,on_peak,391.0,337.23
2026-08-28T21:00:00+00:00,64.84,0.41,65.25,155.0,0.007558,summer,weekday,mid_peak,157.0,91.75,on_peak,391.0,325.75
2026-08-28T22:00:00+00:00,73.27,0.07,73.34,67.0,0.003168,summer,weekday,mid_peak,157.0,83.66,on_peak,391.0,317.66
2026-08-28T23:00:00+00:00,87.27,1.08,88.35,10.0,0.000481,summer,weekday,off_peak,98.0,9.65,on_peak,391.0,302.65
2026-08-29T00:00:00+00:00,79.74,1.01,80.75,0.0,0.0,summer,weekday,off_peak,98.0,17.25,on_peak,391.0,310.25
2026-08-29T01:00:00+00:00,52.93,0.68,53.61,0.0,0.0,summer,weekday,off_peak,98.0,44.39,mid_peak,157.0,103.39
2026-08-29T02:00:00+00:00,48.51,0.51,49.02,0.0,0.0,summer,weekday,off_peak,98.0,48.98,mid_peak,157.0,107.98
2026-08-29T03:00:00+00:00,39.33,0.48,39.81,0.0,0.0,summer,weekday,off_peak,98.0,58.19,ultra_low_overnight,39.0,-0.81
2026-08-29T04:00:00+00:00,38.31,0.49,38.8,0.0,0.0,summer,weekend_holiday,off_peak,98.0,59.2,ultra_low_overnight,39.0,0.2
2026-08-29T05:00:00+00:00,38.46,0.43,38.89,0.0,0.0,summer,weekend_holiday,off_peak,98.0,59.11,ultra_low_overnight,39.0,0.11
2026-08-29T06:00:00+00:00,32.86,0.33,33.19,0.0,0.0,summer,weekend_holiday,off_peak,98.0,64.81,ultra_low_overnight,39.0,5.81
2026-08-29T07:00:00+00:00,27.8,0.42,28.22,0.0,0.0,summer,weekend_holiday,off_peak,98.0,69.78,ultra_low_overnight,39.0,10.78
2026-08-29T08:00:00+00:00,27.98,0.61,28.59,0.0,0.0,summer,weekend_holiday,off_peak,98.0,69.41,ultra_low_overnight,39.0,10.41
2026-08-29T09:00:00+00:00,32.9,1.07,33.97,0.0,0.0,summer,weekend_holiday,off_peak,98.0,64.03,ultra_low_overnight,39.0,5.03
2026-08-29T10:00:00+00:00,31.91,0.7,32.61,0.0,0.0,summer,weekend_holiday,off_peak,98.0,65.39,ultra_low_overnight,39.0,6.39
2026-08-29T11:00:00+00:00,32.55,-0.24,32.31,21.0,0.001308,summer,weekend_holiday,off_peak,98.0,65.69,weekend_off_peak,98.0,65.69
2026-08-29T12:00:00+00:00,31.63,0.88,32.51,97.0,0.006015,summer,weekend_holiday,off_peak,98.0,65.49,weekend_off_peak,98.0,65.49
2026-08-29T13:00:00+00:00,32.06,0.57,32.63,196.0,0.011941,summer,weekend_holiday,off_peak,98.0,65.37,weekend_off_peak,98.0,65.37
2026-08-29T14:00:00+00:00,34.61,1.78,36.39,277.0,0.016414,summer,weekend_holiday,off_peak,98.0,61.61,weekend_off_peak,98.0,61.61
2026-08-29T15:00:00+00:00,32.55,1.48,34.03,340.0,0.019455,summer,weekend_holiday,off_peak,98.0,63.97,weekend_off_peak,98.0,63.97
2026-08-29T16:00:00+00:00,34.66,1.03,35.69,362.0,0.02031,summer,weekend_holiday,off_peak,98.0,62.31,weekend_off_peak,98.0,62.31
2026-08-29T17:00:00+00:00,34.73,0.24,34.97,351.0,0.018929,summer,weekend_holiday,off_peak,98.0,63.03,weekend_off_peak,98.0,63.03
2026-08-29T18:00:00+00:00,36.75,0.28,37.03,345.0,0.018086,summer,weekend_holiday,off_peak,98.0,60.97,weekend_off_peak,98.0,60.97
2026-08-29T19:00:00+00:00,39.01,0.28,39.29,323.0,0.016752,summer,weekend_holiday,off_peak,98.0,58.71,weekend_off_peak,98.0,58.71
2026-08-29T20:00:00+00:00,42.98,-0.02,42.96,235.0,0.011591,summer,weekend_holiday,off_peak,98.0,55.04,weekend_off_peak,98.0,55.04
2026-08-29T21:00:00+00:00,58.68,0.65,59.33,139.0,0.006851,summer,weekend_holiday,off_peak,98.0,38.67,weekend_off_peak,98.0,38.67
2026-08-29T22:00:00+00:00,63.8,1.32,65.12,54.0,0.002676,summer,weekend_holiday,off_peak,98.0,32.88,weekend_off_peak,98.0,32.88
2026-08-29T23:00:00+00:00,70.28,1.47,71.75,5.0,0.000246,summer,weekend_holiday,off_peak,98.0,26.25,weekend_off_peak,98.0,26.25
2026-08-30T00:00:00+00:00,52.0,0.2,52.2,0.0,0.0,summer,weekend_holiday,off_peak,98.0,45.8,weekend_off_peak,98.0,45.8
2026-08-30T01:00:00+00:00,46.25,-0.11,46.14,0.0,0.0,summer,weekend_holiday,off_peak,98.0,51.86,weekend_off_peak,98.0,51.86
2026-08-30T02:00:00+00:00,41.45,0.25,41.7,0.0,0.0,summer,weekend_holiday,off_peak,98.0,56.3,weekend_off_peak,98.0,56.3
2026-08-30T03:00:00+00:00,38.4,0.38,38.78,0.0,0.0,summer,weekend_holiday,off_peak,98.0,59.22,ultra_low_overnight,39.0,0.22
2026-08-30T04:00:00+00:00,41.81,-0.16,41.65,0.0,0.0,summer,weekend_holiday,off_peak,98.0,56.35,ultra_low_overnight,39.0,-2.65
2026-08-30T05:00:00+00:00,36.31,0.33,36.64,0.0,0.0,summer,weekend_holiday,off_peak,98.0,61.36,ultra_low_overnight,39.0,2.36
2026-08-30T06:00:00+00:00,33.4,0.09,33.49,0.0,0.0,summer,weekend_holiday,off_peak,98.0,64.51,ultra_low_overnight,39.0,5.51
2026-08-30T07:00:00+00:00,33.37,0.24,33.61,0.0,0.0,summer,weekend_holiday,off_peak,98.0,64.39,ultra_low_overnight,39.0,5.39
2026-08-30T08:00:00+00:00,33.39,0.11,33.5,0.0,0.0,summer,weekend_holiday,off_peak,98.0,64.5,ultra_low_overnight,39.0,5.5
2026-08-30T09:00:00+00:00,33.38,0.02,33.4,0.0,0.0,summer,weekend_holiday,off_peak,98.0,64.6,ultra_low_overnight,39.0,5.6
2026-08-30T10:00:00+00:00,34.64,-0.03,34.61,0.0,0.0,summer,weekend_holiday,off_peak,98.0,63.39,ultra_low_overnight,39.0,4.39
2026-08-30T11:00:00+00:00,33.32,0.05,33.37,3.0,0.00019,summer,weekend_holiday,off_peak,98.0,64.63,weekend_off_peak,98.0,64.63
2026-08-30T12:00:00+00:00,34.91,0.03,34.94,22.0,0.001352,summer,weekend_holiday,off_peak,98.0,63.06,weekend_off_peak,98.0,63.06
2026-08-30T13:00:00+00:00,34.88,0.06,34.94,59.0,0.003463,summer,weekend_holiday,off_peak,98.0,63.06,weekend_off_peak,98.0,63.06
2026-08-30T14:00:00+00:00,35.61,0.0,35.61,92.0,0.005247,summer,weekend_holiday,off_peak,98.0,62.39,weekend_off_peak,98.0,62.39
2026-08-30T15:00:00+00:00,40.97,0.06,41.03,119.0,0.006645,summer,weekend_holiday,off_peak,98.0,56.97,weekend_off_peak,98.0,56.97
2026-08-30T16:00:00+00:00,38.29,-0.01,38.28,135.0,0.007367,summer,weekend_holiday,off_peak,98.0,59.72,weekend_off_peak,98.0,59.72
2026-08-30T17:00:00+00:00,40.67,0.15,40.82,125.0,0.006793,summer,weekend_holiday,off_peak,98.0,57.18,weekend_off_peak,98.0,57.18
2026-08-30T18:00:00+00:00,45.14,0.34,45.48,123.0,0.006588,summer,weekend_holiday,off_peak,98.0,52.52,weekend_off_peak,98.0,52.52
2026-08-30T19:00:00+00:00,46.42,-0.21,46.21,114.0,0.006005,summer,weekend_holiday,off_peak,98.0,51.79,weekend_off_peak,98.0,51.79
2026-08-30T20:00:00+00:00,51.11,0.06,51.17,71.0,0.003691,summer,weekend_holiday,off_peak,98.0,46.83,weekend_off_peak,98.0,46.83
2026-08-30T21:00:00+00:00,69.83,1.42,71.25,57.0,0.002907,summer,weekend_holiday,off_peak,98.0,26.75,weekend_off_peak,98.0,26.75
2026-08-30T22:00:00+00:00,68.98,0.89,69.87,28.0,0.001425,summer,weekend_holiday,off_peak,98.0,28.13,weekend_off_peak,98.0,28.13
2026-08-30T23:00:00+00:00,77.82,0.43,78.25,3.0,0.00015,summer,weekend_holiday,off_peak,98.0,19.75,weekend_off_peak,98.0,19.75
2026-08-31T00:00:00+00:00,70.45,0.16,70.61,0.0,0.0,summer,weekend_holiday,off_peak,98.0,27.39,weekend_off_peak,98.0,27.39
2026-08-31T01:00:00+00:00,56.02,0.94,56.96,0.0,0.0,summer,weekend_holiday,off_peak,98.0,41.04,weekend_off_peak,98.0,41.04
2026-08-31T02:00:00+00:00,49.87,0.62,50.49,0.0,0.0,summer,weekend_holiday,off_peak,98.0,47.51,weekend_off_peak,98.0,47.51
2026-08-31T03:00:00+00:00,39.9,0.49,40.39,0.0,0.0,summer,weekend_holiday,off_peak,98.0,57.61,ultra_low_overnight,39.0,-1.39
2026-08-31T04:00:00+00:00,42.14,0.28,42.42,0.0,0.0,summer,weekday,off_peak,98.0,55.58,ultra_low_overnight,39.0,-3.42
2026-08-31T05:00:00+00:00,36.01,0.13,36.14,0.0,0.0,summer,weekday,off_peak,98.0,61.86,ultra_low_overnight,39.0,2.86
2026-08-31T06:00:00+00:00,34.06,0.34,34.4,0.0,0.0,summer,weekday,off_peak,98.0,63.6,ultra_low_overnight,39.0,4.6
2026-08-31T07:00:00+00:00,34.18,0.3,34.48,0.0,0.0,summer,weekday,off_peak,98.0,63.52,ultra_low_overnight,39.0,4.52
2026-08-31T08:00:00+00:00,32.89,0.28,33.17,0.0,0.0,summer,weekday,off_peak,98.0,64.83,ultra_low_overnight,39.0,5.83
2026-08-31T09:00:00+00:00,33.69,0.16,33.85,0.0,0.0,summer,weekday,off_peak,98.0,64.15,ultra_low_overnight,39.0,5.15
2026-08-31T10:00:00+00:00,36.12,-0.1,36.02,0.0,0.0,summer,weekday,off_peak,98.0,61.98,ultra_low_overnight,39.0,2.98
2026-08-31T11:00:00+00:00,41.68,-0.26,41.42,16.0,0.000876,summer,weekday,mid_peak,157.0,115.58,mid_peak,157.0,115.58
2026-08-31T12:00:00+00:00,47.46,-0.06,47.4,38.0,0.002002,summer,weekday,mid_peak,157.0,109.6,mid_peak,157.0,109.6
2026-08-31T13:00:00+00:00,44.81,0.1,44.91,78.0,0.0041,summer,weekday,mid_peak,157.0,112.09,mid_peak,157.0,112.09
2026-08-31T14:00:00+00:00,51.11,0.1,51.21,102.0,0.005278,summer,weekday,mid_peak,157.0,105.79,mid_peak,157.0,105.79
2026-08-31T15:00:00+00:00,54.63,-0.11,54.52,151.0,0.007817,summer,weekday,on_peak,203.0,148.48,mid_peak,157.0,102.48
2026-08-31T16:00:00+00:00,64.57,0.28,64.85,135.0,0.007039,summer,weekday,on_peak,203.0,138.15,mid_peak,157.0,92.15
2026-08-31T17:00:00+00:00,68.6,-0.14,68.46,154.0,0.007926,summer,weekday,on_peak,203.0,134.54,mid_peak,157.0,88.54
2026-08-31T18:00:00+00:00,73.18,0.61,73.79,164.0,0.008485,summer,weekday,on_peak,203.0,129.21,mid_peak,157.0,83.21
2026-08-31T19:00:00+00:00,82.84,2.55,85.39,129.0,0.006759,summer,weekday,on_peak,203.0,117.61,mid_peak,157.0,71.61
2026-08-31T20:00:00+00:00,90.0,2.72,92.72,122.0,0.006275,summer,weekday,on_peak,203.0,110.28,on_peak,391.0,298.28
2026-08-31T21:00:00+00:00,103.51,3.22,106.73,73.0,0.003612,summer,weekday,mid_peak,157.0,50.27,on_peak,391.0,284.27
2026-08-31T22:00:00+00:00,119.75,3.73,123.48,29.0,0.001425,summer,weekday,mid_peak,157.0,33.52,on_peak,391.0,267.52
2026-08-31T23:00:00+00:00,89.46,0.9,90.36,2.0,9.5e-05,summer,weekday,off_peak,98.0,7.64,on_peak,391.0,300.64
2026-09-01T00:00:00+00:00,83.32,0.75,84.07,0.0,0.0,summer,weekday,off_peak,98.0,13.93,on_peak,391.0,306.93
2026-09-01T01:00:00+00:00,80.13,1.02,81.15,0.0,0.0,summer,weekday,off_peak,98.0,16.85,mid_peak,157.0,75.85
2026-09-01T02:00:00+00:00,57.77,0.21,57.98,0.0,0.0,summer,weekday,off_peak,98.0,40.02,mid_peak,157.0,99.02
2026-09-01T03:00:00+00:00,44.24,0.03,44.27,0.0,0.0,summer,weekday,off_peak,98.0,53.73,ultra_low_overnight,39.0,-5.27
2026-09-01T04:00:00+00:00,41.0,-0.23,40.77,0.0,0.0,summer,weekday,off_peak,98.0,57.23,ultra_low_overnight,39.0,-1.77
2026-09-01T05:00:00+00:00,42.56,0.32,42.88,0.0,0.0,summer,weekday,off_peak,98.0,55.12,ultra_low_overnight,39.0,-3.88
2026-09-01T06:00:00+00:00,41.55,0.48,42.03,0.0,0.0,summer,weekday,off_peak,98.0,55.97,ultra_low_overnight,39.0,-3.03
2026-09-01T07:00:00+00:00,37.9,0.19,38.09,0.0,0.0,summer,weekday,off_peak,98.0,59.91,ultra_low_overnight,39.0,0.91
2026-09-01T08:00:00+00:00,37.93,0.22,38.15,0.0,0.0,summer,weekday,off_peak,98.0,59.85,ultra_low_overnight,39.0,0.85
2026-09-01T09:00:00+00:00,43.19,0.27,43.46,0.0,0.0,summer,weekday,off_peak,98.0,54.54,ultra_low_overnight,39.0,-4.46
2026-09-01T10:00:00+00:00,49.22,0.31,49.53,0.0,0.0,summer,weekday,off_peak,98.0,48.47,ultra_low_overnight,39.0,-10.53
2026-09-01T11:00:00+00:00,62.93,1.81,64.74,4.0,0.000219,summer,weekday,mid_peak,157.0,92.26,mid_peak,157.0,92.26
2026-09-01T12:00:00+00:00,62.99,0.46,63.45,71.0,0.003771,summer,weekday,mid_peak,157.0,93.55,mid_peak,157.0,93.55
2026-09-01T13:00:00+00:00,70.61,0.24,70.85,126.0,0.006522,summer,weekday,mid_peak,157.0,86.15,mid_peak,157.0,86.15
2026-09-01T14:00:00+00:00,74.11,0.56,74.67,168.0,0.008485,summer,weekday,mid_peak,157.0,82.33,mid_peak,157.0,82.33
2026-09-01T15:00:00+00:00,82.04,0.17,82.21,195.0,0.009686,summer,weekday,on_peak,203.0,120.79,mid_peak,157.0,74.79
2026-09-01T16:00:00+00:00,90.73,0.34,91.07,231.0,0.011484,summer,weekday,on_peak,203.0,111.93,mid_peak,157.0,65.93
2026-09-01T17:00:00+00:00,111.46,0.18,111.64,254.0,0.012444,summer,weekday,on_peak,203.0,91.36,mid_peak,157.0,45.36
2026-09-01T18:00:00+00:00,115.44,1.44,116.88,218.0,0.010634,summer,weekday,on_peak,203.0,86.12,mid_peak,157.0,40.12
2026-09-01T19:00:00+00:00,134.39,2.31,136.7,213.0,0.010457,summer,weekday,on_peak,203.0,66.3,mid_peak,157.0,20.3
2026-09-01T20:00:00+00:00,150.75,2.2,152.95,192.0,0.008964,summer,weekday,on_peak,203.0,50.05,on_peak,391.0,238.05
2026-09-01T21:00:00+00:00,207.07,0.29,207.36,116.0,0.005272,summer,weekday,mid_peak,157.0,-50.36,on_peak,391.0,183.64
2026-09-01T22:00:00+00:00,220.98,-2.61,218.37,63.0,0.002874,summer,weekday,mid_peak,157.0,-61.37,on_peak,391.0,172.63
2026-09-01T23:00:00+00:00,184.57,-1.45,183.12,16.0,0.000734,summer,weekday,off_peak,98.0,-85.12,on_peak,391.0,207.88
2026-09-02T00:00:00+00:00,163.36,1.25,164.61,9.0,0.000408,summer,weekday,off_peak,98.0,-66.61,on_peak,391.0,226.39
2026-09-02T01:00:00+00:00,121.11,0.95,122.06,9.0,0.000425,summer,weekday,off_peak,98.0,-24.06,mid_peak,157.0,34.94
2026-09-02T02:00:00+00:00,97.96,0.6,98.56,9.0,0.000441,summer,weekday,off_peak,98.0,-0.56,mid_peak,157.0,58.44
2026-09-02T03:00:00+00:00,77.52,0.38,77.9,9.0,0.00046,summer,weekday,off_peak,98.0,20.1,ultra_low_overnight,39.0,-38.9
2026-09-02T04:00:00+00:00,57.84,0.22,58.06,9.0,0.000476,summer,weekday,off_peak,98.0,39.94,ultra_low_overnight,39.0,-19.06
2026-09-02T05:00:00+00:00,45.35,-0.02,45.33,9.0,0.000503,summer,weekday,off_peak,98.0,52.67,ultra_low_overnight,39.0,-6.33
2026-09-02T06:00:00+00:00,42.87,0.12,42.99,9.0,0.000514,summer,weekday,off_peak,98.0,55.01,ultra_low_overnight,39.0,-3.99
2026-09-02T07:00:00+00:00,38.5,0.04,38.54,9.0,0.000515,summer,weekday,off_peak,98.0,59.46,ultra_low_overnight,39.0,0.46
2026-09-02T08:00:00+00:00,38.32,0.01,38.33,1.0,5.7e-05,summer,weekday,off_peak,98.0,59.67,ultra_low_overnight,39.0,0.67
2026-09-02T09:00:00+00:00,37.41,0.03,37.44,0.0,0.0,summer,weekday,off_peak,98.0,60.56,ultra_low_overnight,39.0,1.56
2026-09-02T10:00:00+00:00,48.58,0.22,48.8,11.0,0.000586,summer,weekday,off_peak,98.0,49.2,ultra_low_overnight,39.0,-9.8
2026-09-02T11:00:00+00:00,58.11,0.68,58.79,1.0,5.2e-05,summer,weekday,mid_peak,157.0,98.21,mid_peak,157.0,98.21
2026-09-02T12:00:00+00:00,60.78,0.48,61.26,23.0,0.001197,summer,weekday,mid_peak,157.0,95.74,mid_peak,157.0,95.74
2026-09-02T13:00:00+00:00,65.81,0.23,66.04,74.0,0.003815,summer,weekday,mid_peak,157.0,90.96,mid_peak,157.0,90.96
2026-09-02T14:00:00+00:00,78.26,0.91,79.17,116.0,0.005977,summer,weekday,mid_peak,157.0,77.83,mid_peak,157.0,77.83
2026-09-02T15:00:00+00:00,84.15,1.99,86.14,254.0,0.012876,summer,weekday,on_peak,203.0,116.86,mid_peak,157.0,70.86
2026-09-02T16:00:00+00:00,87.78,1.65,89.43,300.0,0.015058,summer,weekday,on_peak,203.0,113.57,mid_peak,157.0,67.57
2026-09-02T17:00:00+00:00,98.91,0.43,99.34,320.0,0.015512,summer,weekday,on_peak,203.0,103.66,mid_peak,157.0,57.66
2026-09-02T18:00:00+00:00,102.64,0.36,103.0,255.0,0.012133,summer,weekday,on_peak,203.0,100.0,mid_peak,157.0,54.0
2026-09-02T19:00:00+00:00,112.68,1.27,113.95,121.0,0.00581,summer,weekday,on_peak,203.0,89.05,mid_peak,157.0,43.05
2026-09-02T20:00:00+00:00,126.13,2.36,128.49,119.0,0.00561,summer,weekday,on_peak,203.0,74.51,on_peak,391.0,262.51
2026-09-02T21:00:00+00:00,114.12,4.1,118.22,58.0,0.002764,summer,weekday,mid_peak,157.0,38.78,on_peak,391.0,272.78
2026-09-02T22:00:00+00:00,117.17,5.02,122.19,12.0,0.000575,summer,weekday,mid_peak,157.0,34.81,on_peak,391.0,268.81
2026-09-02T23:00:00+00:00,104.6,0.88,105.48,3.0,0.000145,summer,weekday,off_peak,98.0,-7.48,on_peak,391.0,285.52
2026-09-03T00:00:00+00:00,97.8,1.27,99.07,0.0,0.0,summer,weekday,off_peak,98.0,-1.07,on_peak,391.0,291.93
2026-09-03T01:00:00+00:00,93.52,4.25,97.77,0.0,0.0,summer,weekday,off_peak,98.0,0.23,mid_peak,157.0,59.23
2026-09-03T02:00:00+00:00,81.36,3.15,84.51,0.0,0.0,summer,weekday,off_peak,98.0,13.49,mid_peak,157.0,72.49
2026-09-03T03:00:00+00:00,66.87,1.97,68.84,0.0,0.0,summer,weekday,off_peak,98.0,29.16,ultra_low_overnight,39.0,-29.84
2026-09-03T04:00:00+00:00,56.39,1.06,57.45,0.0,0.0,summer,weekday,off_peak,98.0,40.55,ultra_low_overnight,39.0,-18.45
2026-09-03T05:00:00+00:00,52.98,0.46,53.44,0.0,0.0,summer,weekday,off_peak,98.0,44.56,ultra_low_overnight,39.0,-14.44
2026-09-03T06:00:00+00:00,45.64,-0.03,45.61,0.0,0.0,summer,weekday,off_peak,98.0,52.39,ultra_low_overnight,39.0,-6.61
2026-09-03T07:00:00+00:00,46.51,0.25,46.76,0.0,0.0,summer,weekday,off_peak,98.0,51.24,ultra_low_overnight,39.0,-7.76
2026-09-03T08:00:00+00:00,45.14,0.43,45.57,0.0,0.0,summer,weekday,off_peak,98.0,52.43,ultra_low_overnight,39.0,-6.57
2026-09-03T09:00:00+00:00,47.84,0.53,48.37,0.0,0.0,summer,weekday,off_peak,98.0,49.63,ultra_low_overnight,39.0,-9.37
2026-09-03T10:00:00+00:00,58.36,0.79,59.15,0.0,0.0,summer,weekday,off_peak,98.0,38.85,ultra_low_overnight,39.0,-20.15
2026-09-03T11:00:00+00:00,70.69,2.13,72.82,10.0,0.00056,summer,weekday,mid_peak,157.0,84.18,mid_peak,157.0,84.18
2026-09-03T12:00:00+00:00,68.77,0.82,69.59,99.0,0.005446,summer,weekday,mid_peak,157.0,87.41,mid_peak,157.0,87.41
2026-09-03T13:00:00+00:00,83.72,0.17,83.89,199.0,0.010716,summer,weekday,mid_peak,157.0,73.11,mid_peak,157.0,73.11
2026-09-03T14:00:00+00:00,87.95,0.15,88.1,261.0,0.013726,summer,weekday,mid_peak,157.0,68.9,mid_peak,157.0,68.9
2026-09-03T15:00:00+00:00,88.11,0.29,88.4,309.0,0.016116,summer,weekday,on_peak,203.0,114.6,mid_peak,157.0,68.6
2026-09-03T16:00:00+00:00,91.75,0.34,92.09,341.0,0.017064,summer,weekday,on_peak,203.0,110.91,mid_peak,157.0,64.91
2026-09-03T17:00:00+00:00,111.65,0.14,111.79,329.0,0.016346,summer,weekday,on_peak,203.0,91.21,mid_peak,157.0,45.21
2026-09-03T18:00:00+00:00,115.63,-0.1,115.53,272.0,0.013253,summer,weekday,on_peak,203.0,87.47,mid_peak,157.0,41.47
2026-09-03T19:00:00+00:00,114.9,0.81,115.71,183.0,0.008753,summer,weekday,on_peak,203.0,87.29,mid_peak,157.0,41.29
2026-09-03T20:00:00+00:00,116.26,0.15,116.41,105.0,0.004924,summer,weekday,on_peak,203.0,86.59,on_peak,391.0,274.59
2026-09-03T21:00:00+00:00,122.09,2.54,124.63,67.0,0.003201,summer,weekday,mid_peak,157.0,32.37,on_peak,391.0,266.37
2026-09-03T22:00:00+00:00,135.27,3.49,138.76,30.0,0.001443,summer,weekday,mid_peak,157.0,18.24,on_peak,391.0,252.24
2026-09-03T23:00:00+00:00,121.18,3.11,124.29,4.0,0.000194,summer,weekday,off_peak,98.0,-26.29,on_peak,391.0,266.71
2026-09-04T00:00:00+00:00,115.48,2.06,117.54,0.0,0.0,summer,weekday,off_peak,98.0,-19.54,on_peak,391.0,273.46
2026-09-04T01:00:00+00:00,109.98,2.12,112.1,0.0,0.0,summer,weekday,off_peak,98.0,-14.1,mid_peak,157.0,44.9
2026-09-04T02:00:00+00:00,86.63,1.17,87.8,0.0,0.0,summer,weekday,off_peak,98.0,10.2,mid_peak,157.0,69.2
2026-09-04T03:00:00+00:00,68.18,0.82,69.0,0.0,0.0,summer,weekday,off_peak,98.0,29.0,ultra_low_overnight,39.0,-30.0
2026-09-04T04:00:00+00:00,56.8,0.15,56.95,0.0,0.0,summer,weekday,off_peak,98.0,41.05,ultra_low_overnight,39.0,-17.95
2026-09-04T05:00:00+00:00,50.54,0.24,50.78,0.0,0.0,summer,weekday,off_peak,98.0,47.22,ultra_low_overnight,39.0,-11.78
2026-09-04T06:00:00+00:00,42.34,0.1,42.44,0.0,0.0,summer,weekday,off_peak,98.0,55.56,ultra_low_overnight,39.0,-3.44
2026-09-04T07:00:00+00:00,38.25,0.09,38.34,0.0,0.0,summer,weekday,off_peak,98.0,59.66,ultra_low_overnight,39.0,0.66
2026-09-04T08:00:00+00:00,37.99,0.16,38.15,0.0,0.0,summer,weekday,off_peak,98.0,59.85,ultra_low_overnight,39.0,0.85
2026-09-04T09:00:00+00:00,42.22,0.29,42.51,0.0,0.0,summer,weekday,off_peak,98.0,55.49,ultra_low_overnight,39.0,-3.51
2026-09-04T10:00:00+00:00,38.3,-0.59,37.71,0.0,0.0,summer,weekday,off_peak,98.0,60.29,ultra_low_overnight,39.0,1.29
2026-09-04T11:00:00+00:00,47.06,1.07,48.13,23.0,0.001253,summer,weekday,mid_peak,157.0,108.87,mid_peak,157.0,108.87
2026-09-04T12:00:00+00:00,46.5,0.3,46.8,106.0,0.005731,summer,weekday,mid_peak,157.0,110.2,mid_peak,157.0,110.2
2026-09-04T13:00:00+00:00,46.25,0.04,46.29,213.0,0.011259,summer,weekday,mid_peak,157.0,110.71,mid_peak,157.0,110.71
2026-09-04T14:00:00+00:00,50.8,0.09,50.89,280.0,0.014257,summer,weekday,mid_peak,157.0,106.11,mid_peak,157.0,106.11
2026-09-04T15:00:00+00:00,55.87,0.17,56.04,284.0,0.014124,summer,weekday,on_peak,203.0,146.96,mid_peak,157.0,100.96
2026-09-04T16:00:00+00:00,63.64,0.31,63.95,261.0,0.01298,summer,weekday,on_peak,203.0,139.05,mid_peak,157.0,93.05
2026-09-04T17:00:00+00:00,76.67,-0.12,76.55,268.0,0.013001,summer,weekday,on_peak,203.0,126.45,mid_peak,157.0,80.45
2026-09-04T18:00:00+00:00,84.21,0.7,84.91,254.0,0.012556,summer,weekday,on_peak,203.0,118.09,mid_peak,157.0,72.09
2026-09-04T19:00:00+00:00,84.3,0.95,85.25,206.0,0.010188,summer,weekday,on_peak,203.0,117.75,mid_peak,157.0,71.75
2026-09-04T20:00:00+00:00,86.67,2.13,88.8,188.0,0.009415,summer,weekday,on_peak,203.0,114.2,on_peak,391.0,302.2
2026-09-04T21:00:00+00:00,86.8,0.84,87.64,87.0,0.004219,summer,weekday,mid_peak,157.0,69.36,on_peak,391.0,303.36
2026-09-04T22:00:00+00:00,87.55,1.18,88.73,40.0,0.001934,summer,weekday,mid_peak,157.0,68.27,on_peak,391.0,302.27
2026-09-04T23:00:00+00:00,86.13,0.27,86.4,6.0,0.000287,summer,weekday,off_peak,98.0,11.6,on_peak,391.0,304.6
2026-09-05T00:00:00+00:00,84.99,0.35,85.34,0.0,0.0,summer,weekday,off_peak,98.0,12.66,on_peak,391.0,305.66
2026-09-05T01:00:00+00:00,83.98,-0.57,83.41,0.0,0.0,summer,weekday,off_peak,98.0,14.59,mid_peak,157.0,73.59
2026-09-05T02:00:00+00:00,59.06,-0.72,58.34,0.0,0.0,summer,weekday,off_peak,98.0,39.66,mid_peak,157.0,98.66
2026-09-05T03:00:00+00:00,46.63,0.03,46.66,0.0,0.0,summer,weekday,off_peak,98.0,51.34,ultra_low_overnight,39.0,-7.66
2026-09-05T04:00:00+00:00,44.71,0.17,44.88,0.0,0.0,summer,weekend_holiday,off_peak,98.0,53.12,ultra_low_overnight,39.0,-5.88
2026-09-05T05:00:00+00:00,42.8,0.16,42.96,0.0,0.0,summer,weekend_holiday,off_peak,98.0,55.04,ultra_low_overnight,39.0,-3.96
2026-09-05T06:00:00+00:00,35.74,-0.03,35.71,0.0,0.0,summer,weekend_holiday,off_peak,98.0,62.29,ultra_low_overnight,39.0,3.29
2026-09-05T07:00:00+00:00,34.45,-0.07,34.38,0.0,0.0,summer,weekend_holiday,off_peak,98.0,63.62,ultra_low_overnight,39.0,4.62
2026-09-05T08:00:00+00:00,34.51,-0.04,34.47,0.0,0.0,summer,weekend_holiday,off_peak,98.0,63.53,ultra_low_overnight,39.0,4.53
2026-09-05T09:00:00+00:00,34.97,-0.05,34.92,0.0,0.0,summer,weekend_holiday,off_peak,98.0,63.08,ultra_low_overnight,39.0,4.08
2026-09-05T10:00:00+00:00,37.33,0.11,37.44,0.0,0.0,summer,weekend_holiday,off_peak,98.0,60.56,ultra_low_overnight,39.0,1.56
2026-09-05T11:00:00+00:00,38.09,0.24,38.33,24.0,0.001399,summer,weekend_holiday,off_peak,98.0,59.67,weekend_off_peak,98.0,59.67
2026-09-05T12:00:00+00:00,37.26,0.28,37.54,116.0,0.006806,summer,weekend_holiday,off_peak,98.0,60.46,weekend_off_peak,98.0,60.46
2026-09-05T13:00:00+00:00,37.54,0.13,37.67,231.0,0.013149,summer,weekend_holiday,off_peak,98.0,60.33,weekend_off_peak,98.0,60.33
2026-09-05T14:00:00+00:00,39.15,0.02,39.17,275.0,0.015116,summer,weekend_holiday,off_peak,98.0,58.83,weekend_off_peak,98.0,58.83
2026-09-05T15:00:00+00:00,41.67,0.06,41.73,309.0,0.016411,summer,weekend_holiday,off_peak,98.0,56.27,weekend_off_peak,98.0,56.27
2026-09-05T16:00:00+00:00,43.89,0.06,43.95,338.0,0.017538,summer,weekend_holiday,off_peak,98.0,54.05,weekend_off_peak,98.0,54.05
2026-09-05T17:00:00+00:00,45.31,0.0,45.31,321.0,0.016243,summer,weekend_holiday,off_peak,98.0,52.69,weekend_off_peak,98.0,52.69
2026-09-05T18:00:00+00:00,46.14,-0.13,46.01,325.0,0.016351,summer,weekend_holiday,off_peak,98.0,51.99,weekend_off_peak,98.0,51.99
2026-09-05T19:00:00+00:00,50.84,0.0,50.84,288.0,0.014277,summer,weekend_holiday,off_peak,98.0,47.16,weekend_off_peak,98.0,47.16
2026-09-05T20:00:00+00:00,51.4,-0.51,50.89,217.0,0.010375,summer,weekend_holiday,off_peak,98.0,47.11,weekend_off_peak,98.0,47.11
2026-09-05T21:00:00+00:00,54.8,-0.35,54.45,134.0,0.006252,summer,weekend_holiday,off_peak,98.0,43.55,weekend_off_peak,98.0,43.55
2026-09-05T22:00:00+00:00,58.07,-0.54,57.53,55.0,0.002516,summer,weekend_holiday,off_peak,98.0,40.47,weekend_off_peak,98.0,40.47
2026-09-05T23:00:00+00:00,56.57,-0.27,56.3,5.0,0.000235,summer,weekend_holiday,off_peak,98.0,41.7,weekend_off_peak,98.0,41.7
2026-09-06T00:00:00+00:00,50.35,-0.63,49.72,0.0,0.0,summer,weekend_holiday,off_peak,98.0,48.28,weekend_off_peak,98.0,48.28
2026-09-06T01:00:00+00:00,47.01,0.16,47.17,0.0,0.0,summer,weekend_holiday,off_peak,98.0,50.83,weekend_off_peak,98.0,50.83
2026-09-06T02:00:00+00:00,45.63,0.23,45.86,0.0,0.0,summer,weekend_holiday,off_peak,98.0,52.14,weekend_off_peak,98.0,52.14
2026-09-06T03:00:00+00:00,42.7,0.19,42.89,0.0,0.0,summer,weekend_holiday,off_peak,98.0,55.11,ultra_low_overnight,39.0,-3.89
2026-09-06T04:00:00+00:00,42.3,0.0,42.3,0.0,0.0,summer,weekend_holiday,off_peak,98.0,55.7,ultra_low_overnight,39.0,-3.3
2026-09-06T05:00:00+00:00,40.12,0.1,40.22,0.0,0.0,summer,weekend_holiday,off_peak,98.0,57.78,ultra_low_overnight,39.0,-1.22
2026-09-06T06:00:00+00:00,38.12,0.16,38.28,0.0,0.0,summer,weekend_holiday,off_peak,98.0,59.72,ultra_low_overnight,39.0,0.72
2026-09-06T07:00:00+00:00,35.73,0.07,35.8,0.0,0.0,summer,weekend_holiday,off_peak,98.0,62.2,ultra_low_overnight,39.0,3.2
2026-09-06T08:00:00+00:00,34.18,-0.04,34.14,0.0,0.0,summer,weekend_holiday,off_peak,98.0,63.86,ultra_low_overnight,39.0,4.86
2026-09-06T09:00:00+00:00,34.59,-0.03,34.56,0.0,0.0,summer,weekend_holiday,off_peak,98.0,63.44,ultra_low_overnight,39.0,4.44
2026-09-06T10:00:00+00:00,37.03,0.03,37.06,0.0,0.0,summer,weekend_holiday,off_peak,98.0,60.94,ultra_low_overnight,39.0,1.94
2026-09-06T11:00:00+00:00,35.84,0.05,35.89,19.0,0.00117,summer,weekend_holiday,off_peak,98.0,62.11,weekend_off_peak,98.0,62.11
2026-09-06T12:00:00+00:00,33.78,-0.02,33.76,110.0,0.00676,summer,weekend_holiday,off_peak,98.0,64.24,weekend_off_peak,98.0,64.24
2026-09-06T13:00:00+00:00,34.57,-0.12,34.45,241.0,0.014827,summer,weekend_holiday,off_peak,98.0,63.55,weekend_off_peak,98.0,63.55
2026-09-06T14:00:00+00:00,35.04,-0.04,35.0,315.0,0.018974,summer,weekend_holiday,off_peak,98.0,63.0,weekend_off_peak,98.0,63.0
2026-09-06T15:00:00+00:00,37.15,0.11,37.26,348.0,0.020281,summer,weekend_holiday,off_peak,98.0,60.74,weekend_off_peak,98.0,60.74
2026-09-06T16:00:00+00:00,41.42,0.27,41.69,346.0,0.019536,summer,weekend_holiday,off_peak,98.0,56.31,weekend_off_peak,98.0,56.31
2026-09-06T17:00:00+00:00,42.63,0.1,42.73,372.0,0.020385,summer,weekend_holiday,off_peak,98.0,55.27,weekend_off_peak,98.0,55.27
2026-09-06T18:00:00+00:00,41.7,-0.01,41.69,355.0,0.01921,summer,weekend_holiday,off_peak,98.0,56.31,weekend_off_peak,98.0,56.31
2026-09-06T19:00:00+00:00,43.23,0.04,43.27,353.0,0.018852,summer,weekend_holiday,off_peak,98.0,54.73,weekend_off_peak,98.0,54.73
2026-09-06T20:00:00+00:00,45.7,0.08,45.78,280.0,0.01467,summer,weekend_holiday,off_peak,98.0,52.22,weekend_off_peak,98.0,52.22
2026-09-06T21:00:00+00:00,50.12,0.11,50.23,186.0,0.009481,summer,weekend_holiday,off_peak,98.0,47.77,weekend_off_peak,98.0,47.77
2026-09-06T22:00:00+00:00,57.95,0.0,57.95,70.0,0.003384,summer,weekend_holiday,off_peak,98.0,40.05,weekend_off_peak,98.0,40.05
2026-09-06T23:00:00+00:00,58.76,0.12,58.88,7.0,0.000342,summer,weekend_holiday,off_peak,98.0,39.12,weekend_off_peak,98.0,39.12
2026-09-07T00:00:00+00:00,58.09,0.23,58.32,0.0,0.0,summer,weekend_holiday,off_peak,98.0,39.68,weekend_off_peak,98.0,39.68
2026-09-07T01:00:00+00:00,48.18,0.21,48.39,0.0,0.0,summer,weekend_holiday,off_peak,98.0,49.61,weekend_off_peak,98.0,49.61
2026-09-07T02:00:00+00:00,46.3,0.24,46.54,0.0,0.0,summer,weekend_holiday,off_peak,98.0,51.46,weekend_off_peak,98.0,51.46
2026-09-07T03:00:00+00:00,41.18,0.14,41.32,0.0,0.0,summer,weekend_holiday,off_peak,98.0,56.68,ultra_low_overnight,39.0,-2.32
2026-09-07T04:00:00+00:00,42.81,0.36,43.17,0.0,0.0,summer,weekend_holiday,off_peak,98.0,54.83,ultra_low_overnight,39.0,-4.17
2026-09-07T05:00:00+00:00,39.33,0.2,39.53,0.0,0.0,summer,weekend_holiday,off_peak,98.0,58.47,ultra_low_overnight,39.0,-0.53
2026-09-07T06:00:00+00:00,36.85,0.26,37.11,0.0,0.0,summer,weekend_holiday,off_peak,98.0,60.89,ultra_low_overnight,39.0,1.89
2026-09-07T07:00:00+00:00,34.47,0.57,35.04,0.0,0.0,summer,weekend_holiday,off_peak,98.0,62.96,ultra_low_overnight,39.0,3.96
2026-09-07T08:00:00+00:00,34.4,0.66,35.06,0.0,0.0,summer,weekend_holiday,off_peak,98.0,62.94,ultra_low_overnight,39.0,3.94
2026-09-07T09:00:00+00:00,34.31,0.53,34.84,0.0,0.0,summer,weekend_holiday,off_peak,98.0,63.16,ultra_low_overnight,39.0,4.16
2026-09-07T10:00:00+00:00,35.23,0.03,35.26,0.0,0.0,summer,weekend_holiday,off_peak,98.0,62.74,ultra_low_overnight,39.0,3.74
2026-09-07T11:00:00+00:00,35.81,0.08,35.89,24.0,0.001598,summer,weekend_holiday,off_peak,98.0,62.11,weekend_off_peak,98.0,62.11
2026-09-07T12:00:00+00:00,34.25,0.09,34.34,127.0,0.008445,summer,weekend_holiday,off_peak,98.0,63.66,weekend_off_peak,98.0,63.66
2026-09-07T13:00:00+00:00,35.03,0.04,35.07,234.0,0.014962,summer,weekend_holiday,off_peak,98.0,62.93,weekend_off_peak,98.0,62.93
2026-09-07T14:00:00+00:00,36.87,0.04,36.91,316.0,0.019542,summer,weekend_holiday,off_peak,98.0,61.09,weekend_off_peak,98.0,61.09
2026-09-07T15:00:00+00:00,36.73,0.04,36.77,367.0,0.021782,summer,weekend_holiday,off_peak,98.0,61.23,weekend_off_peak,98.0,61.23
2026-09-07T16:00:00+00:00,38.35,0.06,38.41,353.0,0.020201,summer,weekend_holiday,off_peak,98.0,59.59,weekend_off_peak,98.0,59.59
2026-09-07T17:00:00+00:00,41.2,0.01,41.21,338.0,0.018745,summer,weekend_holiday,off_peak,98.0,56.79,weekend_off_peak,98.0,56.79
2026-09-07T18:00:00+00:00,40.83,-0.03,40.8,329.0,0.018019,summer,weekend_holiday,off_peak,98.0,57.2,weekend_off_peak,98.0,57.2
2026-09-07T19:00:00+00:00,42.04,0.12,42.16,287.0,0.015486,summer,weekend_holiday,off_peak,98.0,55.84,weekend_off_peak,98.0,55.84
2026-09-07T20:00:00+00:00,47.78,0.13,47.91,218.0,0.011215,summer,weekend_holiday,off_peak,98.0,50.09,weekend_off_peak,98.0,50.09
2026-09-07T21:00:00+00:00,57.43,-0.53,56.9,139.0,0.006805,summer,weekend_holiday,off_peak,98.0,41.1,weekend_off_peak,98.0,41.1
2026-09-07T22:00:00+00:00,79.99,0.02,80.01,55.0,0.002632,summer,weekend_holiday,off_peak,98.0,17.99,weekend_off_peak,98.0,17.99
2026-09-07T23:00:00+00:00,80.47,0.21,80.68,6.0,0.000291,summer,weekend_holiday,off_peak,98.0,17.32,weekend_off_peak,98.0,17.32
2026-09-08T00:00:00+00:00,65.78,0.22,66.0,0.0,0.0,summer,weekend_holiday,off_peak,98.0,32.0,weekend_off_peak,98.0,32.0
2026-09-08T01:00:00+00:00,51.04,0.06,51.1,0.0,0.0,summer,weekend_holiday,off_peak,98.0,46.9,weekend_off_peak,98.0,46.9
2026-09-08T02:00:00+00:00,42.57,0.3,42.87,0.0,0.0,summer,weekend_holiday,off_peak,98.0,55.13,weekend_off_peak,98.0,55.13
2026-09-08T03:00:00+00:00,40.24,0.17,40.41,0.0,0.0,summer,weekend_holiday,off_peak,98.0,57.59,ultra_low_overnight,39.0,-1.41
2026-09-08T04:00:00+00:00,43.17,0.21,43.38,0.0,0.0,summer,weekday,off_peak,98.0,54.62,ultra_low_overnight,39.0,-4.38
2026-09-08T05:00:00+00:00,34.81,-0.3,34.51,0.0,0.0,summer,weekday,off_peak,98.0,63.49,ultra_low_overnight,39.0,4.49
2026-09-08T06:00:00+00:00,32.94,-0.4,32.54,0.0,0.0,summer,weekday,off_peak,98.0,65.46,ultra_low_overnight,39.0,6.46
2026-09-08T07:00:00+00:00,34.25,-0.67,33.58,0.0,0.0,summer,weekday,off_peak,98.0,64.42,ultra_low_overnight,39.0,5.42
2026-09-08T08:00:00+00:00,34.74,-0.64,34.1,0.0,0.0,summer,weekday,off_peak,98.0,63.9,ultra_low_overnight,39.0,4.9
2026-09-08T09:00:00+00:00,36.24,-0.43,35.81,0.0,0.0,summer,weekday,off_peak,98.0,62.19,ultra_low_overnight,39.0,3.19
2026-09-08T10:00:00+00:00,40.69,-0.34,40.35,0.0,0.0,summer,weekday,off_peak,98.0,57.65,ultra_low_overnight,39.0,-1.35
2026-09-08T11:00:00+00:00,44.13,0.05,44.18,18.0,0.001007,summer,weekday,mid_peak,157.0,112.82,mid_peak,157.0,112.82
2026-09-08T12:00:00+00:00,43.1,-0.13,42.97,109.0,0.006052,summer,weekday,mid_peak,157.0,114.03,mid_peak,157.0,114.03
2026-09-08T13:00:00+00:00,42.44,0.2,42.64,207.0,0.011313,summer,weekday,mid_peak,157.0,114.36,mid_peak,157.0,114.36
2026-09-08T14:00:00+00:00,48.97,-0.55,48.42,244.0,0.013212,summer,weekday,mid_peak,157.0,108.58,mid_peak,157.0,108.58
2026-09-08T15:00:00+00:00,50.62,1.17,51.79,314.0,0.016879,summer,weekday,on_peak,203.0,151.21,mid_peak,157.0,105.21
2026-09-08T16:00:00+00:00,55.59,-0.09,55.5,320.0,0.01697,summer,weekday,on_peak,203.0,147.5,mid_peak,157.0,101.5
2026-09-08T17:00:00+00:00,75.84,0.19,76.03,311.0,0.016302,summer,weekday,on_peak,203.0,126.97,mid_peak,157.0,80.97
2026-09-08T18:00:00+00:00,76.78,0.34,77.12,298.0,0.015492,summer,weekday,on_peak,203.0,125.88,mid_peak,157.0,79.88
2026-09-08T19:00:00+00:00,82.57,0.63,83.2,259.0,0.01349,summer,weekday,on_peak,203.0,119.8,mid_peak,157.0,73.8
2026-09-08T20:00:00+00:00,84.49,0.63,85.12,196.0,0.010053,summer,weekday,on_peak,203.0,117.88,on_peak,391.0,305.88
2026-09-08T21:00:00+00:00,87.78,0.0,87.78,113.0,0.005484,summer,weekday,mid_peak,157.0,69.22,on_peak,391.0,303.22
2026-09-08T22:00:00+00:00,84.79,0.09,84.88,44.0,0.002099,summer,weekday,mid_peak,157.0,72.12,on_peak,391.0,306.12
2026-09-08T23:00:00+00:00,84.6,0.49,85.09,5.0,0.000241,summer,weekday,off_peak,98.0,12.91,on_peak,391.0,305.91
2026-09-09T00:00:00+00:00,84.64,0.62,85.26,0.0,0.0,summer,weekday,off_peak,98.0,12.74,on_peak,391.0,305.74
2026-09-09T01:00:00+00:00,80.96,0.91,81.87,0.0,0.0,summer,weekday,off_peak,98.0,16.13,mid_peak,157.0,75.13
2026-09-09T02:00:00+00:00,48.71,0.31,49.02,0.0,0.0,summer,weekday,off_peak,98.0,48.98,mid_peak,157.0,107.98
2026-09-09T03:00:00+00:00,39.41,0.07,39.48,0.0,0.0,summer,weekday,off_peak,98.0,58.52,ultra_low_overnight,39.0,-0.48
2026-09-09T04:00:00+00:00,39.5,0.12,39.62,0.0,0.0,summer,weekday,off_peak,98.0,58.38,ultra_low_overnight,39.0,-0.62
2026-09-09T05:00:00+00:00,39.56,0.1,39.66,0.0,0.0,summer,weekday,off_peak,98.0,58.34,ultra_low_overnight,39.0,-0.66
2026-09-09T06:00:00+00:00,35.47,0.02,35.49,0.0,0.0,summer,weekday,off_peak,98.0,62.51,ultra_low_overnight,39.0,3.51
2026-09-09T07:00:00+00:00,34.41,-0.02,34.39,0.0,0.0,summer,weekday,off_peak,98.0,63.61,ultra_low_overnight,39.0,4.61
2026-09-09T08:00:00+00:00,32.2,-0.05,32.15,0.0,0.0,summer,weekday,off_peak,98.0,65.85,ultra_low_overnight,39.0,6.85
2026-09-09T09:00:00+00:00,35.2,-0.08,35.12,0.0,0.0,summer,weekday,off_peak,98.0,62.88,ultra_low_overnight,39.0,3.88
2026-09-09T10:00:00+00:00,42.01,-0.04,41.97,0.0,0.0,summer,weekday,off_peak,98.0,56.03,ultra_low_overnight,39.0,-2.97
2026-09-09T11:00:00+00:00,48.1,0.03,48.13,2.0,0.000104,summer,weekday,mid_peak,157.0,108.87,mid_peak,157.0,108.87
2026-09-09T12:00:00+00:00,46.49,0.03,46.52,14.0,0.000712,summer,weekday,mid_peak,157.0,110.48,mid_peak,157.0,110.48
2026-09-09T13:00:00+00:00,46.76,-0.08,46.68,47.0,0.002356,summer,weekday,mid_peak,157.0,110.32,mid_peak,157.0,110.32
2026-09-09T14:00:00+00:00,51.02,-0.09,50.93,73.0,0.003598,summer,weekday,mid_peak,157.0,106.07,mid_peak,157.0,106.07
2026-09-09T15:00:00+00:00,47.44,-0.06,47.38,75.0,0.003605,summer,weekday,on_peak,203.0,155.62,mid_peak,157.0,109.62
2026-09-09T16:00:00+00:00,49.79,0.3,50.09,80.0,0.003798,summer,weekday,on_peak,203.0,152.91,mid_peak,157.0,106.91
2026-09-09T17:00:00+00:00,51.15,0.69,51.84,74.0,0.003478,summer,weekday,on_peak,203.0,151.16,mid_peak,157.0,105.16
2026-09-09T18:00:00+00:00,60.1,1.58,61.68,77.0,0.003584,summer,weekday,on_peak,203.0,141.32,mid_peak,157.0,95.32
2026-09-09T19:00:00+00:00,59.81,1.72,61.53,79.0,0.003682,summer,weekday,on_peak,203.0,141.47,mid_peak,157.0,95.47
2026-09-09T20:00:00+00:00,79.61,3.48,83.09,59.0,0.002706,summer,weekday,on_peak,203.0,119.91,on_peak,391.0,307.91
2026-09-09T21:00:00+00:00,81.5,2.07,83.57,33.0,0.001461,summer,weekday,mid_peak,157.0,73.43,on_peak,391.0,307.43
2026-09-09T22:00:00+00:00,83.41,1.46,84.87,14.0,0.000617,summer,weekday,mid_peak,157.0,72.13,on_peak,391.0,306.13
2026-09-09T23:00:00+00:00,83.31,-0.39,82.92,0.0,0.0,summer,weekday,off_peak,98.0,15.08,on_peak,391.0,308.08
2026-09-10T00:00:00+00:00,80.51,0.34,80.85,0.0,0.0,summer,weekday,off_peak,98.0,17.15,on_peak,391.0,310.15
2026-09-10T01:00:00+00:00,65.28,0.49,65.77,0.0,0.0,summer,weekday,off_peak,98.0,32.23,mid_peak,157.0,91.23
2026-09-10T02:00:00+00:00,46.96,0.26,47.22,0.0,0.0,summer,weekday,off_peak,98.0,50.78,mid_peak,157.0,109.78
2026-09-10T03:00:00+00:00,43.02,0.19,43.21,0.0,0.0,summer,weekday,off_peak,98.0,54.79,ultra_low_overnight,39.0,-4.21
2026-09-10T04:00:00+00:00,41.19,0.12,41.31,0.0,0.0,summer,weekday,off_peak,98.0,56.69,ultra_low_overnight,39.0,-2.31
2026-09-10T05:00:00+00:00,38.52,-0.09,38.43,0.0,0.0,summer,weekday,off_peak,98.0,59.57,ultra_low_overnight,39.0,0.57
2026-09-10T06:00:00+00:00,36.22,-0.1,36.12,0.0,0.0,summer,weekday,off_peak,98.0,61.88,ultra_low_overnight,39.0,2.88
2026-09-10T07:00:00+00:00,35.25,-0.05,35.2,0.0,0.0,summer,weekday,off_peak,98.0,62.8,ultra_low_overnight,39.0,3.8
2026-09-10T08:00:00+00:00,34.67,0.03,34.7,0.0,0.0,summer,weekday,off_peak,98.0,63.3,ultra_low_overnight,39.0,4.3
2026-09-10T09:00:00+00:00,38.37,0.18,38.55,0.0,0.0,summer,weekday,off_peak,98.0,59.45,ultra_low_overnight,39.0,0.45
2026-09-10T10:00:00+00:00,46.66,0.12,46.78,0.0,0.0,summer,weekday,off_peak,98.0,51.22,ultra_low_overnight,39.0,-7.78
2026-09-10T11:00:00+00:00,64.6,0.16,64.76,18.0,0.000954,summer,weekday,mid_peak,157.0,92.24,mid_peak,157.0,92.24
2026-09-10T12:00:00+00:00,57.38,0.03,57.41,95.0,0.005033,summer,weekday,mid_peak,157.0,99.59,mid_peak,157.0,99.59
2026-09-10T13:00:00+00:00,57.28,-0.04,57.24,173.0,0.00908,summer,weekday,mid_peak,157.0,99.76,mid_peak,157.0,99.76
2026-09-10T14:00:00+00:00,49.88,-0.04,49.84,253.0,0.01301,summer,weekday,mid_peak,157.0,107.16,mid_peak,157.0,107.16
2026-09-10T15:00:00+00:00,46.87,0.04,46.91,279.0,0.013972,summer,weekday,on_peak,203.0,156.09,mid_peak,157.0,110.09
2026-09-10T16:00:00+00:00,47.08,0.06,47.14,324.0,0.015929,summer,weekday,on_peak,203.0,155.86,mid_peak,157.0,109.86
2026-09-10T17:00:00+00:00,50.62,0.11,50.73,328.0,0.015768,summer,weekday,on_peak,203.0,152.27,mid_peak,157.0,106.27
2026-09-10T18:00:00+00:00,54.77,0.32,55.09,313.0,0.014826,summer,weekday,on_peak,203.0,147.91,mid_peak,157.0,101.91
2026-09-10T19:00:00+00:00,55.95,1.2,57.15,270.0,0.012617,summer,weekday,on_peak,203.0,145.85,mid_peak,157.0,99.85
2026-09-10T20:00:00+00:00,61.62,1.31,62.93,147.0,0.006871,summer,weekday,on_peak,203.0,140.07,on_peak,391.0,328.07
2026-09-10T21:00:00+00:00,67.65,0.13,67.78,71.0,0.00331,summer,weekday,mid_peak,157.0,89.22,on_peak,391.0,323.22
2026-09-10T22:00:00+00:00,83.14,0.51,83.65,26.0,0.001249,summer,weekday,mid_peak,157.0,73.35,on_peak,391.0,307.35
2026-09-10T23:00:00+00:00,83.39,0.59,83.98,1.0,4.8e-05,summer,weekday,off_peak,98.0,14.02,on_peak,391.0,307.02
2026-09-11T00:00:00+00:00,78.17,0.11,78.28,0.0,0.0,summer,weekday,off_peak,98.0,19.72,on_peak,391.0,312.72
2026-09-11T01:00:00+00:00,54.49,0.06,54.55,0.0,0.0,summer,weekday,off_peak,98.0,43.45,mid_peak,157.0,102.45
2026-09-11T02:00:00+00:00,47.13,0.15,47.28,0.0,0.0,summer,weekday,off_peak,98.0,50.72,mid_peak,157.0,109.72
2026-09-11T03:00:00+00:00,49.09,0.01,49.1,0.0,0.0,summer,weekday,off_peak,98.0,48.9,ultra_low_overnight,39.0,-10.1
2026-09-11T04:00:00+00:00,46.63,0.12,46.75,0.0,0.0,summer,weekday,off_peak,98.0,51.25,ultra_low_overnight,39.0,-7.75
2026-09-11T05:00:00+00:00,36.44,-0.04,36.4,0.0,0.0,summer,weekday,off_peak,98.0,61.6,ultra_low_overnight,39.0,2.6
2026-09-11T06:00:00+00:00,34.81,-0.01,34.8,0.0,0.0,summer,weekday,off_peak,98.0,63.2,ultra_low_overnight,39.0,4.2
2026-09-11T07:00:00+00:00,33.36,-0.04,33.32,0.0,0.0,summer,weekday,off_peak,98.0,64.68,ultra_low_overnight,39.0,5.68
2026-09-11T08:00:00+00:00,32.9,-0.04,32.86,0.0,0.0,summer,weekday,off_peak,98.0,65.14,ultra_low_overnight,39.0,6.14
2026-09-11T09:00:00+00:00,33.36,-0.12,33.24,0.0,0.0,summer,weekday,off_peak,98.0,64.76,ultra_low_overnight,39.0,5.76
2026-09-11T10:00:00+00:00,40.23,-0.26,39.97,0.0,0.0,summer,weekday,off_peak,98.0,58.03,ultra_low_overnight,39.0,-0.97
2026-09-11T11:00:00+00:00,46.15,-0.1,46.05,24.0,0.001308,summer,weekday,mid_peak,157.0,110.95,mid_peak,157.0,110.95
2026-09-11T12:00:00+00:00,46.67,-0.08,46.59,129.0,0.007136,summer,weekday,mid_peak,157.0,110.41,mid_peak,157.0,110.41
2026-09-11T13:00:00+00:00,44.72,0.24,44.96,253.0,0.014366,summer,weekday,mid_peak,157.0,112.04,mid_peak,157.0,112.04
2026-09-11T14:00:00+00:00,44.71,0.35,45.06,353.0,0.020071,summer,weekday,mid_peak,157.0,111.94,mid_peak,157.0,111.94
2026-09-11T15:00:00+00:00,43.0,0.13,43.13,401.0,0.022329,summer,weekday,on_peak,203.0,159.87,mid_peak,157.0,113.87
2026-09-11T16:00:00+00:00,41.87,0.16,42.03,416.0,0.02273,summer,weekday,on_peak,203.0,160.97,mid_peak,157.0,114.97
2026-09-11T17:00:00+00:00,43.49,0.1,43.59,409.0,0.022016,summer,weekday,on_peak,203.0,159.41,mid_peak,157.0,113.41
2026-09-11T18:00:00+00:00,41.27,0.25,41.52,402.0,0.021117,summer,weekday,on_peak,203.0,161.48,mid_peak,157.0,115.48
2026-09-11T19:00:00+00:00,42.08,0.05,42.13,356.0,0.018215,summer,weekday,on_peak,203.0,160.87,mid_peak,157.0,114.87
2026-09-11T20:00:00+00:00,46.18,-0.01,46.17,285.0,0.014259,summer,weekday,on_peak,203.0,156.83,on_peak,391.0,344.83
2026-09-11T21:00:00+00:00,56.72,-0.05,56.67,173.0,0.008272,summer,weekday,mid_peak,157.0,100.33,on_peak,391.0,334.33
2026-09-11T22:00:00+00:00,61.65,-0.75,60.9,57.0,0.002698,summer,weekday,mid_peak,157.0,96.1,on_peak,391.0,330.1
2026-09-11T23:00:00+00:00,65.77,-0.43,65.34,4.0,0.00019,summer,weekday,off_peak,98.0,32.66,on_peak,391.0,325.66
2026-09-12T00:00:00+00:00,54.79,-0.17,54.62,0.0,0.0,summer,weekday,off_peak,98.0,43.38,on_peak,391.0,336.38
2026-09-12T01:00:00+00:00,45.45,0.1,45.55,0.0,0.0,summer,weekday,off_peak,98.0,52.45,mid_peak,157.0,111.45
2026-09-12T02:00:00+00:00,42.5,0.22,42.72,0.0,0.0,summer,weekday,off_peak,98.0,55.28,mid_peak,157.0,114.28
2026-09-12T03:00:00+00:00,37.16,0.12,37.28,0.0,0.0,summer,weekday,off_peak,98.0,60.72,ultra_low_overnight,39.0,1.72
2026-09-12T04:00:00+00:00,41.59,0.74,42.33,0.0,0.0,summer,weekend_holiday,off_peak,98.0,55.67,ultra_low_overnight,39.0,-3.33
2026-09-12T05:00:00+00:00,37.15,0.33,37.48,0.0,0.0,summer,weekend_holiday,off_peak,98.0,60.52,ultra_low_overnight,39.0,1.52
2026-09-12T06:00:00+00:00,33.63,0.14,33.77,0.0,0.0,summer,weekend_holiday,off_peak,98.0,64.23,ultra_low_overnight,39.0,5.23
2026-09-12T07:00:00+00:00,32.94,-0.06,32.88,0.0,0.0,summer,weekend_holiday,off_peak,98.0,65.12,ultra_low_overnight,39.0,6.12
2026-09-12T08:00:00+00:00,32.95,-0.41,32.54,0.0,0.0,summer,weekend_holiday,off_peak,98.0,65.46,ultra_low_overnight,39.0,6.46
2026-09-12T09:00:00+00:00,32.94,-0.62,32.32,0.0,0.0,summer,weekend_holiday,off_peak,98.0,65.68,ultra_low_overnight,39.0,6.68
2026-09-12T10:00:00+00:00,34.48,-0.23,34.25,0.0,0.0,summer,weekend_holiday,off_peak,98.0,63.75,ultra_low_overnight,39.0,4.75
2026-09-12T11:00:00+00:00,35.52,0.06,35.58,24.0,0.001408,summer,weekend_holiday,off_peak,98.0,62.42,weekend_off_peak,98.0,62.42
2026-09-12T12:00:00+00:00,35.47,0.13,35.6,108.0,0.00633,summer,weekend_holiday,off_peak,98.0,62.4,weekend_off_peak,98.0,62.4
2026-09-12T13:00:00+00:00,35.99,0.35,36.34,204.0,0.012276,summer,weekend_holiday,off_peak,98.0,61.66,weekend_off_peak,98.0,61.66
2026-09-12T14:00:00+00:00,39.26,0.04,39.3,288.0,0.016719,summer,weekend_holiday,off_peak,98.0,58.7,weekend_off_peak,98.0,58.7
2026-09-12T15:00:00+00:00,37.25,-0.13,37.12,308.0,0.01721,summer,weekend_holiday,off_peak,98.0,60.88,weekend_off_peak,98.0,60.88
2026-09-12T16:00:00+00:00,38.08,0.07,38.15,300.0,0.016184,summer,weekend_holiday,off_peak,98.0,59.85,weekend_off_peak,98.0,59.85
2026-09-12T17:00:00+00:00,41.5,-0.12,41.38,294.0,0.015242,summer,weekend_holiday,off_peak,98.0,56.62,weekend_off_peak,98.0,56.62
2026-09-12T18:00:00+00:00,43.18,-0.51,42.67,237.0,0.012006,summer,weekend_holiday,off_peak,98.0,55.33,weekend_off_peak,98.0,55.33
2026-09-12T19:00:00+00:00,51.36,-0.89,50.47,217.0,0.010741,summer,weekend_holiday,off_peak,98.0,47.53,weekend_off_peak,98.0,47.53
2026-09-12T20:00:00+00:00,64.8,0.26,65.06,163.0,0.007844,summer,weekend_holiday,off_peak,98.0,32.94,weekend_off_peak,98.0,32.94
2026-09-12T21:00:00+00:00,65.01,0.29,65.3,96.0,0.004583,summer,weekend_holiday,off_peak,98.0,32.7,weekend_off_peak,98.0,32.7
2026-09-12T22:00:00+00:00,72.68,0.65,73.33,35.0,0.001648,summer,weekend_holiday,off_peak,98.0,24.67,weekend_off_peak,98.0,24.67
2026-09-12T23:00:00+00:00,70.25,0.08,70.33,1.0,4.7e-05,summer,weekend_holiday,off_peak,98.0,27.67,weekend_off_peak,98.0,27.67
2026-09-13T00:00:00+00:00,65.01,0.09,65.1,0.0,0.0,summer,weekend_holiday,off_peak,98.0,32.9,weekend_off_peak,98.0,32.9
2026-09-13T01:00:00+00:00,58.45,0.11,58.56,0.0,0.0,summer,weekend_holiday,off_peak,98.0,39.44,weekend_off_peak,98.0,39.44
2026-09-13T02:00:00+00:00,51.86,-0.7,51.16,0.0,0.0,summer,weekend_holiday,off_peak,98.0,46.84,weekend_off_peak,98.0,46.84
2026-09-13T03:00:00+00:00,44.83,-0.11,44.72,0.0,0.0,summer,weekend_holiday,off_peak,98.0,53.28,ultra_low_overnight,39.0,-5.72
2026-09-13T04:00:00+00:00,41.31,0.22,41.53,0.0,0.0,summer,weekend_holiday,off_peak,98.0,56.47,ultra_low_overnight,39.0,-2.53
2026-09-13T05:00:00+00:00,33.45,-0.02,33.43,0.0,0.0,summer,weekend_holiday,off_peak,98.0,64.57,ultra_low_overnight,39.0,5.57
2026-09-13T06:00:00+00:00,33.54,-0.06,33.48,0.0,0.0,summer,weekend_holiday,off_peak,98.0,64.52,ultra_low_overnight,39.0,5.52
2026-09-13T07:00:00+00:00,33.26,-0.01,33.25,0.0,0.0,summer,weekend_holiday,off_peak,98.0,64.75,ultra_low_overnight,39.0,5.75
2026-09-13T08:00:00+00:00,33.6,0.05,33.65,0.0,0.0,summer,weekend_holiday,off_peak,98.0,64.35,ultra_low_overnight,39.0,5.35
2026-09-13T09:00:00+00:00,34.93,0.17,35.1,0.0,0.0,summer,weekend_holiday,off_peak,98.0,62.9,ultra_low_overnight,39.0,3.9
2026-09-13T10:00:00+00:00,37.79,-0.05,37.74,0.0,0.0,summer,weekend_holiday,off_peak,98.0,60.26,ultra_low_overnight,39.0,1.26
2026-09-13T11:00:00+00:00,39.63,0.1,39.73,4.0,0.00023,summer,weekend_holiday,off_peak,98.0,58.27,weekend_off_peak,98.0,58.27
2026-09-13T12:00:00+00:00,41.49,0.64,42.13,52.0,0.002906,summer,weekend_holiday,off_peak,98.0,55.87,weekend_off_peak,98.0,55.87
2026-09-13T13:00:00+00:00,46.22,1.09,47.31,125.0,0.00671,summer,weekend_holiday,off_peak,98.0,50.69,weekend_off_peak,98.0,50.69
2026-09-13T14:00:00+00:00,50.37,0.48,50.85,202.0,0.010927,summer,weekend_holiday,off_peak,98.0,47.15,weekend_off_peak,98.0,47.15
2026-09-13T15:00:00+00:00,49.79,0.24,50.03,259.0,0.013798,summer,weekend_holiday,off_peak,98.0,47.97,weekend_off_peak,98.0,47.97
2026-09-13T16:00:00+00:00,50.96,0.68,51.64,228.0,0.011597,summer,weekend_holiday,off_peak,98.0,46.36,weekend_off_peak,98.0,46.36
2026-09-13T17:00:00+00:00,50.33,0.38,50.71,316.0,0.015612,summer,weekend_holiday,off_peak,98.0,47.29,weekend_off_peak,98.0,47.29
2026-09-13T18:00:00+00:00,48.43,0.42,48.85,314.0,0.014853,summer,weekend_holiday,off_peak,98.0,49.15,weekend_off_peak,98.0,49.15
2026-09-13T19:00:00+00:00,47.19,1.17,48.36,279.0,0.013211,summer,weekend_holiday,off_peak,98.0,49.64,weekend_off_peak,98.0,49.64
2026-09-13T20:00:00+00:00,50.15,1.56,51.71,240.0,0.011143,summer,weekend_holiday,off_peak,98.0,46.29,weekend_off_peak,98.0,46.29
2026-09-13T21:00:00+00:00,56.82,0.47,57.29,131.0,0.006046,summer,weekend_holiday,off_peak,98.0,40.71,weekend_off_peak,98.0,40.71
2026-09-13T22:00:00+00:00,58.57,0.07,58.64,32.0,0.00146,summer,weekend_holiday,off_peak,98.0,39.36,weekend_off_peak,98.0,39.36
2026-09-13T23:00:00+00:00,59.85,-0.07,59.78,1.0,4.5e-05,summer,weekend_holiday,off_peak,98.0,38.22,weekend_off_peak,98.0,38.22
2026-09-14T00:00:00+00:00,50.72,0.18,50.9,0.0,0.0,summer,weekend_holiday,off_peak,98.0,47.1,weekend_off_peak,98.0,47.1
2026-09-14T01:00:00+00:00,39.85,-0.05,39.8,0.0,0.0,summer,weekend_holiday,off_peak,98.0,58.2,weekend_off_peak,98.0,58.2
2026-09-14T02:00:00+00:00,38.09,-0.01,38.08,0.0,0.0,summer,weekend_holiday,off_peak,98.0,59.92,weekend_off_peak,98.0,59.92
2026-09-14T03:00:00+00:00,37.93,0.2,38.13,0.0,0.0,summer,weekend_holiday,off_peak,98.0,59.87,ultra_low_overnight,39.0,0.87
2026-09-14T04:00:00+00:00,36.55,0.03,36.58,0.0,0.0,summer,weekday,off_peak,98.0,61.42,ultra_low_overnight,39.0,2.42
2026-09-14T05:00:00+00:00,33.18,0.33,33.51,0.0,0.0,summer,weekday,off_peak,98.0,64.49,ultra_low_overnight,39.0,5.49
2026-09-14T06:00:00+00:00,34.46,0.13,34.59,0.0,0.0,summer,weekday,off_peak,98.0,63.41,ultra_low_overnight,39.0,4.41
2026-09-14T07:00:00+00:00,34.82,0.4,35.22,0.0,0.0,summer,weekday,off_peak,98.0,62.78,ultra_low_overnight,39.0,3.78
2026-09-14T08:00:00+00:00,35.51,0.84,36.35,0.0,0.0,summer,weekday,off_peak,98.0,61.65,ultra_low_overnight,39.0,2.65
2026-09-14T09:00:00+00:00,37.78,0.72,38.5,0.0,0.0,summer,weekday,off_peak,98.0,59.5,ultra_low_overnight,39.0,0.5
2026-09-14T10:00:00+00:00,41.82,0.8,42.62,0.0,0.0,summer,weekday,off_peak,98.0,55.38,ultra_low_overnight,39.0,-3.62
2026-09-14T11:00:00+00:00,54.02,0.79,54.81,24.0,0.00132,summer,weekday,mid_peak,157.0,102.19,mid_peak,157.0,102.19
2026-09-14T12:00:00+00:00,45.9,0.31,46.21,131.0,0.007339,summer,weekday,mid_peak,157.0,110.79,mid_peak,157.0,110.79
2026-09-14T13:00:00+00:00,37.59,0.06,37.65,262.0,0.014657,summer,weekday,mid_peak,157.0,119.35,mid_peak,157.0,119.35
2026-09-14T14:00:00+00:00,35.83,0.27,36.1,362.0,0.020849,summer,weekday,mid_peak,157.0,120.9,mid_peak,157.0,120.9
2026-09-14T15:00:00+00:00,34.94,0.03,34.97,381.0,0.021331,summer,weekday,on_peak,203.0,168.03,mid_peak,157.0,122.03
2026-09-14T16:00:00+00:00,35.73,0.02,35.75,358.0,0.019958,summer,weekday,on_peak,203.0,167.25,mid_peak,157.0,121.25
2026-09-14T17:00:00+00:00,38.15,0.07,38.22,348.0,0.018904,summer,weekday,on_peak,203.0,164.78,mid_peak,157.0,118.78
2026-09-14T18:00:00+00:00,38.65,0.09,38.74,345.0,0.018559,summer,weekday,on_peak,203.0,164.26,mid_peak,157.0,118.26
2026-09-14T19:00:00+00:00,41.05,0.13,41.18,318.0,0.0169,summer,weekday,on_peak,203.0,161.82,mid_peak,157.0,115.82
2026-09-14T20:00:00+00:00,45.38,0.04,45.42,255.0,0.013116,summer,weekday,on_peak,203.0,157.58,on_peak,391.0,345.58
2026-09-14T21:00:00+00:00,57.87,-0.22,57.65,150.0,0.007289,summer,weekday,mid_peak,157.0,99.35,on_peak,391.0,333.35
2026-09-14T22:00:00+00:00,74.47,0.05,74.52,45.0,0.00219,summer,weekday,mid_peak,157.0,82.48,on_peak,391.0,316.48
2026-09-14T23:00:00+00:00,75.26,-1.11,74.15,0.0,0.0,summer,weekday,off_peak,98.0,23.85,on_peak,391.0,316.85
2026-09-15T00:00:00+00:00,71.65,0.17,71.82,0.0,0.0,summer,weekday,off_peak,98.0,26.18,on_peak,391.0,319.18
2026-09-15T01:00:00+00:00,52.13,0.18,52.31,0.0,0.0,summer,weekday,off_peak,98.0,45.69,mid_peak,157.0,104.69
2026-09-15T02:00:00+00:00,44.95,0.15,45.1,0.0,0.0,summer,weekday,off_peak,98.0,52.9,mid_peak,157.0,111.9
2026-09-15T03:00:00+00:00,38.35,0.16,38.51,0.0,0.0,summer,weekday,off_peak,98.0,59.49,ultra_low_overnight,39.0,0.49
2026-09-15T04:00:00+00:00,38.47,0.11,38.58,0.0,0.0,summer,weekday,off_peak,98.0,59.42,ultra_low_overnight,39.0,0.42
2026-09-15T05:00:00+00:00,33.11,0.18,33.29,0.0,0.0,summer,weekday,off_peak,98.0,64.71,ultra_low_overnight,39.0,5.71
2026-09-15T06:00:00+00:00,30.22,0.11,30.33,0.0,0.0,summer,weekday,off_peak,98.0,67.67,ultra_low_overnight,39.0,8.67
2026-09-15T07:00:00+00:00,27.92,0.02,27.94,0.0,0.0,summer,weekday,off_peak,98.0,70.06,ultra_low_overnight,39.0,11.06
2026-09-15T08:00:00+00:00,29.16,0.19,29.35,0.0,0.0,summer,weekday,off_peak,98.0,68.65,ultra_low_overnight,39.0,9.65
2026-09-15T09:00:00+00:00,32.62,0.03,32.65,0.0,0.0,summer,weekday,off_peak,98.0,65.35,ultra_low_overnight,39.0,6.35
2026-09-15T10:00:00+00:00,40.82,0.22,41.04,0.0,0.0,summer,weekday,off_peak,98.0,56.96,ultra_low_overnight,39.0,-2.04
2026-09-15T11:00:00+00:00,40.59,0.32,40.91,9.0,0.000482,summer,weekday,mid_peak,157.0,116.09,mid_peak,157.0,116.09
2026-09-15T12:00:00+00:00,35.83,0.02,35.85,48.0,0.002559,summer,weekday,mid_peak,157.0,121.15,mid_peak,157.0,121.15
2026-09-15T13:00:00+00:00,32.58,0.16,32.74,161.0,0.008819,summer,weekday,mid_peak,157.0,124.26,mid_peak,157.0,124.26
2026-09-15T14:00:00+00:00,35.81,0.08,35.89,153.0,0.008286,summer,weekday,mid_peak,157.0,121.11,mid_peak,157.0,121.11
2026-09-15T15:00:00+00:00,35.89,0.05,35.94,107.0,0.005767,summer,weekday,on_peak,203.0,167.06,mid_peak,157.0,121.06
2026-09-15T16:00:00+00:00,37.67,0.01,37.68,142.0,0.007387,summer,weekday,on_peak,203.0,165.32,mid_peak,157.0,119.32
2026-09-15T17:00:00+00:00,38.12,-0.09,38.03,153.0,0.007727,summer,weekday,on_peak,203.0,164.97,mid_peak,157.0,118.97
2026-09-15T18:00:00+00:00,42.94,-0.36,42.58,160.0,0.008011,summer,weekday,on_peak,203.0,160.42,mid_peak,157.0,114.42
2026-09-15T19:00:00+00:00,40.31,-0.16,40.15,153.0,0.007734,summer,weekday,on_peak,203.0,162.85,mid_peak,157.0,116.85
2026-09-15T20:00:00+00:00,43.72,0.55,44.27,113.0,0.005704,summer,weekday,on_peak,203.0,158.73,on_peak,391.0,346.73
2026-09-15T21:00:00+00:00,50.86,0.77,51.63,61.0,0.00301,summer,weekday,mid_peak,157.0,105.37,on_peak,391.0,339.37
2026-09-15T22:00:00+00:00,55.74,0.0,55.74,18.0,0.000862,summer,weekday,mid_peak,157.0,101.26,on_peak,391.0,335.26
2026-09-15T23:00:00+00:00,55.35,-0.41,54.94,0.0,0.0,summer,weekday,off_peak,98.0,43.06,on_peak,391.0,336.06
2026-09-16T00:00:00+00:00,53.77,-0.24,53.53,0.0,0.0,summer,weekday,off_peak,98.0,44.47,on_peak,391.0,337.47
2026-09-16T01:00:00+00:00,47.02,-0.5,46.52,0.0,0.0,summer,weekday,off_peak,98.0,51.48,mid_peak,157.0,110.48
2026-09-16T02:00:00+00:00,43.64,-0.06,43.58,0.0,0.0,summer,weekday,off_peak,98.0,54.42,mid_peak,157.0,113.42
2026-09-16T03:00:00+00:00,41.34,-0.03,41.31,0.0,0.0,summer,weekday,off_peak,98.0,56.69,ultra_low_overnight,39.0,-2.31
2026-09-16T04:00:00+00:00,38.96,0.03,38.99,0.0,0.0,summer,weekday,off_peak,98.0,59.01,ultra_low_overnight,39.0,0.01
